ISO-10303-21;
HEADER;
FILE_DESCRIPTION (( 'STEP AP214' ),
    '1' );
FILE_NAME ('Part7^Lucky15.STEP',
    '2026-08-31T20:06:32',
    ( '' ),
    ( '' ),
    'SwSTEP 2.0',
    'SolidWorks 2026',
    '' );
FILE_SCHEMA (( 'AUTOMOTIVE_DESIGN' ));
ENDSEC;

DATA;
#1 = AXIS2_PLACEMENT_3D ( 'NONE', #1784, #810, #2078 ) ;
#2 = EDGE_CURVE ( 'NONE', #1862, #2010, #402, .T. ) ;
#3 = CARTESIAN_POINT ( 'NONE',  ( 30.58124999999999361, 4.610000000000042064, -3.999999999999973355 ) ) ;
#4 = CIRCLE ( 'NONE', #1009, 2.500000000000000444 ) ;
#5 = AXIS2_PLACEMENT_3D ( 'NONE', #622, #787, #466 ) ;
#6 = DIRECTION ( 'NONE',  ( 7.888609052210116302E-31, 1.000000000000000000, 1.051326443096836774E-14 ) ) ;
#7 = CIRCLE ( 'NONE', #348, 1.000000000000000888 ) ;
#8 = VECTOR ( 'NONE', #435, 1000.000000000000000 ) ;
#9 = EDGE_LOOP ( 'NONE', ( #1665, #284, #1581, #1964 ) ) ;
#10 = DIRECTION ( 'NONE',  ( 0.000000000000000000, 1.000000000000000000, 1.051257668248692417E-14 ) ) ;
#11 = ORIENTED_EDGE ( 'NONE', *, *, #1183, .F. ) ;
#12 = FACE_OUTER_BOUND ( 'NONE', #2042, .T. ) ;
#13 = FACE_OUTER_BOUND ( 'NONE', #439, .T. ) ;
#14 = LINE ( 'NONE', #475, #1110 ) ;
#15 = ADVANCED_FACE ( 'NONE', ( #1348, #1840, #372 ), #1996, .T. ) ;
#16 = ORIENTED_EDGE ( 'NONE', *, *, #463, .F. ) ;
#17 = PLANE ( 'NONE',  #1243 ) ;
#18 = EDGE_CURVE ( 'NONE', #414, #1709, #1371, .T. ) ;
#19 = VERTEX_POINT ( 'NONE', #1010 ) ;
#20 = PLANE ( 'NONE',  #1134 ) ;
#21 = DIRECTION ( 'NONE',  ( -1.000000000000000000, -2.130542882016190546E-32, 1.745577861502615545E-16 ) ) ;
#22 = CARTESIAN_POINT ( 'NONE',  ( 30.08307474683436666, 11.61000000000001009, 15.43980528630373072 ) ) ;
#23 = ORIENTED_EDGE ( 'NONE', *, *, #1360, .F. ) ;
#24 = EDGE_CURVE ( 'NONE', #293, #655, #385, .T. ) ;
#25 = CARTESIAN_POINT ( 'NONE',  ( -8.000000000000003553, 14.11000000000000121, 2.692542726157730754E-15 ) ) ;
#26 = LINE ( 'NONE', #1312, #953 ) ;
#27 = PRODUCT_DEFINITION_CONTEXT ( 'detailed design', #310, 'design' ) ;
#28 = ORIENTED_EDGE ( 'NONE', *, *, #1131, .F. ) ;
#29 = DIRECTION ( 'NONE',  ( 0.000000000000000000, 1.084202172485498439E-14, -1.000000000000000000 ) ) ;
#30 = AXIS2_PLACEMENT_3D ( 'NONE', #904, #183, #979 ) ;
#31 = ORIENTED_EDGE ( 'NONE', *, *, #1476, .T. ) ;
#32 = CARTESIAN_POINT ( 'NONE',  ( 66.38088549413696171, 5.198627098808364266, -8.000000000000000000 ) ) ;
#33 = CIRCLE ( 'NONE', #604, 5.000000000000000000 ) ;
#34 = CYLINDRICAL_SURFACE ( 'NONE', #2057, 3.999999999999999112 ) ;
#35 = CIRCLE ( 'NONE', #1418, 4.000000000000001776 ) ;
#36 = ORIENTED_EDGE ( 'NONE', *, *, #420, .F. ) ;
#37 = CARTESIAN_POINT ( 'NONE',  ( 72.68088549413697308, 1.610000000000000986, 8.134386544436017275 ) ) ;
#38 = VECTOR ( 'NONE', #1437, 1000.000000000000000 ) ;
#39 = DIRECTION ( 'NONE',  ( 0.000000000000000000, 1.000000000000000000, 1.051257668248692417E-14 ) ) ;
#40 = EDGE_CURVE ( 'NONE', #1415, #1611, #1021, .T. ) ;
#41 = AXIS2_PLACEMENT_3D ( 'NONE', #1440, #177, #1471 ) ;
#42 = ORIENTED_EDGE ( 'NONE', *, *, #251, .T. ) ;
#43 = DIRECTION ( 'NONE',  ( 0.000000000000000000, -1.220537295415852614E-16, 1.000000000000000000 ) ) ;
#44 = EDGE_CURVE ( 'NONE', #1333, #1415, #232, .T. ) ;
#45 = CYLINDRICAL_SURFACE ( 'NONE', #1448, 1.000000000000000888 ) ;
#46 = DIRECTION ( 'NONE',  ( 0.000000000000000000, 0.000000000000000000, 1.000000000000000000 ) ) ;
#47 = ADVANCED_FACE ( 'NONE', ( #1500 ), #45, .F. ) ;
#48 = CARTESIAN_POINT ( 'NONE',  ( -3.000000000000003997, 14.11000000000000121, -2.999999999999998224 ) ) ;
#49 = EDGE_LOOP ( 'NONE', ( #23, #1613, #1675, #1973 ) ) ;
#50 = CARTESIAN_POINT ( 'NONE',  ( 72.68088549413697308, 4.198627098808364266, -8.000000000000000000 ) ) ;
#51 = FACE_OUTER_BOUND ( 'NONE', #993, .T. ) ;
#52 = VERTEX_POINT ( 'NONE', #852 ) ;
#53 = DIRECTION ( 'NONE',  ( -2.366582715663034716E-30, -1.000000000000000000, -1.051257668248692417E-14 ) ) ;
#54 = CARTESIAN_POINT ( 'NONE',  ( 2.352542475351290019, 14.11000000000001187, 96.32636048440137699 ) ) ;
#55 = EDGE_CURVE ( 'NONE', #1247, #120, #1986, .T. ) ;
#56 = FACE_OUTER_BOUND ( 'NONE', #331, .T. ) ;
#57 = CARTESIAN_POINT ( 'NONE',  ( 8.369814204394933406E-30, 4.609999999998929177, 101.8218750000000341 ) ) ;
#58 = ORIENTED_EDGE ( 'NONE', *, *, #1189, .F. ) ;
#59 = CARTESIAN_POINT ( 'NONE',  ( 89.16250000000003695, 14.10999999999998877, 104.5218750000000085 ) ) ;
#60 = CARTESIAN_POINT ( 'NONE',  ( 72.68088549413697308, 1.610000000000000986, 8.134386544436017275 ) ) ;
#61 = ORIENTED_EDGE ( 'NONE', *, *, #801, .F. ) ;
#62 = DIRECTION ( 'NONE',  ( 0.000000000000000000, 0.000000000000000000, 1.000000000000000000 ) ) ;
#63 = CARTESIAN_POINT ( 'NONE',  ( 79.50254247535129082, 14.11000000000001187, -1.203824594113576748E-14 ) ) ;
#64 = DIRECTION ( 'NONE',  ( -0.000000000000000000, 0.000000000000000000, 1.000000000000000000 ) ) ;
#65 = VECTOR ( 'NONE', #1829, 1000.000000000000000 ) ;
#66 = EDGE_CURVE ( 'NONE', #393, #350, #762, .T. ) ;
#67 = CARTESIAN_POINT ( 'NONE',  ( 50.58124999999999716, 4.609999999998904308, 104.2218750000000398 ) ) ;
#68 = AXIS2_PLACEMENT_3D ( 'NONE', #222, #1679, #62 ) ;
#69 = AXIS2_PLACEMENT_3D ( 'NONE', #96, #1239, #1881 ) ;
#70 = VERTEX_POINT ( 'NONE', #939 ) ;
#71 = DIRECTION ( 'NONE',  ( 0.000000000000000000, 0.000000000000000000, 1.000000000000000000 ) ) ;
#72 = LINE ( 'NONE', #2012, #1960 ) ;
#73 = AXIS2_PLACEMENT_3D ( 'NONE', #1248, #1854, #125 ) ;
#74 = EDGE_CURVE ( 'NONE', #563, #1833, #2036, .T. ) ;
#75 = VECTOR ( 'NONE', #2045, 1000.000000000000000 ) ;
#76 = ORIENTED_EDGE ( 'NONE', *, *, #267, .T. ) ;
#77 = CARTESIAN_POINT ( 'NONE',  ( 89.16350000000002751, 10.42980287296437858, 7.300862328147803559 ) ) ;
#78 = AXIS2_PLACEMENT_3D ( 'NONE', #501, #538, #1164 ) ;
#79 = ORIENTED_EDGE ( 'NONE', *, *, #403, .F. ) ;
#80 = CARTESIAN_POINT ( 'NONE',  ( -2.999999999999988898, 14.10999999999998877, 104.5218750000000085 ) ) ;
#81 = CARTESIAN_POINT ( 'NONE',  ( 65.38088549413696171, 4.198627098808364266, 0.000000000000000000 ) ) ;
#82 = VERTEX_POINT ( 'NONE', #110 ) ;
#83 = LINE ( 'NONE', #922, #1250 ) ;
#84 = CARTESIAN_POINT ( 'NONE',  ( 8.369814204394933406E-30, 4.610000000000028741, -2.799999999999966516 ) ) ;
#85 = VERTEX_POINT ( 'NONE', #462 ) ;
#86 = PLANE ( 'NONE',  #1381 ) ;
#87 = EDGE_CURVE ( 'NONE', #1019, #655, #594, .T. ) ;
#88 = ORIENTED_EDGE ( 'NONE', *, *, #107, .T. ) ;
#89 = CARTESIAN_POINT ( 'NONE',  ( 81.16250000000002274, 11.61000000000000121, 1.421814933810077105E-15 ) ) ;
#90 = CARTESIAN_POINT ( 'NONE',  ( 72.68088549413697308, 4.198627098808364266, -8.000000000000000000 ) ) ;
#91 = VERTEX_POINT ( 'NONE', #1906 ) ;
#92 = DIRECTION ( 'NONE',  ( 0.000000000000000000, -1.220537295415852614E-16, 1.000000000000000000 ) ) ;
#93 = DIRECTION ( 'NONE',  ( 0.000000000000000000, -1.000000000000000000, -1.224646799147353207E-16 ) ) ;
#94 = ADVANCED_FACE ( 'NONE', ( #97 ), #121, .F. ) ;
#95 = ORIENTED_EDGE ( 'NONE', *, *, #1535, .T. ) ;
#96 = CARTESIAN_POINT ( 'NONE',  ( 53.88307474683436027, 11.61000000000001009, 15.43980528630373072 ) ) ;
#97 = FACE_OUTER_BOUND ( 'NONE', #1994, .T. ) ;
#98 = CARTESIAN_POINT ( 'NONE',  ( -8.000000000000005329, 11.61000000000000298, -2.999999999999999112 ) ) ;
#99 = CLOSED_SHELL ( 'NONE', ( #1549, #900, #488, #1915, #1593, #1222, #94, #141, #1258, #291, #1763, #15, #740, #1069, #587, #949, #1445, #777, #122, #1292, #1876, #133, #447, #1082, #1918, #1380, #212, #1128, #114, #1673, #1142, #2065, #1095, #47, #1653, #1852, #1414, #1054, #1641, #438, #1782, #512, #1018, #1893, #426, #610, #1470, #1540, #1633, #171, #1209, #395, #711, #1152, #379, #1839, #832, #616, #1987, #1963, #1170, #261, #454, #661, #1000 ) ) ;
#100 = ORIENTED_EDGE ( 'NONE', *, *, #959, .T. ) ;
#101 = CARTESIAN_POINT ( 'NONE',  ( 50.58124999999999716, 4.610000000000028741, -2.799999999999966516 ) ) ;
#102 = CARTESIAN_POINT ( 'NONE',  ( 89.16250000000003695, 1.609999999999986553, 102.0218750000000085 ) ) ;
#103 = VECTOR ( 'NONE', #1561, 1000.000000000000000 ) ;
#104 = MANIFOLD_SOLID_BREP ( 'Boss-Extrude3', #99 ) ;
#105 = ORIENTED_EDGE ( 'NONE', *, *, #276, .T. ) ;
#106 = LINE ( 'NONE', #2076, #1550 ) ;
#107 = EDGE_CURVE ( 'NONE', #1714, #1333, #1004, .T. ) ;
#108 = VECTOR ( 'NONE', #595, 1000.000000000000000 ) ;
#109 = ORIENTED_EDGE ( 'NONE', *, *, #968, .T. ) ;
#110 = CARTESIAN_POINT ( 'NONE',  ( 81.16250000000002274, 11.60999999999998877, 99.02187500000000853 ) ) ;
#111 = CIRCLE ( 'NONE', #650, 1.200000000000006617 ) ;
#112 = CIRCLE ( 'NONE', #716, 1.000000000000000888 ) ;
#113 = CARTESIAN_POINT ( 'NONE',  ( 71.68088549413697308, 4.198627098808364266, 8.134386544436017275 ) ) ;
#114 = ADVANCED_FACE ( 'NONE', ( #1894 ), #1257, .F. ) ;
#115 = ORIENTED_EDGE ( 'NONE', *, *, #1950, .T. ) ;
#116 = DIRECTION ( 'NONE',  ( -0.000000000000000000, 1.224646799147353207E-16, -1.000000000000000000 ) ) ;
#117 = DIRECTION ( 'NONE',  ( 0.000000000000000000, 1.000000000000000000, 1.220537295415852614E-16 ) ) ;
#118 = ORIENTED_EDGE ( 'NONE', *, *, #929, .F. ) ;
#119 = CYLINDRICAL_SURFACE ( 'NONE', #871, 2.000000000000000888 ) ;
#120 = VERTEX_POINT ( 'NONE', #1883 ) ;
#121 = CYLINDRICAL_SURFACE ( 'NONE', #1720, 1.000000000000000888 ) ;
#122 = ADVANCED_FACE ( 'NONE', ( #1070 ), #584, .F. ) ;
#123 = CARTESIAN_POINT ( 'NONE',  ( 79.50254247535130503, 14.11000000000001187, 96.32636048440136278 ) ) ;
#124 = VERTEX_POINT ( 'NONE', #1723 ) ;
#125 = DIRECTION ( 'NONE',  ( 0.000000000000000000, 0.000000000000000000, 1.000000000000000000 ) ) ;
#126 = PLANE ( 'NONE',  #1423 ) ;
#127 = ORIENTED_EDGE ( 'NONE', *, *, #793, .T. ) ;
#128 = DIRECTION ( 'NONE',  ( 0.000000000000000000, 0.000000000000000000, 1.000000000000000000 ) ) ;
#129 = CARTESIAN_POINT ( 'NONE',  ( 65.38088549413696171, 1.610000000000002096, 0.000000000000000000 ) ) ;
#130 = ORIENTED_EDGE ( 'NONE', *, *, #801, .T. ) ;
#131 = DIRECTION ( 'NONE',  ( 0.000000000000000000, 0.000000000000000000, 1.000000000000000000 ) ) ;
#132 = CARTESIAN_POINT ( 'NONE',  ( 0.000000000000000000, 14.11000000000000121, -7.999999999999998224 ) ) ;
#133 = ADVANCED_FACE ( 'NONE', ( #1734 ), #895, .T. ) ;
#134 = EDGE_LOOP ( 'NONE', ( #218, #537, #961, #1765 ) ) ;
#135 = LINE ( 'NONE', #1261, #1824 ) ;
#136 = AXIS2_PLACEMENT_3D ( 'NONE', #54, #753, #1267 ) ;
#137 = EDGE_LOOP ( 'NONE', ( #1260, #1073, #423, #969 ) ) ;
#138 = DIRECTION ( 'NONE',  ( 0.000000000000000000, 1.000000000000000000, 1.051257668248692417E-14 ) ) ;
#139 = CARTESIAN_POINT ( 'NONE',  ( 30.58124999999999361, 4.610000000000042064, -3.999999999999973355 ) ) ;
#140 = VECTOR ( 'NONE', #351, 1000.000000000000000 ) ;
#141 = ADVANCED_FACE ( 'NONE', ( #1874 ), #1541, .F. ) ;
#142 = AXIS2_PLACEMENT_3D ( 'NONE', #1821, #1666, #1643 ) ;
#143 = ORIENTED_EDGE ( 'NONE', *, *, #1200, .F. ) ;
#144 = DIRECTION ( 'NONE',  ( -1.000000000000000000, 0.000000000000000000, 0.000000000000000000 ) ) ;
#145 = CIRCLE ( 'NONE', #1724, 2.000000000000000000 ) ;
#146 = CIRCLE ( 'NONE', #1594, 2.000000000000000000 ) ;
#147 = CARTESIAN_POINT ( 'NONE',  ( 66.38088549413696171, 4.198627098808364266, -6.349999999999949019 ) ) ;
#148 =( GEOMETRIC_REPRESENTATION_CONTEXT ( 3 ) GLOBAL_UNCERTAINTY_ASSIGNED_CONTEXT ( ( #1186 ) ) GLOBAL_UNIT_ASSIGNED_CONTEXT ( ( #1750, #1125, #2082 ) ) REPRESENTATION_CONTEXT ( 'NONE', 'WORKASPACE' ) );
#149 = ORIENTED_EDGE ( 'NONE', *, *, #723, .F. ) ;
#150 = CARTESIAN_POINT ( 'NONE',  ( 55.88307474683436027, 11.61000000000000121, 6.139805286303724685 ) ) ;
#151 = ORIENTED_EDGE ( 'NONE', *, *, #1166, .F. ) ;
#152 = EDGE_CURVE ( 'NONE', #1636, #1019, #1818, .T. ) ;
#153 = DIRECTION ( 'NONE',  ( 0.000000000000000000, -0.000000000000000000, -1.000000000000000000 ) ) ;
#154 = VERTEX_POINT ( 'NONE', #821 ) ;
#155 = EDGE_CURVE ( 'NONE', #752, #180, #1650, .T. ) ;
#156 = DIRECTION ( 'NONE',  ( -0.000000000000000000, -1.000000000000000000, -1.224646799147353207E-16 ) ) ;
#157 = DIRECTION ( 'NONE',  ( 0.000000000000000000, 1.000000000000000000, 1.224646799147353207E-16 ) ) ;
#158 = ORIENTED_EDGE ( 'NONE', *, *, #1788, .T. ) ;
#159 = FACE_OUTER_BOUND ( 'NONE', #558, .T. ) ;
#160 = ORIENTED_EDGE ( 'NONE', *, *, #968, .F. ) ;
#161 = DIRECTION ( 'NONE',  ( 1.000000000000000000, -7.888609052210116302E-31, -8.292960757951934959E-45 ) ) ;
#162 = EDGE_CURVE ( 'NONE', #1701, #2035, #1936, .T. ) ;
#163 = ORIENTED_EDGE ( 'NONE', *, *, #1767, .T. ) ;
#164 = DIRECTION ( 'NONE',  ( -1.000000000000000000, -0.000000000000000000, 0.000000000000000000 ) ) ;
#165 = FACE_OUTER_BOUND ( 'NONE', #569, .T. ) ;
#166 = CARTESIAN_POINT ( 'NONE',  ( 0.000000000000000000, 3.298627098808364355, 0.000000000000000000 ) ) ;
#167 = EDGE_LOOP ( 'NONE', ( #1368, #230, #845, #1738 ) ) ;
#168 = ORIENTED_EDGE ( 'NONE', *, *, #281, .F. ) ;
#169 = CARTESIAN_POINT ( 'NONE',  ( -3.000000000000003997, 11.61000000000000121, -2.999999999999998668 ) ) ;
#170 = CIRCLE ( 'NONE', #68, 1.000000000000000888 ) ;
#171 = ADVANCED_FACE ( 'NONE', ( #636 ), #970, .T. ) ;
#172 = LINE ( 'NONE', #1937, #618 ) ;
#173 = CIRCLE ( 'NONE', #1347, 5.000000000000004441 ) ;
#174 = VECTOR ( 'NONE', #347, 1000.000000000000000 ) ;
#175 = EDGE_CURVE ( 'NONE', #818, #609, #1628, .T. ) ;
#176 = DIRECTION ( 'NONE',  ( 1.745577861502615545E-16, -1.224646799147353207E-16, 1.000000000000000000 ) ) ;
#177 = DIRECTION ( 'NONE',  ( 0.000000000000000000, 0.000000000000000000, 1.000000000000000000 ) ) ;
#178 = VECTOR ( 'NONE', #1331, 1000.000000000000000 ) ;
#179 = VECTOR ( 'NONE', #1237, 1000.000000000000000 ) ;
#180 = VERTEX_POINT ( 'NONE', #340 ) ;
#181 = CARTESIAN_POINT ( 'NONE',  ( 55.88307474683436027, 11.60999999999999943, 15.43980528630373072 ) ) ;
#182 = VERTEX_POINT ( 'NONE', #500 ) ;
#183 = DIRECTION ( 'NONE',  ( -0.000000000000000000, -1.000000000000000000, -1.220537295415852614E-16 ) ) ;
#184 = DIRECTION ( 'NONE',  ( 1.000000000000000000, 0.000000000000000000, -0.000000000000000000 ) ) ;
#185 = EDGE_CURVE ( 'NONE', #1862, #1727, #493, .T. ) ;
#186 = LINE ( 'NONE', #1479, #1455 ) ;
#187 = PRODUCT_DEFINITION ( 'UNKNOWN', '', #1216, #27 ) ;
#188 = ORIENTED_EDGE ( 'NONE', *, *, #1827, .T. ) ;
#189 = DIRECTION ( 'NONE',  ( 1.000000000000000000, 0.000000000000000000, -0.000000000000000000 ) ) ;
#190 = VERTEX_POINT ( 'NONE', #800 ) ;
#191 = FACE_OUTER_BOUND ( 'NONE', #1382, .T. ) ;
#192 = ORIENTED_EDGE ( 'NONE', *, *, #1450, .T. ) ;
#193 = CYLINDRICAL_SURFACE ( 'NONE', #413, 1.000000000000000888 ) ;
#194 = LINE ( 'NONE', #207, #542 ) ;
#195 = EDGE_CURVE ( 'NONE', #1240, #1116, #870, .T. ) ;
#196 = ORIENTED_EDGE ( 'NONE', *, *, #1950, .F. ) ;
#197 = DIRECTION ( 'NONE',  ( 0.000000000000000000, 0.000000000000000000, 1.000000000000000000 ) ) ;
#198 = FACE_OUTER_BOUND ( 'NONE', #719, .T. ) ;
#199 = UNCERTAINTY_MEASURE_WITH_UNIT (LENGTH_MEASURE( 1.000000000000000082E-05 ), #1552, 'distance_accuracy_value', 'NONE');
#200 = ORIENTED_EDGE ( 'NONE', *, *, #754, .T. ) ;
#201 = DIRECTION ( 'NONE',  ( 0.000000000000000000, 1.000000000000000000, 0.000000000000000000 ) ) ;
#202 = EDGE_CURVE ( 'NONE', #2069, #1684, #2086, .T. ) ;
#203 = VERTEX_POINT ( 'NONE', #792 ) ;
#204 = FACE_OUTER_BOUND ( 'NONE', #1622, .T. ) ;
#205 = CIRCLE ( 'NONE', #479, 1.000000000000000000 ) ;
#206 = VECTOR ( 'NONE', #1184, 1000.000000000000000 ) ;
#207 = CARTESIAN_POINT ( 'NONE',  ( 89.16350000000002751, 2.429802872964375915, 14.29086232814780288 ) ) ;
#208 = VECTOR ( 'NONE', #92, 1000.000000000000000 ) ;
#209 = ORIENTED_EDGE ( 'NONE', *, *, #959, .F. ) ;
#210 = DIRECTION ( 'NONE',  ( -1.000000000000000000, 0.000000000000000000, 0.000000000000000000 ) ) ;
#211 = VECTOR ( 'NONE', #1532, 1000.000000000000000 ) ;
#212 = ADVANCED_FACE ( 'NONE', ( #12 ), #20, .T. ) ;
#213 = ORIENTED_EDGE ( 'NONE', *, *, #1356, .T. ) ;
#214 = PLANE ( 'NONE',  #446 ) ;
#215 = DIRECTION ( 'NONE',  ( 0.000000000000000000, 0.000000000000000000, 1.000000000000000000 ) ) ;
#216 = CARTESIAN_POINT ( 'NONE',  ( 1.698907402021940573E-14, 14.11000000000001187, 97.32636048440137699 ) ) ;
#217 = DIRECTION ( 'NONE',  ( 0.000000000000000000, 0.000000000000000000, 1.000000000000000000 ) ) ;
#218 = ORIENTED_EDGE ( 'NONE', *, *, #1314, .F. ) ;
#219 = FACE_OUTER_BOUND ( 'NONE', #1256, .T. ) ;
#220 = CARTESIAN_POINT ( 'NONE',  ( 72.68088549413697308, 1.610000000000000986, 0.000000000000000000 ) ) ;
#221 = VERTEX_POINT ( 'NONE', #658 ) ;
#222 = CARTESIAN_POINT ( 'NONE',  ( 78.50254247535130503, 11.61000000000001009, 96.32636048440136278 ) ) ;
#223 = EDGE_CURVE ( 'NONE', #1796, #70, #835, .T. ) ;
#224 = DIRECTION ( 'NONE',  ( 0.000000000000000000, 1.000000000000000000, 1.224646799147353207E-16 ) ) ;
#225 = DIRECTION ( 'NONE',  ( 0.000000000000000000, 0.000000000000000000, -1.000000000000000000 ) ) ;
#226 = LINE ( 'NONE', #1341, #1759 ) ;
#227 = ORIENTED_EDGE ( 'NONE', *, *, #1746, .F. ) ;
#228 = CARTESIAN_POINT ( 'NONE',  ( 55.88307474683436027, 14.11000000000001187, 6.139805286303724685 ) ) ;
#229 = DIRECTION ( 'NONE',  ( 0.000000000000000000, -1.220537295415852614E-16, 1.000000000000000000 ) ) ;
#230 = ORIENTED_EDGE ( 'NONE', *, *, #1889, .F. ) ;
#231 = CYLINDRICAL_SURFACE ( 'NONE', #1449, 5.000000000000004441 ) ;
#232 = LINE ( 'NONE', #1491, #705 ) ;
#233 = DIRECTION ( 'NONE',  ( 4.274692070788373976E-17, -1.224646799147353207E-16, 1.000000000000000000 ) ) ;
#234 = VECTOR ( 'NONE', #1797, 1000.000000000000000 ) ;
#235 = DIRECTION ( 'NONE',  ( -1.000000000000000000, -0.000000000000000000, 0.000000000000000000 ) ) ;
#236 = VECTOR ( 'NONE', #1409, 1000.000000000000000 ) ;
#237 = EDGE_CURVE ( 'NONE', #70, #791, #1141, .T. ) ;
#238 = VERTEX_POINT ( 'NONE', #313 ) ;
#239 = FACE_OUTER_BOUND ( 'NONE', #526, .T. ) ;
#240 = CARTESIAN_POINT ( 'NONE',  ( 0.000000000000000000, 2.429802872964375915, 14.29086232814781532 ) ) ;
#241 = AXIS2_PLACEMENT_3D ( 'NONE', #1046, #1074, #1728 ) ;
#242 = VECTOR ( 'NONE', #1757, 1000.000000000000000 ) ;
#243 = VERTEX_POINT ( 'NONE', #353 ) ;
#244 = CARTESIAN_POINT ( 'NONE',  ( 66.38088549413696171, 4.198627098808364266, -8.000000000000000000 ) ) ;
#245 = VECTOR ( 'NONE', #425, 1000.000000000000000 ) ;
#246 = DIRECTION ( 'NONE',  ( 0.000000000000000000, 1.000000000000000000, 1.220537295415852614E-16 ) ) ;
#247 = AXIS2_PLACEMENT_3D ( 'NONE', #570, #976, #1625 ) ;
#248 = CARTESIAN_POINT ( 'NONE',  ( 89.16250000000003695, 1.609999999999987441, 102.0218750000000085 ) ) ;
#249 = CARTESIAN_POINT ( 'NONE',  ( 71.68088549413697308, 4.198627098808364266, -5.149999999999925748 ) ) ;
#250 = PRODUCT_DEFINITION_SHAPE ( 'NONE', 'NONE',  #187 ) ;
#251 = EDGE_CURVE ( 'NONE', #221, #503, #1130, .T. ) ;
#252 = ORIENTED_EDGE ( 'NONE', *, *, #862, .F. ) ;
#253 = LINE ( 'NONE', #1085, #482 ) ;
#254 = DIRECTION ( 'NONE',  ( 1.738079827277371684E-16, -1.220537295415852614E-16, 1.000000000000000000 ) ) ;
#255 = ORIENTED_EDGE ( 'NONE', *, *, #358, .F. ) ;
#256 = DIRECTION ( 'NONE',  ( 0.000000000000000000, -4.963443421965113083E-16, -1.000000000000000000 ) ) ;
#257 = CARTESIAN_POINT ( 'NONE',  ( 50.58124999999999716, 4.609999999998929177, 101.8218750000000341 ) ) ;
#258 = LINE ( 'NONE', #781, #1662 ) ;
#259 = DIRECTION ( 'NONE',  ( 1.206534653326983057E-16, -1.220537295415852614E-16, 1.000000000000000000 ) ) ;
#260 = ORIENTED_EDGE ( 'NONE', *, *, #1580, .T. ) ;
#261 = ADVANCED_FACE ( 'NONE', ( #191 ), #673, .T. ) ;
#262 = CARTESIAN_POINT ( 'NONE',  ( 65.38088549413696171, 3.298627098808364355, -5.149999999999924860 ) ) ;
#263 = CARTESIAN_POINT ( 'NONE',  ( -8.000000000000003553, 1.610000000000000320, -2.999999999999999556 ) ) ;
#264 = ORIENTED_EDGE ( 'NONE', *, *, #1510, .T. ) ;
#265 = EDGE_CURVE ( 'NONE', #655, #154, #407, .T. ) ;
#266 = LINE ( 'NONE', #902, #1072 ) ;
#267 = EDGE_CURVE ( 'NONE', #91, #350, #952, .T. ) ;
#268 = LINE ( 'NONE', #123, #314 ) ;
#269 = ORIENTED_EDGE ( 'NONE', *, *, #1836, .T. ) ;
#270 = LINE ( 'NONE', #2039, #709 ) ;
#271 = CARTESIAN_POINT ( 'NONE',  ( 79.50254247535129082, 11.61000000000000121, -1.239702322565774261E-14 ) ) ;
#272 = AXIS2_PLACEMENT_3D ( 'NONE', #860, #1020, #1669 ) ;
#273 = ORIENTED_EDGE ( 'NONE', *, *, #202, .F. ) ;
#274 = CARTESIAN_POINT ( 'NONE',  ( 0.000000000000000000, 1.609999999999999876, 1.971681346627238489E-16 ) ) ;
#275 = AXIS2_PLACEMENT_3D ( 'NONE', #1264, #1781, #337 ) ;
#276 = EDGE_CURVE ( 'NONE', #1773, #85, #807, .T. ) ;
#277 = AXIS2_PLACEMENT_3D ( 'NONE', #1976, #1307, #823 ) ;
#278 = EDGE_LOOP ( 'NONE', ( #828, #11, #2077, #789 ) ) ;
#279 = DIRECTION ( 'NONE',  ( 0.000000000000000000, 1.000000000000000000, 1.224646799147353207E-16 ) ) ;
#280 = VECTOR ( 'NONE', #1460, 1000.000000000000000 ) ;
#281 = EDGE_CURVE ( 'NONE', #1361, #517, #1458, .T. ) ;
#282 = VECTOR ( 'NONE', #254, 1000.000000000000000 ) ;
#283 = DIRECTION ( 'NONE',  ( 0.000000000000000000, -1.000000000000000000, -1.224646799147353207E-16 ) ) ;
#284 = ORIENTED_EDGE ( 'NONE', *, *, #1499, .T. ) ;
#285 = CARTESIAN_POINT ( 'NONE',  ( -8.197303610924998223E-16, 14.11000000000001187, 19.17636048440135710 ) ) ;
#286 = CARTESIAN_POINT ( 'NONE',  ( -7.999999999999991118, 11.60999999999998877, 107.0218750000000227 ) ) ;
#287 = ORIENTED_EDGE ( 'NONE', *, *, #1564, .F. ) ;
#288 = PLANE ( 'NONE',  #2054 ) ;
#289 = VERTEX_POINT ( 'NONE', #1297 ) ;
#290 = CARTESIAN_POINT ( 'NONE',  ( 0.000000000000000000, 11.60999999999998877, 104.5218750000000085 ) ) ;
#291 = ADVANCED_FACE ( 'NONE', ( #1826, #1328, #1646 ), #86, .F. ) ;
#292 = DIRECTION ( 'NONE',  ( 0.000000000000000000, 1.220537295415852614E-16, -1.000000000000000000 ) ) ;
#293 = VERTEX_POINT ( 'NONE', #536 ) ;
#294 = EDGE_CURVE ( 'NONE', #1833, #987, #374, .T. ) ;
#295 = CARTESIAN_POINT ( 'NONE',  ( 2.352542475351290019, 14.11000000000001187, 19.17636048440135710 ) ) ;
#296 = CARTESIAN_POINT ( 'NONE',  ( 0.000000000000000000, 11.61000000000000121, 1.421153303709305452E-15 ) ) ;
#297 = ORIENTED_EDGE ( 'NONE', *, *, #422, .F. ) ;
#298 = DIRECTION ( 'NONE',  ( 0.000000000000000000, 0.000000000000000000, 1.000000000000000000 ) ) ;
#299 = LINE ( 'NONE', #561, #547 ) ;
#300 = ORIENTED_EDGE ( 'NONE', *, *, #1200, .T. ) ;
#301 = DIRECTION ( 'NONE',  ( -0.000000000000000000, 1.224646799147353207E-16, -1.000000000000000000 ) ) ;
#302 = LINE ( 'NONE', #1103, #280 ) ;
#303 = EDGE_LOOP ( 'NONE', ( #1148, #1395, #1820, #1140 ) ) ;
#304 = LINE ( 'NONE', #956, #712 ) ;
#305 = EDGE_CURVE ( 'NONE', #1319, #1163, #1507, .T. ) ;
#306 = ORIENTED_EDGE ( 'NONE', *, *, #185, .T. ) ;
#307 = CARTESIAN_POINT ( 'NONE',  ( 8.369814204394933406E-30, 4.610000000000055387, -5.199999999999963762 ) ) ;
#308 = DIRECTION ( 'NONE',  ( 0.000000000000000000, -1.000000000000000000, -1.734723475976806848E-16 ) ) ;
#309 = VECTOR ( 'NONE', #1488, 1000.000000000000000 ) ;
#310 = APPLICATION_CONTEXT ( 'automotive_design' ) ;
#311 = CIRCLE ( 'NONE', #275, 4.000000000000000888 ) ;
#312 = ORIENTED_EDGE ( 'NONE', *, *, #931, .T. ) ;
#313 = CARTESIAN_POINT ( 'NONE',  ( 55.88307474683436027, 14.11000000000001009, 15.43980528630373072 ) ) ;
#314 = VECTOR ( 'NONE', #763, 1000.000000000000000 ) ;
#315 = VECTOR ( 'NONE', #1052, 1000.000000000000000 ) ;
#316 = DIRECTION ( 'NONE',  ( 0.000000000000000000, -0.000000000000000000, -1.000000000000000000 ) ) ;
#317 = AXIS2_PLACEMENT_3D ( 'NONE', #1465, #1949, #1285 ) ;
#318 = EDGE_LOOP ( 'NONE', ( #732, #1843, #457, #1882 ) ) ;
#319 = CARTESIAN_POINT ( 'NONE',  ( 0.000000000000000000, 14.10999999999998877, 99.02187500000000853 ) ) ;
#320 = EDGE_CURVE ( 'NONE', #1129, #635, #1519, .T. ) ;
#321 = ORIENTED_EDGE ( 'NONE', *, *, #881, .T. ) ;
#322 = DIRECTION ( 'NONE',  ( -1.000000000000000000, 0.000000000000000000, -0.000000000000000000 ) ) ;
#323 = EDGE_LOOP ( 'NONE', ( #1591, #88, #109, #951, #1642, #1424, #383, #1597 ) ) ;
#324 = CARTESIAN_POINT ( 'NONE',  ( 1.270066057405828558E-30, 1.609999999998904086, 104.2218750000000114 ) ) ;
#325 = DIRECTION ( 'NONE',  ( 0.000000000000000000, -1.220537295415852614E-16, 1.000000000000000000 ) ) ;
#326 = DIRECTION ( 'NONE',  ( 0.000000000000000000, 0.000000000000000000, 1.000000000000000000 ) ) ;
#327 = APPLICATION_PROTOCOL_DEFINITION ( 'draft international standard', 'automotive_design', 1998, #310 ) ;
#328 = VERTEX_POINT ( 'NONE', #1345 ) ;
#329 = PLANE ( 'NONE',  #677 ) ;
#330 = EDGE_CURVE ( 'NONE', #1922, #52, #1135, .T. ) ;
#331 = EDGE_LOOP ( 'NONE', ( #1058, #1888, #432, #1861 ) ) ;
#332 = CARTESIAN_POINT ( 'NONE',  ( 0.000000000000000000, 6.429802872964377691, 7.300862328147813329 ) ) ;
#333 = EDGE_CURVE ( 'NONE', #1263, #328, #170, .T. ) ;
#334 = CARTESIAN_POINT ( 'NONE',  ( 0.000000000000000000, 1.609999999999999876, 1.965065045619522697E-16 ) ) ;
#335 = DIRECTION ( 'NONE',  ( 0.000000000000000000, 1.000000000000000000, 1.220537295415852614E-16 ) ) ;
#336 = ORIENTED_EDGE ( 'NONE', *, *, #817, .F. ) ;
#337 = DIRECTION ( 'NONE',  ( 0.000000000000000000, 0.000000000000000000, 1.000000000000000000 ) ) ;
#338 = AXIS2_PLACEMENT_3D ( 'NONE', #2070, #301, #279 ) ;
#339 = ORIENTED_EDGE ( 'NONE', *, *, #1866, .F. ) ;
#340 = CARTESIAN_POINT ( 'NONE',  ( 0.000000000000000000, 2.429802872964377691, 7.300862328147803559 ) ) ;
#341 = AXIS2_PLACEMENT_3D ( 'NONE', #169, #962, #1288 ) ;
#342 = EDGE_CURVE ( 'NONE', #1634, #697, #1369, .T. ) ;
#343 = CIRCLE ( 'NONE', #73, 2.500000000000000000 ) ;
#344 = CARTESIAN_POINT ( 'NONE',  ( 28.08307474683436311, 11.60999999999999943, 15.43980528630373072 ) ) ;
#345 = CIRCLE ( 'NONE', #1211, 1.999999999999999112 ) ;
#346 = AXIS2_PLACEMENT_3D ( 'NONE', #495, #933, #641 ) ;
#347 = DIRECTION ( 'NONE',  ( -2.366582715663034716E-30, -1.000000000000000000, -1.051257668248692417E-14 ) ) ;
#348 = AXIS2_PLACEMENT_3D ( 'NONE', #651, #473, #1907 ) ;
#349 = AXIS2_PLACEMENT_3D ( 'NONE', #1169, #1335, #229 ) ;
#350 = VERTEX_POINT ( 'NONE', #704 ) ;
#351 = DIRECTION ( 'NONE',  ( -0.000000000000000000, 1.000000000000000000, 1.224646799147353207E-16 ) ) ;
#352 = ORIENTED_EDGE ( 'NONE', *, *, #1314, .T. ) ;
#353 = CARTESIAN_POINT ( 'NONE',  ( 72.68088549413697308, 4.198627098808364266, -8.000000000000000000 ) ) ;
#354 = EDGE_CURVE ( 'NONE', #459, #791, #401, .T. ) ;
#355 = VERTEX_POINT ( 'NONE', #718 ) ;
#356 = CARTESIAN_POINT ( 'NONE',  ( 53.88307474683436027, 14.11000000000001187, 4.139805286303724685 ) ) ;
#357 = LINE ( 'NONE', #57, #1315 ) ;
#358 = EDGE_CURVE ( 'NONE', #791, #670, #33, .T. ) ;
#359 = EDGE_LOOP ( 'NONE', ( #1108, #1810, #1293, #1404 ) ) ;
#360 = CARTESIAN_POINT ( 'NONE',  ( 53.88307474683436027, 11.61000000000001009, 17.43980528630373072 ) ) ;
#361 = VERTEX_POINT ( 'NONE', #1982 ) ;
#362 = CARTESIAN_POINT ( 'NONE',  ( 30.58124999999999361, 4.610000000000055387, -5.199999999999963762 ) ) ;
#363 = ORIENTED_EDGE ( 'NONE', *, *, #874, .F. ) ;
#364 = CARTESIAN_POINT ( 'NONE',  ( 53.88307474683436027, 14.11000000000001187, 4.139805286303724685 ) ) ;
#365 = LINE ( 'NONE', #1966, #377 ) ;
#366 = ORIENTED_EDGE ( 'NONE', *, *, #2041, .T. ) ;
#367 = CARTESIAN_POINT ( 'NONE',  ( 84.16250000000002274, 14.10999999999998877, 102.0218750000000085 ) ) ;
#368 = CARTESIAN_POINT ( 'NONE',  ( 1.352542475351290019, 142.1439140023674668, 1.740694730002682666E-14 ) ) ;
#369 = EDGE_CURVE ( 'NONE', #1760, #1709, #645, .T. ) ;
#370 = EDGE_LOOP ( 'NONE', ( #1967, #1231, #2044, #1300 ) ) ;
#371 = DIRECTION ( 'NONE',  ( 0.000000000000000000, 4.963443421965113083E-16, 1.000000000000000000 ) ) ;
#372 = FACE_OUTER_BOUND ( 'NONE', #997, .T. ) ;
#373 = DIRECTION ( 'NONE',  ( 0.000000000000000000, 0.000000000000000000, 1.000000000000000000 ) ) ;
#374 = CIRCLE ( 'NONE', #272, 1.199999999999998845 ) ;
#375 = CIRCLE ( 'NONE', #908, 1.000000000000000888 ) ;
#376 = CARTESIAN_POINT ( 'NONE',  ( 65.38088549413696171, 4.198627098808364266, -6.349999999999949019 ) ) ;
#377 = VECTOR ( 'NONE', #692, 1000.000000000000000 ) ;
#378 = ORIENTED_EDGE ( 'NONE', *, *, #276, .F. ) ;
#379 = ADVANCED_FACE ( 'NONE', ( #1173 ), #231, .T. ) ;
#380 = DIRECTION ( 'NONE',  ( -1.000000000000000000, 0.000000000000000000, 0.000000000000000000 ) ) ;
#381 = CIRCLE ( 'NONE', #1726, 1.999999999999999112 ) ;
#382 = DIRECTION ( 'NONE',  ( 0.000000000000000000, 0.000000000000000000, 1.000000000000000000 ) ) ;
#383 = ORIENTED_EDGE ( 'NONE', *, *, #1304, .T. ) ;
#384 = DIRECTION ( 'NONE',  ( 0.000000000000000000, -1.220537295415852614E-16, 1.000000000000000000 ) ) ;
#385 = LINE ( 'NONE', #1661, #1171 ) ;
#386 = FACE_OUTER_BOUND ( 'NONE', #167, .T. ) ;
#387 = DIRECTION ( 'NONE',  ( 1.206534653326983057E-16, -1.220537295415852614E-16, 1.000000000000000000 ) ) ;
#388 = ORIENTED_EDGE ( 'NONE', *, *, #1446, .F. ) ;
#389 = CARTESIAN_POINT ( 'NONE',  ( -2.999999999999991562, 14.10999999999998877, 102.0218750000000085 ) ) ;
#390 = DIRECTION ( 'NONE',  ( -1.000000000000000000, 0.000000000000000000, 0.000000000000000000 ) ) ;
#391 = ORIENTED_EDGE ( 'NONE', *, *, #1767, .F. ) ;
#392 = DIRECTION ( 'NONE',  ( -0.000000000000000000, -1.000000000000000000, -1.220537295415852614E-16 ) ) ;
#393 = VERTEX_POINT ( 'NONE', #2005 ) ;
#394 = DIRECTION ( 'NONE',  ( 0.000000000000000000, 1.000000000000000000, 1.224646799147353207E-16 ) ) ;
#395 = ADVANCED_FACE ( 'NONE', ( #1971 ), #214, .F. ) ;
#396 = FACE_OUTER_BOUND ( 'NONE', #1853, .T. ) ;
#397 = ORIENTED_EDGE ( 'NONE', *, *, #497, .T. ) ;
#398 = LINE ( 'NONE', #360, #2055 ) ;
#399 = DIRECTION ( 'NONE',  ( 0.000000000000000000, 0.000000000000000000, -1.000000000000000000 ) ) ;
#400 = ORIENTED_EDGE ( 'NONE', *, *, #1008, .T. ) ;
#401 = LINE ( 'NONE', #549, #1104 ) ;
#402 = LINE ( 'NONE', #63, #905 ) ;
#403 = EDGE_CURVE ( 'NONE', #1751, #1885, #205, .T. ) ;
#404 = CYLINDRICAL_SURFACE ( 'NONE', #1255, 1.200000000000006617 ) ;
#405 = AXIS2_PLACEMENT_3D ( 'NONE', #729, #1755, #508 ) ;
#406 = CARTESIAN_POINT ( 'NONE',  ( -8.197303610924998223E-16, 142.1439140023674668, 19.17636048440137486 ) ) ;
#407 = CIRCLE ( 'NONE', #1, 1.000000000000000888 ) ;
#408 = CIRCLE ( 'NONE', #743, 1.999999999999999112 ) ;
#409 = ORIENTED_EDGE ( 'NONE', *, *, #803, .F. ) ;
#410 = FACE_OUTER_BOUND ( 'NONE', #1389, .T. ) ;
#411 = CARTESIAN_POINT ( 'NONE',  ( 81.16250000000002274, 1.609999999999999876, 1.971681346627238489E-16 ) ) ;
#412 = VECTOR ( 'NONE', #1696, 1000.000000000000000 ) ;
#413 = AXIS2_PLACEMENT_3D ( 'NONE', #1154, #1648, #659 ) ;
#414 = VERTEX_POINT ( 'NONE', #837 ) ;
#415 = CARTESIAN_POINT ( 'NONE',  ( 65.38088549413696171, 3.298627098808364355, -6.349999999999948130 ) ) ;
#416 = VECTOR ( 'NONE', #1227, 1000.000000000000000 ) ;
#417 = ORIENTED_EDGE ( 'NONE', *, *, #1079, .F. ) ;
#418 = DIRECTION ( 'NONE',  ( -1.000000000000000000, 5.217421098815632139E-33, -4.274692070788373976E-17 ) ) ;
#419 = CARTESIAN_POINT ( 'NONE',  ( 79.50254247535129082, 11.60999999999999943, 20.17636048440136065 ) ) ;
#420 = EDGE_CURVE ( 'NONE', #180, #221, #884, .T. ) ;
#421 = LINE ( 'NONE', #90, #813 ) ;
#422 = EDGE_CURVE ( 'NONE', #563, #966, #1498, .T. ) ;
#423 = ORIENTED_EDGE ( 'NONE', *, *, #1904, .F. ) ;
#424 = LINE ( 'NONE', #1056, #780 ) ;
#425 = DIRECTION ( 'NONE',  ( -0.000000000000000000, 1.000000000000000000, 1.224646799147353207E-16 ) ) ;
#426 = ADVANCED_FACE ( 'NONE', ( #996 ), #696, .T. ) ;
#427 = ORIENTED_EDGE ( 'NONE', *, *, #162, .F. ) ;
#428 = LINE ( 'NONE', #274, #676 ) ;
#429 = EDGE_LOOP ( 'NONE', ( #1080, #885, #1514, #31 ) ) ;
#430 = CARTESIAN_POINT ( 'NONE',  ( 71.68088549413697308, 4.198627098808364266, 8.134386544436017275 ) ) ;
#431 = CARTESIAN_POINT ( 'NONE',  ( 0.000000000000000000, 1.609999999999999876, 1.971681346627238489E-16 ) ) ;
#432 = ORIENTED_EDGE ( 'NONE', *, *, #294, .F. ) ;
#433 = DIRECTION ( 'NONE',  ( 0.000000000000000000, 0.000000000000000000, 1.000000000000000000 ) ) ;
#434 = EDGE_CURVE ( 'NONE', #1529, #635, #742, .T. ) ;
#435 = DIRECTION ( 'NONE',  ( -0.000000000000000000, -1.000000000000000000, -0.000000000000000000 ) ) ;
#436 = ORIENTED_EDGE ( 'NONE', *, *, #653, .T. ) ;
#437 = DIRECTION ( 'NONE',  ( 1.000000000000000000, -7.888609052210116302E-31, -8.292960757951936203E-45 ) ) ;
#438 = ADVANCED_FACE ( 'NONE', ( #779 ), #119, .F. ) ;
#439 = EDGE_LOOP ( 'NONE', ( #1287, #713, #1531, #744 ) ) ;
#440 = CARTESIAN_POINT ( 'NONE',  ( 55.88307474683436027, 142.1439140023674668, 1.740694730002682666E-14 ) ) ;
#441 = DIRECTION ( 'NONE',  ( 0.000000000000000000, -1.000000000000000000, -1.224646799147353207E-16 ) ) ;
#442 = VECTOR ( 'NONE', #1091, 1000.000000000000000 ) ;
#443 = ORIENTED_EDGE ( 'NONE', *, *, #728, .F. ) ;
#444 = LINE ( 'NONE', #1064, #208 ) ;
#445 = DIRECTION ( 'NONE',  ( 1.000000000000000000, 0.000000000000000000, -0.000000000000000000 ) ) ;
#446 = AXIS2_PLACEMENT_3D ( 'NONE', #77, #559, #371 ) ;
#447 = ADVANCED_FACE ( 'NONE', ( #592 ), #750, .T. ) ;
#448 = ORIENTED_EDGE ( 'NONE', *, *, #2006, .F. ) ;
#449 = FACE_OUTER_BOUND ( 'NONE', #639, .T. ) ;
#450 = AXIS2_PLACEMENT_3D ( 'NONE', #367, #1002, #1654 ) ;
#451 = VECTOR ( 'NONE', #1867, 1000.000000000000000 ) ;
#452 = VERTEX_POINT ( 'NONE', #769 ) ;
#453 = VECTOR ( 'NONE', #1339, 1000.000000000000000 ) ;
#454 = ADVANCED_FACE ( 'NONE', ( #1206 ), #288, .F. ) ;
#455 = AXIS2_PLACEMENT_3D ( 'NONE', #139, #1522, #1199 ) ;
#456 = CARTESIAN_POINT ( 'NONE',  ( 53.88307474683436027, 11.60999999999999943, 17.43980528630372717 ) ) ;
#457 = ORIENTED_EDGE ( 'NONE', *, *, #74, .F. ) ;
#458 = FACE_OUTER_BOUND ( 'NONE', #1573, .T. ) ;
#459 = VERTEX_POINT ( 'NONE', #1582 ) ;
#460 = CARTESIAN_POINT ( 'NONE',  ( -8.000000000000001776, 2.429802872964375915, 14.29086232814781532 ) ) ;
#461 = DIRECTION ( 'NONE',  ( -1.000000000000000000, -1.477578801257251320E-32, 1.206534653326983057E-16 ) ) ;
#462 = CARTESIAN_POINT ( 'NONE',  ( -2.999999999999991562, 11.60999999999998877, 107.0218750000000227 ) ) ;
#463 = EDGE_CURVE ( 'NONE', #1238, #2061, #2052, .T. ) ;
#464 = LINE ( 'NONE', #334, #1555 ) ;
#465 = ORIENTED_EDGE ( 'NONE', *, *, #1953, .T. ) ;
#466 = DIRECTION ( 'NONE',  ( 0.000000000000000000, 0.000000000000000000, 1.000000000000000000 ) ) ;
#467 = ORIENTED_EDGE ( 'NONE', *, *, #491, .T. ) ;
#468 = LINE ( 'NONE', #1098, #1892 ) ;
#469 = CARTESIAN_POINT ( 'NONE',  ( 65.38088549413696171, 3.298627098808364355, -6.349999999999948130 ) ) ;
#470 = ORIENTED_EDGE ( 'NONE', *, *, #1450, .F. ) ;
#471 = DIRECTION ( 'NONE',  ( 0.000000000000000000, 0.000000000000000000, 1.000000000000000000 ) ) ;
#472 = EDGE_CURVE ( 'NONE', #289, #52, #1078, .T. ) ;
#473 = DIRECTION ( 'NONE',  ( 0.000000000000000000, 1.000000000000000000, 1.220537295415852614E-16 ) ) ;
#474 = ORIENTED_EDGE ( 'NONE', *, *, #596, .F. ) ;
#475 = CARTESIAN_POINT ( 'NONE',  ( -5.499999999999990230, 14.10999999999998700, 107.0218750000000227 ) ) ;
#476 = AXIS2_PLACEMENT_3D ( 'NONE', #918, #1383, #1241 ) ;
#477 = ORIENTED_EDGE ( 'NONE', *, *, #1693, .F. ) ;
#478 = FACE_OUTER_BOUND ( 'NONE', #1202, .T. ) ;
#479 = AXIS2_PLACEMENT_3D ( 'NONE', #244, #1151, #201 ) ;
#480 = ORIENTED_EDGE ( 'NONE', *, *, #2027, .F. ) ;
#481 = DIRECTION ( 'NONE',  ( 0.000000000000000000, 0.000000000000000000, -1.000000000000000000 ) ) ;
#482 = VECTOR ( 'NONE', #1878, 1000.000000000000000 ) ;
#483 = CIRCLE ( 'NONE', #748, 4.000000000000003553 ) ;
#484 = CYLINDRICAL_SURFACE ( 'NONE', #950, 2.000000000000001776 ) ;
#485 = EDGE_CURVE ( 'NONE', #1905, #2035, #428, .T. ) ;
#486 = EDGE_LOOP ( 'NONE', ( #118, #1336, #877, #1627, #1466, #492, #1534, #1229, #1577, #958, #1435, #1024, #1338, #749, #436, #831 ) ) ;
#487 = CARTESIAN_POINT ( 'NONE',  ( 55.88307474683436027, 14.11000000000001187, 1.779930588231281165E-15 ) ) ;
#488 = ADVANCED_FACE ( 'NONE', ( #1426 ), #611, .F. ) ;
#489 = VERTEX_POINT ( 'NONE', #915 ) ;
#490 = CARTESIAN_POINT ( 'NONE',  ( 30.58124999999999361, 4.610000000000055387, -5.199999999999963762 ) ) ;
#491 = EDGE_CURVE ( 'NONE', #1361, #70, #1007, .T. ) ;
#492 = ORIENTED_EDGE ( 'NONE', *, *, #485, .F. ) ;
#493 = LINE ( 'NONE', #1467, #1785 ) ;
#494 = LINE ( 'NONE', #971, #681 ) ;
#495 = CARTESIAN_POINT ( 'NONE',  ( 30.58124999999999005, 4.609999999998916742, 103.0218750000000369 ) ) ;
#496 = EDGE_LOOP ( 'NONE', ( #2033, #1705, #768, #799 ) ) ;
#497 = EDGE_CURVE ( 'NONE', #1015, #849, #1710, .T. ) ;
#498 = DIRECTION ( 'NONE',  ( 0.000000000000000000, -1.220537295415852614E-16, 1.000000000000000000 ) ) ;
#499 = EDGE_LOOP ( 'NONE', ( #255, #647, #927, #1538 ) ) ;
#500 = CARTESIAN_POINT ( 'NONE',  ( 30.58124999999999361, 4.610000000000028741, -2.799999999999966516 ) ) ;
#501 = CARTESIAN_POINT ( 'NONE',  ( 65.38088549413696171, 1.610000000000000986, 8.134386544436017275 ) ) ;
#502 = DIRECTION ( 'NONE',  ( 1.000000000000000000, -0.000000000000000000, -0.000000000000000000 ) ) ;
#503 = VERTEX_POINT ( 'NONE', #460 ) ;
#504 = CARTESIAN_POINT ( 'NONE',  ( 28.08307474683436311, 14.11000000000001009, 15.43980528630373072 ) ) ;
#505 = PRESENTATION_LAYER_ASSIGNMENT (  '', '', ( #1242 ) ) ;
#506 = EDGE_CURVE ( 'NONE', #243, #124, #1279, .T. ) ;
#507 = EDGE_LOOP ( 'NONE', ( #1036, #624, #985, #1029, #417, #1671, #1556, #1068 ) ) ;
#508 = DIRECTION ( 'NONE',  ( 0.000000000000000000, 0.000000000000000000, 1.000000000000000000 ) ) ;
#509 = VECTOR ( 'NONE', #498, 1000.000000000000000 ) ;
#510 = CARTESIAN_POINT ( 'NONE',  ( 81.16250000000002274, 14.10999999999998877, 99.02187500000000853 ) ) ;
#511 = AXIS2_PLACEMENT_3D ( 'NONE', #166, #1462, #1930 ) ;
#512 = ADVANCED_FACE ( 'NONE', ( #449 ), #2034, .F. ) ;
#513 = VECTOR ( 'NONE', #1713, 1000.000000000000000 ) ;
#514 = CARTESIAN_POINT ( 'NONE',  ( 89.16350000000002751, 6.429802872964377691, 7.300862328147803559 ) ) ;
#515 = ORIENTED_EDGE ( 'NONE', *, *, #1698, .F. ) ;
#516 = DIRECTION ( 'NONE',  ( 0.000000000000000000, 1.000000000000000000, 1.220537295415852614E-16 ) ) ;
#517 = VERTEX_POINT ( 'NONE', #581 ) ;
#518 = DIRECTION ( 'NONE',  ( -7.888609052210116302E-31, -1.000000000000000000, -1.051326443096836774E-14 ) ) ;
#519 = ORIENTED_EDGE ( 'NONE', *, *, #1155, .F. ) ;
#520 = EDGE_CURVE ( 'NONE', #1238, #752, #567, .T. ) ;
#521 = CARTESIAN_POINT ( 'NONE',  ( -3.000000000000003997, 11.61000000000000298, -5.499999999999998224 ) ) ;
#522 = FACE_OUTER_BOUND ( 'NONE', #1813, .T. ) ;
#523 = VERTEX_POINT ( 'NONE', #893 ) ;
#524 = DIRECTION ( 'NONE',  ( -1.206534653326983057E-16, 0.000000000000000000, -1.000000000000000000 ) ) ;
#525 = CYLINDRICAL_SURFACE ( 'NONE', #1558, 2.500000000000000444 ) ;
#526 = EDGE_LOOP ( 'NONE', ( #1477, #535, #2066, #631 ) ) ;
#527 = DIRECTION ( 'NONE',  ( 0.000000000000000000, 1.000000000000000000, 1.220537295415852614E-16 ) ) ;
#528 = ORIENTED_EDGE ( 'NONE', *, *, #854, .T. ) ;
#529 = DIRECTION ( 'NONE',  ( -0.000000000000000000, 1.000000000000000000, 1.224646799147353207E-16 ) ) ;
#530 = EDGE_CURVE ( 'NONE', #663, #1570, #1219, .T. ) ;
#531 = PLANE ( 'NONE',  #277 ) ;
#532 = ORIENTED_EDGE ( 'NONE', *, *, #1322, .F. ) ;
#533 = CARTESIAN_POINT ( 'NONE',  ( -5.499999999999991118, 11.60999999999998700, 102.0218750000000085 ) ) ;
#534 = DIRECTION ( 'NONE',  ( 0.000000000000000000, 0.000000000000000000, -1.000000000000000000 ) ) ;
#535 = ORIENTED_EDGE ( 'NONE', *, *, #162, .T. ) ;
#536 = CARTESIAN_POINT ( 'NONE',  ( 78.50254247535129082, 11.60999999999999766, 19.17636048440136065 ) ) ;
#537 = ORIENTED_EDGE ( 'NONE', *, *, #754, .F. ) ;
#538 = DIRECTION ( 'NONE',  ( -1.000000000000000000, 0.000000000000000000, 0.000000000000000000 ) ) ;
#539 = AXIS2_PLACEMENT_3D ( 'NONE', #601, #2024, #1700 ) ;
#540 = AXIS2_PLACEMENT_3D ( 'NONE', #1159, #1979, #702 ) ;
#541 = DIRECTION ( 'NONE',  ( -2.366582715663034716E-30, -1.000000000000000000, -1.051257668248692417E-14 ) ) ;
#542 = VECTOR ( 'NONE', #1632, 1000.000000000000000 ) ;
#543 = ORIENTED_EDGE ( 'NONE', *, *, #265, .F. ) ;
#544 = DIRECTION ( 'NONE',  ( 0.000000000000000000, -1.000000000000000000, -1.224646799147353207E-16 ) ) ;
#545 = CIRCLE ( 'NONE', #1351, 2.500000000000000444 ) ;
#546 = CARTESIAN_POINT ( 'NONE',  ( 8.369814204394933406E-30, 4.609999999998904308, 104.2218750000000398 ) ) ;
#547 = VECTOR ( 'NONE', #937, 1000.000000000000000 ) ;
#548 = ORIENTED_EDGE ( 'NONE', *, *, #1615, .T. ) ;
#549 = CARTESIAN_POINT ( 'NONE',  ( 0.000000000000000000, 1.610000000000000986, -8.000000000000000000 ) ) ;
#550 = EDGE_CURVE ( 'NONE', #1063, #2075, #266, .T. ) ;
#551 = CARTESIAN_POINT ( 'NONE',  ( 0.000000000000000000, 14.11000000000000121, 1.727315003496143717E-15 ) ) ;
#552 = DIRECTION ( 'NONE',  ( 1.000000000000000000, 0.000000000000000000, 0.000000000000000000 ) ) ;
#553 = PLANE ( 'NONE',  #1791 ) ;
#554 = ORIENTED_EDGE ( 'NONE', *, *, #1490, .T. ) ;
#555 = DIRECTION ( 'NONE',  ( 0.000000000000000000, 0.000000000000000000, 1.000000000000000000 ) ) ;
#556 = CARTESIAN_POINT ( 'NONE',  ( 50.58124999999999716, 4.609999999998904308, 104.2218750000000398 ) ) ;
#557 = EDGE_CURVE ( 'NONE', #1116, #1920, #106, .T. ) ;
#558 = EDGE_LOOP ( 'NONE', ( #470, #1105, #722, #312 ) ) ;
#559 = DIRECTION ( 'NONE',  ( -7.466145289686021977E-32, 1.000000000000000000, -4.963443421965113083E-16 ) ) ;
#560 = ORIENTED_EDGE ( 'NONE', *, *, #1799, .F. ) ;
#561 = CARTESIAN_POINT ( 'NONE',  ( 65.38088549413696171, 3.298627098808364355, -5.149999999999924860 ) ) ;
#562 = CARTESIAN_POINT ( 'NONE',  ( 1.352542475351290019, 142.1439140023674668, 20.17636048440137486 ) ) ;
#563 = VERTEX_POINT ( 'NONE', #490 ) ;
#564 = DIRECTION ( 'NONE',  ( 0.000000000000000000, -2.481721710982556541E-16, 1.000000000000000000 ) ) ;
#565 = CARTESIAN_POINT ( 'NONE',  ( 2.352542475351290019, 142.1439140023674668, 20.17636048440137486 ) ) ;
#566 = ORIENTED_EDGE ( 'NONE', *, *, #1535, .F. ) ;
#567 = LINE ( 'NONE', #1858, #1856 ) ;
#568 = ORIENTED_EDGE ( 'NONE', *, *, #1889, .T. ) ;
#569 = EDGE_LOOP ( 'NONE', ( #1153, #703, #1324, #935, #480, #1722, #889, #1234, #938, #883 ) ) ;
#570 = CARTESIAN_POINT ( 'NONE',  ( 66.38088549413696171, 4.198627098808364266, 0.000000000000000000 ) ) ;
#571 = DIRECTION ( 'NONE',  ( 0.000000000000000000, 0.000000000000000000, 1.000000000000000000 ) ) ;
#572 = AXIS2_PLACEMENT_3D ( 'NONE', #1088, #1732, #138 ) ;
#573 = EDGE_CURVE ( 'NONE', #1983, #1701, #468, .T. ) ;
#574 = CIRCLE ( 'NONE', #1138, 1.000000000000000000 ) ;
#575 = EDGE_LOOP ( 'NONE', ( #1989, #1441, #79, #2004 ) ) ;
#576 = CARTESIAN_POINT ( 'NONE',  ( 71.68088549413697308, 4.198627098808364266, 0.000000000000000000 ) ) ;
#577 = CARTESIAN_POINT ( 'NONE',  ( 78.50254247535129082, 14.11000000000001187, 20.17636048440136065 ) ) ;
#578 = VECTOR ( 'NONE', #1886, 1000.000000000000000 ) ;
#579 = VECTOR ( 'NONE', #707, 1000.000000000000000 ) ;
#580 = ORIENTED_EDGE ( 'NONE', *, *, #881, .F. ) ;
#581 = CARTESIAN_POINT ( 'NONE',  ( -3.000000000000003997, 14.11000000000000121, -5.499999999999998224 ) ) ;
#582 = AXIS2_PLACEMENT_3D ( 'NONE', #766, #599, #1900 ) ;
#583 = ORIENTED_EDGE ( 'NONE', *, *, #1972, .T. ) ;
#584 = PLANE ( 'NONE',  #338 ) ;
#585 = EDGE_CURVE ( 'NONE', #903, #1247, #1127, .T. ) ;
#586 = DIRECTION ( 'NONE',  ( 1.206534653326983057E-16, -1.220537295415852614E-16, 1.000000000000000000 ) ) ;
#587 = ADVANCED_FACE ( 'NONE', ( #798, #478 ), #634, .T. ) ;
#588 = ORIENTED_EDGE ( 'NONE', *, *, #369, .F. ) ;
#589 = CARTESIAN_POINT ( 'NONE',  ( 65.38088549413696171, 1.610000000000000986, 8.134386544436017275 ) ) ;
#590 = DIRECTION ( 'NONE',  ( 0.000000000000000000, 0.000000000000000000, 1.000000000000000000 ) ) ;
#591 = ORIENTED_EDGE ( 'NONE', *, *, #931, .F. ) ;
#592 = FACE_OUTER_BOUND ( 'NONE', #1087, .T. ) ;
#593 = ORIENTED_EDGE ( 'NONE', *, *, #2001, .F. ) ;
#594 = LINE ( 'NONE', #1101, #941 ) ;
#595 = DIRECTION ( 'NONE',  ( 0.000000000000000000, -1.000000000000000000, -1.224646799147353207E-16 ) ) ;
#596 = EDGE_CURVE ( 'NONE', #414, #697, #977, .T. ) ;
#597 = ORIENTED_EDGE ( 'NONE', *, *, #1944, .T. ) ;
#598 = DIRECTION ( 'NONE',  ( -1.000000000000000000, -0.000000000000000000, 0.000000000000000000 ) ) ;
#599 = DIRECTION ( 'NONE',  ( 0.000000000000000000, 1.000000000000000000, 1.220537295415852614E-16 ) ) ;
#600 = EDGE_LOOP ( 'NONE', ( #474, #532, #61, #1066 ) ) ;
#601 = CARTESIAN_POINT ( 'NONE',  ( 71.68088549413697308, 4.198627098808364266, -8.000000000000000000 ) ) ;
#602 = DIRECTION ( 'NONE',  ( 0.000000000000000000, 1.000000000000000000, 1.220537295415852614E-16 ) ) ;
#603 = AXIS2_PLACEMENT_3D ( 'NONE', #1637, #518, #1607 ) ;
#604 = AXIS2_PLACEMENT_3D ( 'NONE', #850, #392, #1037 ) ;
#605 = ORIENTED_EDGE ( 'NONE', *, *, #44, .T. ) ;
#606 = CARTESIAN_POINT ( 'NONE',  ( 72.68088549413697308, 5.198627098808364266, 8.134386544436017275 ) ) ;
#607 = DIRECTION ( 'NONE',  ( -1.000000000000000000, 0.000000000000000000, 0.000000000000000000 ) ) ;
#608 = CIRCLE ( 'NONE', #142, 2.500000000000002220 ) ;
#609 = VERTEX_POINT ( 'NONE', #1635 ) ;
#610 = ADVANCED_FACE ( 'NONE', ( #1934 ), #17, .F. ) ;
#611 = PLANE ( 'NONE',  #708 ) ;
#612 = AXIS2_PLACEMENT_3D ( 'NONE', #1420, #6, #1281 ) ;
#613 = DIRECTION ( 'NONE',  ( -2.736911063134408342E-48, 1.000000000000000000, 1.224646799147353207E-16 ) ) ;
#614 = AXIS2_PLACEMENT_3D ( 'NONE', #48, #1832, #710 ) ;
#615 = ORIENTED_EDGE ( 'NONE', *, *, #1157, .F. ) ;
#616 = ADVANCED_FACE ( 'NONE', ( #2084 ), #1517, .T. ) ;
#617 = CARTESIAN_POINT ( 'NONE',  ( 8.369814204394933406E-30, 4.610000000000055387, -5.199999999999963762 ) ) ;
#618 = VECTOR ( 'NONE', #794, 1000.000000000000000 ) ;
#619 = CIRCLE ( 'NONE', #317, 1.200000000000006617 ) ;
#620 = DIRECTION ( 'NONE',  ( -2.366582715663034716E-30, -1.000000000000000000, -1.051257668248692417E-14 ) ) ;
#621 = ORIENTED_EDGE ( 'NONE', *, *, #700, .F. ) ;
#622 = CARTESIAN_POINT ( 'NONE',  ( 78.50254247535130503, 142.1439140023674383, 96.32636048440137699 ) ) ;
#623 = CARTESIAN_POINT ( 'NONE',  ( 79.50254247535130503, 14.10999999999999943, 96.32636048440136278 ) ) ;
#624 = ORIENTED_EDGE ( 'NONE', *, *, #812, .T. ) ;
#625 = DIRECTION ( 'NONE',  ( -0.000000000000000000, 0.000000000000000000, -1.000000000000000000 ) ) ;
#626 = FACE_OUTER_BOUND ( 'NONE', #735, .T. ) ;
#627 = EDGE_CURVE ( 'NONE', #1319, #1214, #825, .T. ) ;
#628 = ORIENTED_EDGE ( 'NONE', *, *, #1330, .T. ) ;
#629 = DIRECTION ( 'NONE',  ( 1.000000000000000000, 0.000000000000000000, -0.000000000000000000 ) ) ;
#630 = CARTESIAN_POINT ( 'NONE',  ( 55.88307474683436027, 11.61000000000001009, 6.139805286303724685 ) ) ;
#631 = ORIENTED_EDGE ( 'NONE', *, *, #1615, .F. ) ;
#632 = PLANE ( 'NONE',  #1957 ) ;
#633 = VERTEX_POINT ( 'NONE', #1766 ) ;
#634 = PLANE ( 'NONE',  #1756 ) ;
#635 = VERTEX_POINT ( 'NONE', #181 ) ;
#636 = FACE_OUTER_BOUND ( 'NONE', #921, .T. ) ;
#637 = EDGE_CURVE ( 'NONE', #19, #1163, #375, .T. ) ;
#638 = DIRECTION ( 'NONE',  ( -0.000000000000000000, 1.000000000000000000, -0.000000000000000000 ) ) ;
#639 = EDGE_LOOP ( 'NONE', ( #76, #1060, #1917, #783 ) ) ;
#640 = EDGE_CURVE ( 'NONE', #1796, #2075, #4, .T. ) ;
#641 = DIRECTION ( 'NONE',  ( 0.000000000000000000, 1.084202172485498439E-14, -1.000000000000000000 ) ) ;
#642 = VECTOR ( 'NONE', #739, 1000.000000000000000 ) ;
#643 = VERTEX_POINT ( 'NONE', #1948 ) ;
#644 = CARTESIAN_POINT ( 'NONE',  ( 84.16250000000002274, 11.60999999999998877, 102.0218750000000085 ) ) ;
#645 = CIRCLE ( 'NONE', #1346, 5.000000000000004441 ) ;
#646 = CIRCLE ( 'NONE', #808, 2.500000000000000444 ) ;
#647 = ORIENTED_EDGE ( 'NONE', *, *, #237, .F. ) ;
#648 = CARTESIAN_POINT ( 'NONE',  ( 84.16250000000000853, 14.11000000000000121, -7.999999999999998224 ) ) ;
#649 = AXIS2_PLACEMENT_3D ( 'NONE', #1117, #1124, #1779 ) ;
#650 = AXIS2_PLACEMENT_3D ( 'NONE', #1747, #2079, #1269 ) ;
#651 = CARTESIAN_POINT ( 'NONE',  ( 78.50254247535129082, 11.61000000000001009, 20.17636048440136065 ) ) ;
#652 = VECTOR ( 'NONE', #715, 1000.000000000000000 ) ;
#653 = EDGE_CURVE ( 'NONE', #1634, #1857, #1823, .T. ) ;
#654 = CYLINDRICAL_SURFACE ( 'NONE', #649, 2.000000000000000000 ) ;
#655 = VERTEX_POINT ( 'NONE', #1109 ) ;
#656 = CARTESIAN_POINT ( 'NONE',  ( 89.16350000000002751, 6.429802872964378579, 18.29086232814780644 ) ) ;
#657 = ORIENTED_EDGE ( 'NONE', *, *, #851, .F. ) ;
#658 = CARTESIAN_POINT ( 'NONE',  ( -8.000000000000001776, 2.429802872964377691, 7.300862328147813329 ) ) ;
#659 = DIRECTION ( 'NONE',  ( 0.000000000000000000, 0.000000000000000000, -1.000000000000000000 ) ) ;
#660 = CARTESIAN_POINT ( 'NONE',  ( 65.38088549413696171, 4.198627098808364266, -5.149999999999925748 ) ) ;
#661 = ADVANCED_FACE ( 'NONE', ( #1775 ), #329, .F. ) ;
#662 = PRODUCT_CONTEXT ( 'NONE', #1102, 'mechanical' ) ;
#663 = VERTEX_POINT ( 'NONE', #1442 ) ;
#664 = CARTESIAN_POINT ( 'NONE',  ( 86.66250000000002274, 11.61000000000000298, -2.999999999999998668 ) ) ;
#665 = ORIENTED_EDGE ( 'NONE', *, *, #862, .T. ) ;
#666 = DIRECTION ( 'NONE',  ( 7.888609052210116302E-31, 1.000000000000000000, 1.051326443096836774E-14 ) ) ;
#667 = EDGE_CURVE ( 'NONE', #1438, #1077, #1464, .T. ) ;
#668 = CARTESIAN_POINT ( 'NONE',  ( 84.16250000000002274, 14.10999999999998877, 104.5218750000000085 ) ) ;
#669 = FACE_OUTER_BOUND ( 'NONE', #897, .T. ) ;
#670 = VERTEX_POINT ( 'NONE', #1605 ) ;
#671 = CARTESIAN_POINT ( 'NONE',  ( -2.999999999999991562, 11.60999999999998877, 102.0218750000000085 ) ) ;
#672 = DIRECTION ( 'NONE',  ( 2.736911063134408342E-48, -1.000000000000000000, -1.224646799147353207E-16 ) ) ;
#673 = TOROIDAL_SURFACE ( 'NONE', #341, 2.500000000000000000, 2.500000000000000000 ) ;
#674 = EDGE_CURVE ( 'NONE', #1701, #82, #1941, .T. ) ;
#675 = ORIENTED_EDGE ( 'NONE', *, *, #1251, .F. ) ;
#676 = VECTOR ( 'NONE', #1230, 1000.000000000000000 ) ;
#677 = AXIS2_PLACEMENT_3D ( 'NONE', #967, #819, #322 ) ;
#678 = ORIENTED_EDGE ( 'NONE', *, *, #530, .T. ) ;
#679 = LINE ( 'NONE', #990, #178 ) ;
#680 = AXIS2_PLACEMENT_3D ( 'NONE', #1299, #335, #326 ) ;
#681 = VECTOR ( 'NONE', #638, 1000.000000000000000 ) ;
#682 = DIRECTION ( 'NONE',  ( 0.000000000000000000, 0.000000000000000000, 1.000000000000000000 ) ) ;
#683 = VECTOR ( 'NONE', #445, 1000.000000000000000 ) ;
#684 = ORIENTED_EDGE ( 'NONE', *, *, #202, .T. ) ;
#685 = CARTESIAN_POINT ( 'NONE',  ( 30.08307474683436666, 14.11000000000001187, 17.43980528630373072 ) ) ;
#686 = CARTESIAN_POINT ( 'NONE',  ( -3.000000000000003997, 1.610000000000000986, -8.000000000000000000 ) ) ;
#687 = VERTEX_POINT ( 'NONE', #504 ) ;
#688 = DIRECTION ( 'NONE',  ( -0.000000000000000000, -1.000000000000000000, -1.220537295415852614E-16 ) ) ;
#689 = EDGE_CURVE ( 'NONE', #489, #221, #311, .T. ) ;
#690 = CARTESIAN_POINT ( 'NONE',  ( 2.352542475351290019, 142.1439140023674668, 96.32636048440139120 ) ) ;
#691 = FACE_OUTER_BOUND ( 'NONE', #1837, .T. ) ;
#692 = DIRECTION ( 'NONE',  ( 0.000000000000000000, 0.000000000000000000, -1.000000000000000000 ) ) ;
#693 = ORIENTED_EDGE ( 'NONE', *, *, #637, .F. ) ;
#694 = CARTESIAN_POINT ( 'NONE',  ( 0.000000000000000000, 10.42980287296437858, 7.300862328147803559 ) ) ;
#695 = VERTEX_POINT ( 'NONE', #1137 ) ;
#696 = PLANE ( 'NONE',  #1651 ) ;
#697 = VERTEX_POINT ( 'NONE', #1793 ) ;
#698 = DIRECTION ( 'NONE',  ( -2.366582715663034716E-30, -1.000000000000000000, -1.051257668248692417E-14 ) ) ;
#699 = DIRECTION ( 'NONE',  ( 1.000000000000000000, -7.888609052210116302E-31, -8.292960757951936203E-45 ) ) ;
#700 = EDGE_CURVE ( 'NONE', #1773, #1910, #1789, .T. ) ;
#701 = ORIENTED_EDGE ( 'NONE', *, *, #981, .F. ) ;
#702 = DIRECTION ( 'NONE',  ( -0.000000000000000000, 0.000000000000000000, -1.000000000000000000 ) ) ;
#703 = ORIENTED_EDGE ( 'NONE', *, *, #506, .T. ) ;
#704 = CARTESIAN_POINT ( 'NONE',  ( 50.58124999999999716, 1.609999999998929399, 101.8218750000000057 ) ) ;
#705 = VECTOR ( 'NONE', #872, 1000.000000000000000 ) ;
#706 = ORIENTED_EDGE ( 'NONE', *, *, #1630, .T. ) ;
#707 = DIRECTION ( 'NONE',  ( 0.000000000000000000, -1.000000000000000000, -1.224646799147353207E-16 ) ) ;
#708 = AXIS2_PLACEMENT_3D ( 'NONE', #1539, #1378, #1902 ) ;
#709 = VECTOR ( 'NONE', #564, 1000.000000000000000 ) ;
#710 = DIRECTION ( 'NONE',  ( 0.000000000000000000, 0.000000000000000000, 1.000000000000000000 ) ) ;
#711 = ADVANCED_FACE ( 'NONE', ( #219 ), #2002, .F. ) ;
#712 = VECTOR ( 'NONE', #502, 1000.000000000000000 ) ;
#713 = ORIENTED_EDGE ( 'NONE', *, *, #1758, .F. ) ;
#714 = DIRECTION ( 'NONE',  ( 1.000000000000000000, -0.000000000000000000, 0.000000000000000000 ) ) ;
#715 = DIRECTION ( 'NONE',  ( 1.000000000000000000, -7.888609052210116302E-31, -8.292960757951936203E-45 ) ) ;
#716 = AXIS2_PLACEMENT_3D ( 'NONE', #577, #1569, #590 ) ;
#717 = ORIENTED_EDGE ( 'NONE', *, *, #1330, .F. ) ;
#718 = CARTESIAN_POINT ( 'NONE',  ( 0.000000000000000000, 1.609999999999987663, 99.02187500000000853 ) ) ;
#719 = EDGE_LOOP ( 'NONE', ( #273, #591, #1913, #1961 ) ) ;
#720 = CARTESIAN_POINT ( 'NONE',  ( 66.38088549413696171, 5.198627098808364266, -8.000000000000000000 ) ) ;
#721 = DIRECTION ( 'NONE',  ( -1.000000000000000000, 0.000000000000000000, 0.000000000000000000 ) ) ;
#722 = ORIENTED_EDGE ( 'NONE', *, *, #195, .T. ) ;
#723 = EDGE_CURVE ( 'NONE', #1905, #459, #1334, .T. ) ;
#724 = DIRECTION ( 'NONE',  ( 0.000000000000000000, 0.000000000000000000, 1.000000000000000000 ) ) ;
#725 = PLANE ( 'NONE',  #1524 ) ;
#726 = ORIENTED_EDGE ( 'NONE', *, *, #1008, .F. ) ;
#727 = CARTESIAN_POINT ( 'NONE',  ( 55.88307474683436027, 11.61000000000000121, 1.421153303709305452E-15 ) ) ;
#728 = EDGE_CURVE ( 'NONE', #1905, #203, #1990, .T. ) ;
#729 = CARTESIAN_POINT ( 'NONE',  ( 84.16250000000000853, 11.61000000000000121, -2.999999999999998668 ) ) ;
#730 = LINE ( 'NONE', #1372, #1146 ) ;
#731 = PLANE ( 'NONE',  #782 ) ;
#732 = ORIENTED_EDGE ( 'NONE', *, *, #1681, .T. ) ;
#733 = LINE ( 'NONE', #285, #1859 ) ;
#734 = LINE ( 'NONE', #286, #1798 ) ;
#735 = EDGE_LOOP ( 'NONE', ( #1668, #675, #1495, #1282 ) ) ;
#736 = CARTESIAN_POINT ( 'NONE',  ( 53.88307474683436027, 142.1439140023674668, 6.139805286303739784 ) ) ;
#737 = EDGE_CURVE ( 'NONE', #865, #1529, #398, .T. ) ;
#738 = ORIENTED_EDGE ( 'NONE', *, *, #24, .T. ) ;
#739 = DIRECTION ( 'NONE',  ( 1.000000000000000000, -7.888609052210116302E-31, -8.292960757951934959E-45 ) ) ;
#740 = ADVANCED_FACE ( 'NONE', ( #239 ), #1025, .F. ) ;
#741 = LINE ( 'NONE', #2029, #513 ) ;
#742 = CIRCLE ( 'NONE', #69, 2.000000000000000000 ) ;
#743 = AXIS2_PLACEMENT_3D ( 'NONE', #1149, #1803, #197 ) ;
#744 = ORIENTED_EDGE ( 'NONE', *, *, #185, .F. ) ;
#745 = CARTESIAN_POINT ( 'NONE',  ( 2.352542475351290019, 11.60999999999998877, 97.32636048440137699 ) ) ;
#746 = LINE ( 'NONE', #1410, #1353 ) ;
#747 = VECTOR ( 'NONE', #1386, 1000.000000000000000 ) ;
#748 = AXIS2_PLACEMENT_3D ( 'NONE', #1349, #461, #1903 ) ;
#749 = ORIENTED_EDGE ( 'NONE', *, *, #342, .F. ) ;
#750 = CYLINDRICAL_SURFACE ( 'NONE', #1481, 2.500000000000000444 ) ;
#751 = AXIS2_PLACEMENT_3D ( 'NONE', #2003, #1667, #834 ) ;
#752 = VERTEX_POINT ( 'NONE', #694 ) ;
#753 = DIRECTION ( 'NONE',  ( -0.000000000000000000, -1.000000000000000000, -1.220537295415852614E-16 ) ) ;
#754 = EDGE_CURVE ( 'NONE', #203, #1518, #994, .T. ) ;
#755 = LINE ( 'NONE', #431, #451 ) ;
#756 = EDGE_LOOP ( 'NONE', ( #764, #465, #1182, #264 ) ) ;
#757 = CARTESIAN_POINT ( 'NONE',  ( 53.88307474683436027, 14.11000000000001187, 17.43980528630372717 ) ) ;
#758 = CARTESIAN_POINT ( 'NONE',  ( 30.58124999999999361, 1.609999999998904086, 104.2218750000000114 ) ) ;
#759 = EDGE_LOOP ( 'NONE', ( #566, #58, #100, #397, #892, #924, #1430, #1303 ) ) ;
#760 = DIRECTION ( 'NONE',  ( -0.000000000000000000, 0.000000000000000000, 1.000000000000000000 ) ) ;
#761 = ORIENTED_EDGE ( 'NONE', *, *, #281, .T. ) ;
#762 = LINE ( 'NONE', #257, #442 ) ;
#763 = DIRECTION ( 'NONE',  ( -2.736911063134408342E-48, 1.000000000000000000, 1.224646799147353207E-16 ) ) ;
#764 = ORIENTED_EDGE ( 'NONE', *, *, #320, .T. ) ;
#765 = DIRECTION ( 'NONE',  ( 0.000000000000000000, 1.000000000000000000, 1.224646799147353207E-16 ) ) ;
#766 = CARTESIAN_POINT ( 'NONE',  ( 84.16250000000000853, 11.61000000000000121, -2.999999999999998668 ) ) ;
#767 = EDGE_CURVE ( 'NONE', #1063, #1560, #608, .T. ) ;
#768 = ORIENTED_EDGE ( 'NONE', *, *, #195, .F. ) ;
#769 = CARTESIAN_POINT ( 'NONE',  ( 28.08307474683436311, 11.61000000000000121, 6.139805286303724685 ) ) ;
#770 = PLANE ( 'NONE',  #1864 ) ;
#771 = ORIENTED_EDGE ( 'NONE', *, *, #573, .T. ) ;
#772 = DIRECTION ( 'NONE',  ( 0.000000000000000000, 1.000000000000000000, 1.224646799147353207E-16 ) ) ;
#773 = MECHANICAL_DESIGN_GEOMETRIC_PRESENTATION_REPRESENTATION (  '', ( #1242 ), #1924 ) ;
#774 = AXIS2_PLACEMENT_3D ( 'NONE', #1275, #1923, #481 ) ;
#775 = VERTEX_POINT ( 'NONE', #1504 ) ;
#776 = DIRECTION ( 'NONE',  ( 1.000000000000000000, 0.000000000000000000, -1.745577861502615545E-16 ) ) ;
#777 = ADVANCED_FACE ( 'NONE', ( #1473, #1676 ), #1685, .F. ) ;
#778 = EDGE_LOOP ( 'NONE', ( #95, #859, #1198, #2080, #1718, #515 ) ) ;
#779 = FACE_OUTER_BOUND ( 'NONE', #49, .T. ) ;
#780 = VECTOR ( 'NONE', #878, 1000.000000000000000 ) ;
#781 = CARTESIAN_POINT ( 'NONE',  ( -8.000000000000005329, 11.61000000000000298, -7.999999999999998224 ) ) ;
#782 = AXIS2_PLACEMENT_3D ( 'NONE', #406, #2018, #283 ) ;
#783 = ORIENTED_EDGE ( 'NONE', *, *, #1042, .T. ) ;
#784 = AXIS2_PLACEMENT_3D ( 'NONE', #1065, #93, #1730 ) ;
#785 = FACE_OUTER_BOUND ( 'NONE', #303, .T. ) ;
#786 = ORIENTED_EDGE ( 'NONE', *, *, #1617, .T. ) ;
#787 = DIRECTION ( 'NONE',  ( -2.736911063134408342E-48, 1.000000000000000000, 1.224646799147353207E-16 ) ) ;
#788 = EDGE_CURVE ( 'NONE', #1055, #1910, #646, .T. ) ;
#789 = ORIENTED_EDGE ( 'NONE', *, *, #1236, .T. ) ;
#790 = DIRECTION ( 'NONE',  ( 1.000000000000000000, 0.000000000000000000, 0.000000000000000000 ) ) ;
#791 = VERTEX_POINT ( 'NONE', #1034 ) ;
#792 = CARTESIAN_POINT ( 'NONE',  ( 72.68088549413697308, 4.198627098808364266, 3.170153890741759934E-16 ) ) ;
#793 = EDGE_CURVE ( 'NONE', #1773, #1560, #1968, .T. ) ;
#794 = DIRECTION ( 'NONE',  ( -0.000000000000000000, 1.000000000000000000, 1.224646799147353207E-16 ) ) ;
#795 = VERTEX_POINT ( 'NONE', #228 ) ;
#796 = CARTESIAN_POINT ( 'NONE',  ( -7.999999999999991118, 11.60999999999998877, 102.0218750000000085 ) ) ;
#797 = ORIENTED_EDGE ( 'NONE', *, *, #550, .T. ) ;
#798 = FACE_BOUND ( 'NONE', #1344, .T. ) ;
#799 = ORIENTED_EDGE ( 'NONE', *, *, #1224, .T. ) ;
#800 = CARTESIAN_POINT ( 'NONE',  ( 66.38088549413696171, 5.198627098808364266, -6.349999999999949019 ) ) ;
#801 = EDGE_CURVE ( 'NONE', #1055, #85, #173, .T. ) ;
#802 = DIRECTION ( 'NONE',  ( -0.000000000000000000, -1.000000000000000000, -1.224646799147353207E-16 ) ) ;
#803 = EDGE_CURVE ( 'NONE', #1172, #154, #866, .T. ) ;
#804 = CARTESIAN_POINT ( 'NONE',  ( 86.66250000000003695, 14.10999999999998877, 102.0218750000000085 ) ) ;
#805 = ORIENTED_EDGE ( 'NONE', *, *, #251, .F. ) ;
#806 = DIRECTION ( 'NONE',  ( 1.000000000000000000, 0.000000000000000000, -0.000000000000000000 ) ) ;
#807 = CIRCLE ( 'NONE', #774, 2.500000000000002220 ) ;
#808 = AXIS2_PLACEMENT_3D ( 'NONE', #533, #1959, #380 ) ;
#809 = ORIENTED_EDGE ( 'NONE', *, *, #1304, .F. ) ;
#810 = DIRECTION ( 'NONE',  ( 0.000000000000000000, 1.000000000000000000, 1.220537295415852614E-16 ) ) ;
#811 = VECTOR ( 'NONE', #1013, 1000.000000000000000 ) ;
#812 = EDGE_CURVE ( 'NONE', #1415, #452, #408, .T. ) ;
#813 = VECTOR ( 'NONE', #1062, 1000.000000000000000 ) ;
#814 = CARTESIAN_POINT ( 'NONE',  ( 0.000000000000000000, 14.10999999999998877, 99.02187500000000853 ) ) ;
#815 = AXIS2_PLACEMENT_3D ( 'NONE', #1822, #1686, #382 ) ;
#816 = DIRECTION ( 'NONE',  ( 0.000000000000000000, 1.000000000000000000, 1.224646799147353207E-16 ) ) ;
#817 = EDGE_CURVE ( 'NONE', #633, #1560, #1589, .T. ) ;
#818 = VERTEX_POINT ( 'NONE', #846 ) ;
#819 = DIRECTION ( 'NONE',  ( 0.000000000000000000, 0.000000000000000000, -1.000000000000000000 ) ) ;
#820 = VERTEX_POINT ( 'NONE', #1483 ) ;
#821 = CARTESIAN_POINT ( 'NONE',  ( 1.352542475351290019, 11.60999999999999943, 20.17636048440135710 ) ) ;
#822 = CARTESIAN_POINT ( 'NONE',  ( 53.88307474683436027, 11.60999999999999943, 4.139805286303724685 ) ) ;
#823 = DIRECTION ( 'NONE',  ( 0.000000000000000000, 2.481721710982556541E-16, -1.000000000000000000 ) ) ;
#824 = EDGE_LOOP ( 'NONE', ( #861, #1849, #543, #1374 ) ) ;
#825 = LINE ( 'NONE', #1120, #1107 ) ;
#826 = VERTEX_POINT ( 'NONE', #685 ) ;
#827 = DIRECTION ( 'NONE',  ( 0.000000000000000000, -1.734723475976807094E-15, -1.000000000000000000 ) ) ;
#828 = ORIENTED_EDGE ( 'NONE', *, *, #472, .F. ) ;
#829 = CARTESIAN_POINT ( 'NONE',  ( 30.08307474683436666, 14.11000000000001187, 15.43980528630373072 ) ) ;
#830 = CYLINDRICAL_SURFACE ( 'NONE', #614, 5.000000000000000000 ) ;
#831 = ORIENTED_EDGE ( 'NONE', *, *, #2071, .T. ) ;
#832 = ADVANCED_FACE ( 'NONE', ( #1844 ), #1811, .T. ) ;
#833 = CARTESIAN_POINT ( 'NONE',  ( 84.16250000000002274, 11.60999999999998877, 104.5218750000000085 ) ) ;
#834 = DIRECTION ( 'NONE',  ( 0.000000000000000000, 1.048062100069321952E-14, -1.000000000000000000 ) ) ;
#835 = CIRCLE ( 'NONE', #405, 5.000000000000000000 ) ;
#836 = ORIENTED_EDGE ( 'NONE', *, *, #1387, .T. ) ;
#837 = CARTESIAN_POINT ( 'NONE',  ( -2.999999999999991562, 1.609999999999986775, 107.0218750000000227 ) ) ;
#838 = VECTOR ( 'NONE', #1122, 1000.000000000000000 ) ;
#839 = DIRECTION ( 'NONE',  ( 1.000000000000000000, 0.000000000000000000, -0.000000000000000000 ) ) ;
#840 = DIRECTION ( 'NONE',  ( -0.000000000000000000, -1.000000000000000000, -1.220537295415852614E-16 ) ) ;
#841 = VECTOR ( 'NONE', #1406, 1000.000000000000000 ) ;
#842 = AXIS2_PLACEMENT_3D ( 'NONE', #1321, #698, #998 ) ;
#843 = DIRECTION ( 'NONE',  ( 0.000000000000000000, 1.000000000000000000, 1.220537295415852614E-16 ) ) ;
#844 = AXIS2_PLACEMENT_3D ( 'NONE', #1057, #2049, #1392 ) ;
#845 = ORIENTED_EDGE ( 'NONE', *, *, #812, .F. ) ;
#846 = CARTESIAN_POINT ( 'NONE',  ( 71.68088549413697308, 5.198627098808364266, -5.149999999999924860 ) ) ;
#847 = LINE ( 'NONE', #84, #652 ) ;
#848 = EDGE_CURVE ( 'NONE', #663, #203, #574, .T. ) ;
#849 = VERTEX_POINT ( 'NONE', #1706 ) ;
#850 = CARTESIAN_POINT ( 'NONE',  ( 84.16250000000000853, 1.610000000000000320, -3.000000000000000000 ) ) ;
#851 = EDGE_CURVE ( 'NONE', #695, #517, #343, .T. ) ;
#852 = CARTESIAN_POINT ( 'NONE',  ( 50.58124999999999716, 1.610000000000029408, -2.799999999999998046 ) ) ;
#853 = DIRECTION ( 'NONE',  ( -0.000000000000000000, -1.000000000000000000, -1.224646799147353207E-16 ) ) ;
#854 = EDGE_CURVE ( 'NONE', #1361, #2075, #1621, .T. ) ;
#855 = DIRECTION ( 'NONE',  ( -1.000000000000000000, -1.477578801257251594E-32, 1.206534653326983057E-16 ) ) ;
#856 = EDGE_LOOP ( 'NONE', ( #1208, #1196, #726, #196 ) ) ;
#857 = DIRECTION ( 'NONE',  ( 0.000000000000000000, -0.000000000000000000, -1.000000000000000000 ) ) ;
#858 = FACE_OUTER_BOUND ( 'NONE', #1908, .T. ) ;
#859 = ORIENTED_EDGE ( 'NONE', *, *, #1525, .T. ) ;
#860 = CARTESIAN_POINT ( 'NONE',  ( 50.58124999999999005, 4.610000000000042064, -3.999999999999973355 ) ) ;
#861 = ORIENTED_EDGE ( 'NONE', *, *, #152, .F. ) ;
#862 = EDGE_CURVE ( 'NONE', #820, #1019, #733, .T. ) ;
#863 = CYLINDRICAL_SURFACE ( 'NONE', #842, 1.199999999999998845 ) ;
#864 = CARTESIAN_POINT ( 'NONE',  ( 2.352542475351290019, 14.11000000000001187, 97.32636048440137699 ) ) ;
#865 = VERTEX_POINT ( 'NONE', #757 ) ;
#866 = LINE ( 'NONE', #1515, #1313 ) ;
#867 = LINE ( 'NONE', #1160, #1114 ) ;
#868 = EDGE_LOOP ( 'NONE', ( #1487, #771, #1463, #1695 ) ) ;
#869 = DIRECTION ( 'NONE',  ( 0.000000000000000000, -1.000000000000000000, -1.224646799147353207E-16 ) ) ;
#870 = CIRCLE ( 'NONE', #2050, 1.200000000000006617 ) ;
#871 = AXIS2_PLACEMENT_3D ( 'NONE', #736, #1890, #128 ) ;
#872 = DIRECTION ( 'NONE',  ( 0.000000000000000000, -1.000000000000000000, -1.224646799147353207E-16 ) ) ;
#873 = LINE ( 'NONE', #469, #1489 ) ;
#874 = EDGE_CURVE ( 'NONE', #180, #1901, #270, .T. ) ;
#875 = DIRECTION ( 'NONE',  ( 0.000000000000000000, -1.000000000000000000, -1.220537295415851135E-16 ) ) ;
#876 = VECTOR ( 'NONE', #259, 1000.000000000000000 ) ;
#877 = ORIENTED_EDGE ( 'NONE', *, *, #1446, .T. ) ;
#878 = DIRECTION ( 'NONE',  ( -2.366582715663034716E-30, -1.000000000000000000, -1.051257668248692417E-14 ) ) ;
#879 = VECTOR ( 'NONE', #184, 1000.000000000000000 ) ;
#880 = DIRECTION ( 'NONE',  ( 0.000000000000000000, 0.000000000000000000, -1.000000000000000000 ) ) ;
#881 = EDGE_CURVE ( 'NONE', #1263, #903, #1215, .T. ) ;
#882 = VECTOR ( 'NONE', #1697, 1000.000000000000000 ) ;
#883 = ORIENTED_EDGE ( 'NONE', *, *, #354, .F. ) ;
#884 = LINE ( 'NONE', #1530, #309 ) ;
#885 = ORIENTED_EDGE ( 'NONE', *, *, #2048, .T. ) ;
#886 = PRODUCT ( 'Part7^Lucky15', 'Part7^Lucky15', '', ( #662 ) ) ;
#887 = DIRECTION ( 'NONE',  ( 1.734723475976806108E-16, -1.734723475976806848E-16, 1.000000000000000000 ) ) ;
#888 = CARTESIAN_POINT ( 'NONE',  ( -2.999999999999991562, 14.10999999999998700, 107.0218750000000227 ) ) ;
#889 = ORIENTED_EDGE ( 'NONE', *, *, #1461, .T. ) ;
#890 = PLANE ( 'NONE',  #511 ) ;
#891 = LINE ( 'NONE', #102, #1997 ) ;
#892 = ORIENTED_EDGE ( 'NONE', *, *, #1717, .T. ) ;
#893 = CARTESIAN_POINT ( 'NONE',  ( 65.38088549413696171, 3.298627098808364355, -6.349999999999948130 ) ) ;
#894 = EDGE_CURVE ( 'NONE', #1129, #1611, #345, .T. ) ;
#895 = CYLINDRICAL_SURFACE ( 'NONE', #1513, 2.500000000000002220 ) ;
#896 = DIRECTION ( 'NONE',  ( -0.000000000000000000, -1.000000000000000000, -1.220537295415852614E-16 ) ) ;
#897 = EDGE_LOOP ( 'NONE', ( #914, #2000, #995, #306 ) ) ;
#898 = CARTESIAN_POINT ( 'NONE',  ( 0.000000000000000000, 11.61000000000000298, -7.999999999999998224 ) ) ;
#899 = FACE_OUTER_BOUND ( 'NONE', #1951, .T. ) ;
#900 = ADVANCED_FACE ( 'NONE', ( #410 ), #1544, .F. ) ;
#901 = ORIENTED_EDGE ( 'NONE', *, *, #152, .T. ) ;
#902 = CARTESIAN_POINT ( 'NONE',  ( 86.66250000000002274, 14.11000000000000121, -8.728815935898823827E-15 ) ) ;
#903 = VERTEX_POINT ( 'NONE', #745 ) ;
#904 = CARTESIAN_POINT ( 'NONE',  ( 2.352542475351290019, 14.11000000000001187, 20.17636048440135710 ) ) ;
#905 = VECTOR ( 'NONE', #1690, 1000.000000000000000 ) ;
#906 = LINE ( 'NONE', #1683, #747 ) ;
#907 = AXIS2_PLACEMENT_3D ( 'NONE', #1719, #1571, #298 ) ;
#908 = AXIS2_PLACEMENT_3D ( 'NONE', #1454, #153, #790 ) ;
#909 = ORIENTED_EDGE ( 'NONE', *, *, #1189, .T. ) ;
#910 = LINE ( 'NONE', #898, #1553 ) ;
#911 = DIRECTION ( 'NONE',  ( 0.000000000000000000, 1.000000000000000000, 0.000000000000000000 ) ) ;
#912 = VECTOR ( 'NONE', #1106, 1000.000000000000000 ) ;
#913 = VECTOR ( 'NONE', #529, 1000.000000000000000 ) ;
#914 = ORIENTED_EDGE ( 'NONE', *, *, #1977, .T. ) ;
#915 = CARTESIAN_POINT ( 'NONE',  ( -8.000000000000001776, 10.42980287296437858, 7.300862328147815106 ) ) ;
#916 = TOROIDAL_SURFACE ( 'NONE', #349, 2.500000000000000000, 2.500000000000000000 ) ;
#917 = EDGE_LOOP ( 'NONE', ( #1408, #2020, #209, #391, #1402, #352 ) ) ;
#918 = CARTESIAN_POINT ( 'NONE',  ( 30.08307474683436666, 14.11000000000001187, 6.139805286303724685 ) ) ;
#919 = CYLINDRICAL_SURFACE ( 'NONE', #1486, 2.500000000000000444 ) ;
#920 = EDGE_CURVE ( 'NONE', #1438, #1238, #35, .T. ) ;
#921 = EDGE_LOOP ( 'NONE', ( #1680, #1783, #1453, #1218 ) ) ;
#922 = CARTESIAN_POINT ( 'NONE',  ( 0.000000000000000000, 11.61000000000000121, 1.421153303709305452E-15 ) ) ;
#923 = DIRECTION ( 'NONE',  ( -1.000000000000000000, -0.000000000000000000, -0.000000000000000000 ) ) ;
#924 = ORIENTED_EDGE ( 'NONE', *, *, #929, .T. ) ;
#925 = CARTESIAN_POINT ( 'NONE',  ( 65.38088549413696171, 4.198627098808364266, 0.000000000000000000 ) ) ;
#926 = DIRECTION ( 'NONE',  ( -0.000000000000000000, 0.000000000000000000, 1.000000000000000000 ) ) ;
#927 = ORIENTED_EDGE ( 'NONE', *, *, #223, .F. ) ;
#928 = SURFACE_STYLE_FILL_AREA ( #1396 ) ;
#929 = EDGE_CURVE ( 'NONE', #1601, #643, #2031, .T. ) ;
#930 = LINE ( 'NONE', #1895, #2028 ) ;
#931 = EDGE_CURVE ( 'NONE', #1116, #2069, #424, .T. ) ;
#932 = ORIENTED_EDGE ( 'NONE', *, *, #1356, .F. ) ;
#933 = DIRECTION ( 'NONE',  ( -2.366582715663034716E-30, -1.000000000000000000, -1.051257668248692417E-14 ) ) ;
#934 = DIRECTION ( 'NONE',  ( 0.000000000000000000, -1.220537295415852614E-16, 1.000000000000000000 ) ) ;
#935 = ORIENTED_EDGE ( 'NONE', *, *, #403, .T. ) ;
#936 = CARTESIAN_POINT ( 'NONE',  ( 89.16350000000002751, 10.42980287296438213, 14.29086232814780288 ) ) ;
#937 = DIRECTION ( 'NONE',  ( -1.000000000000000000, -0.000000000000000000, -0.000000000000000000 ) ) ;
#938 = ORIENTED_EDGE ( 'NONE', *, *, #237, .T. ) ;
#939 = CARTESIAN_POINT ( 'NONE',  ( 84.16250000000000853, 11.61000000000000298, -7.999999999999998224 ) ) ;
#940 = CARTESIAN_POINT ( 'NONE',  ( 72.68088549413697308, 4.198627098808364266, -5.149999999999925748 ) ) ;
#941 = VECTOR ( 'NONE', #1563, 1000.000000000000000 ) ;
#942 = EDGE_CURVE ( 'NONE', #1714, #687, #444, .T. ) ;
#943 = AXIS2_PLACEMENT_3D ( 'NONE', #644, #947, #1596 ) ;
#944 = VERTEX_POINT ( 'NONE', #1527 ) ;
#945 = DIRECTION ( 'NONE',  ( -0.000000000000000000, 1.224646799147353207E-16, -1.000000000000000000 ) ) ;
#946 = VERTEX_POINT ( 'NONE', #1898 ) ;
#947 = DIRECTION ( 'NONE',  ( 0.000000000000000000, 1.000000000000000000, 1.220537295415852614E-16 ) ) ;
#948 = AXIS2_PLACEMENT_3D ( 'NONE', #1494, #1999, #217 ) ;
#949 = ADVANCED_FACE ( 'NONE', ( #458 ), #1715, .T. ) ;
#950 = AXIS2_PLACEMENT_3D ( 'NONE', #1778, #157, #1916 ) ;
#951 = ORIENTED_EDGE ( 'NONE', *, *, #1360, .T. ) ;
#952 = LINE ( 'NONE', #1769, #838 ) ;
#953 = VECTOR ( 'NONE', #672, 1000.000000000000000 ) ;
#954 = LINE ( 'NONE', #814, #1388 ) ;
#955 = ORIENTED_EDGE ( 'NONE', *, *, #1397, .T. ) ;
#956 = CARTESIAN_POINT ( 'NONE',  ( 72.68088549413697308, 5.198627098808364266, -8.000000000000000000 ) ) ;
#957 = APPLICATION_PROTOCOL_DEFINITION ( 'draft international standard', 'automotive_design', 1998, #1102 ) ;
#958 = ORIENTED_EDGE ( 'NONE', *, *, #2001, .T. ) ;
#959 = EDGE_CURVE ( 'NONE', #944, #1015, #1226, .T. ) ;
#960 = DIRECTION ( 'NONE',  ( 0.000000000000000000, 1.051257668248692417E-14, -1.000000000000000000 ) ) ;
#961 = ORIENTED_EDGE ( 'NONE', *, *, #848, .F. ) ;
#962 = DIRECTION ( 'NONE',  ( 0.000000000000000000, 1.000000000000000000, 1.220537295415852614E-16 ) ) ;
#963 = DIRECTION ( 'NONE',  ( -1.620576895276338894E-60, 1.051257668248692417E-14, -1.000000000000000000 ) ) ;
#964 = CYLINDRICAL_SURFACE ( 'NONE', #346, 1.200000000000006617 ) ;
#965 = SHAPE_DEFINITION_REPRESENTATION ( #250, #1599 ) ;
#966 = VERTEX_POINT ( 'NONE', #1365 ) ;
#967 = CARTESIAN_POINT ( 'NONE',  ( 65.38088549413696171, 3.298627098808364355, -5.149999999999924860 ) ) ;
#968 = EDGE_CURVE ( 'NONE', #1333, #1638, #253, .T. ) ;
#969 = ORIENTED_EDGE ( 'NONE', *, *, #472, .T. ) ;
#970 = PLANE ( 'NONE',  #603 ) ;
#971 = CARTESIAN_POINT ( 'NONE',  ( 65.38088549413696171, 3.298627098808364355, -6.349999999999948130 ) ) ;
#972 = PLANE ( 'NONE',  #1178 ) ;
#973 = VECTOR ( 'NONE', #1962, 1000.000000000000000 ) ;
#974 = ORIENTED_EDGE ( 'NONE', *, *, #1975, .T. ) ;
#975 = DIRECTION ( 'NONE',  ( 0.000000000000000000, -1.301042606982604088E-16, 1.000000000000000000 ) ) ;
#976 = DIRECTION ( 'NONE',  ( -0.000000000000000000, 1.224646799147353207E-16, -1.000000000000000000 ) ) ;
#977 = CIRCLE ( 'NONE', #1245, 5.000000000000004441 ) ;
#978 = ORIENTED_EDGE ( 'NONE', *, *, #485, .T. ) ;
#979 = DIRECTION ( 'NONE',  ( 0.000000000000000000, 0.000000000000000000, 1.000000000000000000 ) ) ;
#980 = CIRCLE ( 'NONE', #1422, 2.000000000000000000 ) ;
#981 = EDGE_CURVE ( 'NONE', #2038, #70, #910, .T. ) ;
#982 = LINE ( 'NONE', #510, #1795 ) ;
#983 = CIRCLE ( 'NONE', #751, 1.199999999999998845 ) ;
#984 = FACE_OUTER_BOUND ( 'NONE', #134, .T. ) ;
#985 = ORIENTED_EDGE ( 'NONE', *, *, #1693, .T. ) ;
#986 = CARTESIAN_POINT ( 'NONE',  ( 2.352542475351290019, 14.11000000000001187, 97.32636048440137699 ) ) ;
#987 = VERTEX_POINT ( 'NONE', #101 ) ;
#988 = CARTESIAN_POINT ( 'NONE',  ( -8.000000000000001776, 2.429802872964377691, 7.300862328147815106 ) ) ;
#989 = ORIENTED_EDGE ( 'NONE', *, *, #1425, .F. ) ;
#990 = CARTESIAN_POINT ( 'NONE',  ( 66.38088549413696171, 5.198627098808364266, -8.000000000000000000 ) ) ;
#991 = EDGE_CURVE ( 'NONE', #1983, #775, #83, .T. ) ;
#992 = LINE ( 'NONE', #1323, #1076 ) ;
#993 = EDGE_LOOP ( 'NONE', ( #378, #1503, #1316, #130 ) ) ;
#994 = LINE ( 'NONE', #50, #1689 ) ;
#995 = ORIENTED_EDGE ( 'NONE', *, *, #2, .F. ) ;
#996 = FACE_OUTER_BOUND ( 'NONE', #496, .T. ) ;
#997 = EDGE_LOOP ( 'NONE', ( #621, #127, #1474, #797, #1358, #761, #657, #1802 ) ) ;
#998 = DIRECTION ( 'NONE',  ( 0.000000000000000000, 1.084202172485505538E-14, -1.000000000000000000 ) ) ;
#999 = LINE ( 'NONE', #1956, #811 ) ;
#1000 = ADVANCED_FACE ( 'NONE', ( #1203 ), #890, .T. ) ;
#1001 = ORIENTED_EDGE ( 'NONE', *, *, #1707, .F. ) ;
#1002 = DIRECTION ( 'NONE',  ( 0.000000000000000000, 1.000000000000000000, 1.224646799147353207E-16 ) ) ;
#1003 = DIRECTION ( 'NONE',  ( 1.000000000000000000, 0.000000000000000000, 0.000000000000000000 ) ) ;
#1004 = CIRCLE ( 'NONE', #476, 1.999999999999999112 ) ;
#1005 = EDGE_LOOP ( 'NONE', ( #805, #1731, #1310, #1001, #143 ) ) ;
#1006 = CARTESIAN_POINT ( 'NONE',  ( -2.999999999999991562, 14.10999999999998700, 102.0218750000000085 ) ) ;
#1007 = CIRCLE ( 'NONE', #907, 2.500000000000000000 ) ;
#1008 = EDGE_CURVE ( 'NONE', #1172, #903, #1624, .T. ) ;
#1009 = AXIS2_PLACEMENT_3D ( 'NONE', #664, #1612, #1433 ) ;
#1010 = CARTESIAN_POINT ( 'NONE',  ( 71.68088549413697308, 5.198627098808364266, -6.349999999999949019 ) ) ;
#1011 = DIRECTION ( 'NONE',  ( -0.000000000000000000, 1.000000000000000000, 1.224646799147353207E-16 ) ) ;
#1012 = AXIS2_PLACEMENT_3D ( 'NONE', #249, #1192, #721 ) ;
#1013 = DIRECTION ( 'NONE',  ( -2.366582715663034716E-30, -1.000000000000000000, -1.051257668248692417E-14 ) ) ;
#1014 = AXIS2_PLACEMENT_3D ( 'NONE', #565, #1677, #1855 ) ;
#1015 = VERTEX_POINT ( 'NONE', #660 ) ;
#1016 = DIRECTION ( 'NONE',  ( 0.000000000000000000, 1.000000000000000000, 1.224646799147353207E-16 ) ) ;
#1017 = DIRECTION ( 'NONE',  ( -0.000000000000000000, 1.000000000000000000, 1.224646799147353207E-16 ) ) ;
#1018 = ADVANCED_FACE ( 'NONE', ( #159 ), #964, .F. ) ;
#1019 = VERTEX_POINT ( 'NONE', #295 ) ;
#1020 = DIRECTION ( 'NONE',  ( -7.888609052210116302E-31, -1.000000000000000000, -1.051326443096836774E-14 ) ) ;
#1021 = LINE ( 'NONE', #1702, #1379 ) ;
#1022 = DIRECTION ( 'NONE',  ( 0.000000000000000000, -1.000000000000000000, -1.224646799147353207E-16 ) ) ;
#1023 = CARTESIAN_POINT ( 'NONE',  ( 72.68088549413697308, 3.298627098808364355, -5.149999999999923972 ) ) ;
#1024 = ORIENTED_EDGE ( 'NONE', *, *, #18, .F. ) ;
#1025 = PLANE ( 'NONE',  #540 ) ;
#1026 = ORIENTED_EDGE ( 'NONE', *, *, #767, .T. ) ;
#1027 = DIRECTION ( 'NONE',  ( 0.000000000000000000, -1.301042606982604088E-16, 1.000000000000000000 ) ) ;
#1028 = EDGE_CURVE ( 'NONE', #795, #238, #1271, .T. ) ;
#1029 = ORIENTED_EDGE ( 'NONE', *, *, #1166, .T. ) ;
#1030 = CARTESIAN_POINT ( 'NONE',  ( 1.270066057405828558E-30, 1.610000000000054499, -5.199999999999995737 ) ) ;
#1031 = CYLINDRICAL_SURFACE ( 'NONE', #1350, 1.000000000000000888 ) ;
#1032 = EDGE_CURVE ( 'NONE', #1751, #124, #304, .T. ) ;
#1033 = ORIENTED_EDGE ( 'NONE', *, *, #667, .F. ) ;
#1034 = CARTESIAN_POINT ( 'NONE',  ( 84.16250000000000853, 1.610000000000000986, -8.000000000000000000 ) ) ;
#1035 = DIRECTION ( 'NONE',  ( -1.000000000000000000, 0.000000000000000000, 0.000000000000000000 ) ) ;
#1036 = ORIENTED_EDGE ( 'NONE', *, *, #40, .F. ) ;
#1037 = DIRECTION ( 'NONE',  ( 0.000000000000000000, -1.301042606982605321E-16, 1.000000000000000000 ) ) ;
#1038 = VECTOR ( 'NONE', #437, 1000.000000000000000 ) ;
#1039 = ORIENTED_EDGE ( 'NONE', *, *, #788, .T. ) ;
#1040 = CARTESIAN_POINT ( 'NONE',  ( 50.58124999999999005, 4.609999999998916742, 103.0218750000000369 ) ) ;
#1041 = VECTOR ( 'NONE', #1294, 1000.000000000000000 ) ;
#1042 = EDGE_CURVE ( 'NONE', #1240, #91, #135, .T. ) ;
#1043 = DIRECTION ( 'NONE',  ( 0.000000000000000000, 0.000000000000000000, -1.000000000000000000 ) ) ;
#1044 = CIRCLE ( 'NONE', #1111, 1.000000000000000888 ) ;
#1045 = EDGE_LOOP ( 'NONE', ( #160, #605, #1947, #1090 ) ) ;
#1046 = CARTESIAN_POINT ( 'NONE',  ( 89.16250000000002274, 14.11000000000000121, -9.030449599230570232E-15 ) ) ;
#1047 = CARTESIAN_POINT ( 'NONE',  ( 72.68088549413697308, 1.610000000000000986, -8.000000000000000000 ) ) ;
#1048 = ORIENTED_EDGE ( 'NONE', *, *, #1268, .T. ) ;
#1049 = DIRECTION ( 'NONE',  ( 0.000000000000000000, 1.051326443096836774E-14, -1.000000000000000000 ) ) ;
#1050 = ORIENTED_EDGE ( 'NONE', *, *, #1904, .T. ) ;
#1051 = CARTESIAN_POINT ( 'NONE',  ( 0.000000000000000000, 1.609999999999986775, 107.0218750000000227 ) ) ;
#1052 = DIRECTION ( 'NONE',  ( 0.000000000000000000, -1.220537295415852614E-16, 1.000000000000000000 ) ) ;
#1053 = CARTESIAN_POINT ( 'NONE',  ( 86.66250000000002274, 11.61000000000000121, -9.033950259752787510E-15 ) ) ;
#1054 = ADVANCED_FACE ( 'NONE', ( #1592 ), #654, .F. ) ;
#1055 = VERTEX_POINT ( 'NONE', #796 ) ;
#1056 = CARTESIAN_POINT ( 'NONE',  ( 30.58124999999999361, 4.609999999998904308, 104.2218750000000398 ) ) ;
#1057 = CARTESIAN_POINT ( 'NONE',  ( 78.50254247535130503, 14.11000000000001187, 96.32636048440136278 ) ) ;
#1058 = ORIENTED_EDGE ( 'NONE', *, *, #330, .T. ) ;
#1059 = DIRECTION ( 'NONE',  ( -1.000000000000000000, 0.000000000000000000, 0.000000000000000000 ) ) ;
#1060 = ORIENTED_EDGE ( 'NONE', *, *, #66, .F. ) ;
#1061 = DIRECTION ( 'NONE',  ( -0.000000000000000000, 0.000000000000000000, 1.000000000000000000 ) ) ;
#1062 = DIRECTION ( 'NONE',  ( 0.000000000000000000, -0.000000000000000000, -1.000000000000000000 ) ) ;
#1063 = VERTEX_POINT ( 'NONE', #804 ) ;
#1064 = CARTESIAN_POINT ( 'NONE',  ( 28.08307474683436311, 14.11000000000001187, 1.779930588231281165E-15 ) ) ;
#1065 = CARTESIAN_POINT ( 'NONE',  ( 84.16250000000000853, 14.11000000000000121, -2.999999999999998224 ) ) ;
#1066 = ORIENTED_EDGE ( 'NONE', *, *, #1476, .F. ) ;
#1067 = DIRECTION ( 'NONE',  ( 1.000000000000000000, 0.000000000000000000, 0.000000000000000000 ) ) ;
#1068 = ORIENTED_EDGE ( 'NONE', *, *, #894, .T. ) ;
#1069 = ADVANCED_FACE ( 'NONE', ( #1602 ), #1439, .T. ) ;
#1070 = FACE_OUTER_BOUND ( 'NONE', #1377, .T. ) ;
#1071 = DIRECTION ( 'NONE',  ( -0.000000000000000000, -1.000000000000000000, -1.220537295415852614E-16 ) ) ;
#1072 = VECTOR ( 'NONE', #1547, 1000.000000000000000 ) ;
#1073 = ORIENTED_EDGE ( 'NONE', *, *, #1681, .F. ) ;
#1074 = DIRECTION ( 'NONE',  ( 1.000000000000000000, 1.477578801257251320E-32, -1.206534653326983057E-16 ) ) ;
#1075 = CARTESIAN_POINT ( 'NONE',  ( 86.66250000000002274, 14.11000000000000121, -2.999999999999998668 ) ) ;
#1076 = VECTOR ( 'NONE', #541, 1000.000000000000000 ) ;
#1077 = VERTEX_POINT ( 'NONE', #1761 ) ;
#1078 = LINE ( 'NONE', #1412, #1038 ) ;
#1079 = EDGE_CURVE ( 'NONE', #1529, #1497, #1610, .T. ) ;
#1080 = ORIENTED_EDGE ( 'NONE', *, *, #1746, .T. ) ;
#1081 = DIRECTION ( 'NONE',  ( -0.000000000000000000, 0.000000000000000000, -1.000000000000000000 ) ) ;
#1082 = ADVANCED_FACE ( 'NONE', ( #2081 ), #632, .F. ) ;
#1083 = DIRECTION ( 'NONE',  ( 0.000000000000000000, 0.000000000000000000, 1.000000000000000000 ) ) ;
#1084 = ORIENTED_EDGE ( 'NONE', *, *, #1564, .T. ) ;
#1085 = CARTESIAN_POINT ( 'NONE',  ( 0.000000000000000000, 14.11000000000001187, 4.139805286303724685 ) ) ;
#1086 = CARTESIAN_POINT ( 'NONE',  ( 0.000000000000000000, 11.61000000000000121, 1.421814933810077105E-15 ) ) ;
#1087 = EDGE_LOOP ( 'NONE', ( #227, #1039, #28, #158 ) ) ;
#1088 = CARTESIAN_POINT ( 'NONE',  ( 8.369814204394933406E-30, 4.609999999998929177, 101.8218750000000341 ) ) ;
#1089 = CARTESIAN_POINT ( 'NONE',  ( 28.08307474683436311, 14.11000000000001187, 6.139805286303724685 ) ) ;
#1090 = ORIENTED_EDGE ( 'NONE', *, *, #1576, .T. ) ;
#1091 = DIRECTION ( 'NONE',  ( -2.366582715663034716E-30, -1.000000000000000000, -1.051257668248692417E-14 ) ) ;
#1092 = EDGE_CURVE ( 'NONE', #1920, #393, #2025, .T. ) ;
#1093 = DIRECTION ( 'NONE',  ( -0.000000000000000000, 1.224646799147353207E-16, -1.000000000000000000 ) ) ;
#1094 = ORIENTED_EDGE ( 'NONE', *, *, #640, .F. ) ;
#1095 = ADVANCED_FACE ( 'NONE', ( #1909 ), #2062, .F. ) ;
#1096 = LINE ( 'NONE', #1749, #1860 ) ;
#1097 = ORIENTED_EDGE ( 'NONE', *, *, #2006, .T. ) ;
#1098 = CARTESIAN_POINT ( 'NONE',  ( 0.000000000000000000, 11.61000000000000121, 1.421814933810077105E-15 ) ) ;
#1099 = DIRECTION ( 'NONE',  ( 0.000000000000000000, 1.084202172485498439E-14, -1.000000000000000000 ) ) ;
#1100 = ORIENTED_EDGE ( 'NONE', *, *, #24, .F. ) ;
#1101 = CARTESIAN_POINT ( 'NONE',  ( 2.352542475351290019, 142.1439140023674668, 19.17636048440137486 ) ) ;
#1102 = APPLICATION_CONTEXT ( 'automotive_design' ) ;
#1103 = CARTESIAN_POINT ( 'NONE',  ( -8.000000000000001776, 10.42980287296437858, 7.300862328147815106 ) ) ;
#1104 = VECTOR ( 'NONE', #1337, 1000.000000000000000 ) ;
#1105 = ORIENTED_EDGE ( 'NONE', *, *, #1042, .F. ) ;
#1106 = DIRECTION ( 'NONE',  ( -1.000000000000000000, -5.217421098815632139E-33, 4.274692070788373976E-17 ) ) ;
#1107 = VECTOR ( 'NONE', #2067, 1000.000000000000000 ) ;
#1108 = ORIENTED_EDGE ( 'NONE', *, *, #653, .F. ) ;
#1109 = CARTESIAN_POINT ( 'NONE',  ( 2.352542475351290019, 11.60999999999999766, 19.17636048440135710 ) ) ;
#1110 = VECTOR ( 'NONE', #387, 1000.000000000000000 ) ;
#1111 = AXIS2_PLACEMENT_3D ( 'NONE', #147, #316, #1115 ) ;
#1112 = VERTEX_POINT ( 'NONE', #1772 ) ;
#1113 = DIRECTION ( 'NONE',  ( -1.000000000000000000, -0.000000000000000000, 0.000000000000000000 ) ) ;
#1114 = VECTOR ( 'NONE', #1017, 1000.000000000000000 ) ;
#1115 = DIRECTION ( 'NONE',  ( 1.000000000000000000, 0.000000000000000000, 0.000000000000000000 ) ) ;
#1116 = VERTEX_POINT ( 'NONE', #1431 ) ;
#1117 = CARTESIAN_POINT ( 'NONE',  ( 30.08307474683436666, 142.1439140023674668, 15.43980528630374494 ) ) ;
#1118 = EDGE_CURVE ( 'NONE', #355, #1744, #1096, .T. ) ;
#1119 = ORIENTED_EDGE ( 'NONE', *, *, #491, .F. ) ;
#1120 = CARTESIAN_POINT ( 'NONE',  ( 72.68088549413697308, 3.298627098808364355, -5.149999999999924860 ) ) ;
#1121 = ORIENTED_EDGE ( 'NONE', *, *, #627, .T. ) ;
#1122 = DIRECTION ( 'NONE',  ( 1.000000000000000000, -7.888609052210116302E-31, -8.292960757951936203E-45 ) ) ;
#1123 = DIRECTION ( 'NONE',  ( 0.000000000000000000, 1.000000000000000000, 1.051257668248692417E-14 ) ) ;
#1124 = DIRECTION ( 'NONE',  ( 0.000000000000000000, -1.000000000000000000, -1.224646799147353207E-16 ) ) ;
#1125 =( NAMED_UNIT ( * ) PLANE_ANGLE_UNIT ( ) SI_UNIT ( $, .RADIAN. ) );
#1126 = ORIENTED_EDGE ( 'NONE', *, *, #1866, .T. ) ;
#1127 = LINE ( 'NONE', #986, #140 ) ;
#1128 = ADVANCED_FACE ( 'NONE', ( #1938 ), #972, .F. ) ;
#1129 = VERTEX_POINT ( 'NONE', #150 ) ;
#1130 = LINE ( 'NONE', #988, #1586 ) ;
#1131 = EDGE_CURVE ( 'NONE', #695, #1910, #14, .T. ) ;
#1132 = LINE ( 'NONE', #1816, #1456 ) ;
#1133 = DIRECTION ( 'NONE',  ( 0.000000000000000000, 1.000000000000000000, 1.224646799147353207E-16 ) ) ;
#1134 = AXIS2_PLACEMENT_3D ( 'NONE', #1305, #1598, #1943 ) ;
#1135 = CIRCLE ( 'NONE', #1309, 1.199999999999998845 ) ;
#1136 = ORIENTED_EDGE ( 'NONE', *, *, #1387, .F. ) ;
#1137 = CARTESIAN_POINT ( 'NONE',  ( -5.500000000000003553, 14.11000000000000121, -3.000000000000002665 ) ) ;
#1138 = AXIS2_PLACEMENT_3D ( 'NONE', #576, #116, #765 ) ;
#1139 = AXIS2_PLACEMENT_3D ( 'NONE', #606, #1739, #1869 ) ;
#1140 = ORIENTED_EDGE ( 'NONE', *, *, #737, .F. ) ;
#1141 = LINE ( 'NONE', #648, #234 ) ;
#1142 = ADVANCED_FACE ( 'NONE', ( #669 ), #553, .F. ) ;
#1143 = VECTOR ( 'NONE', #441, 1000.000000000000000 ) ;
#1144 = CIRCLE ( 'NONE', #1865, 1.000000000000000888 ) ;
#1145 = CARTESIAN_POINT ( 'NONE',  ( 89.16350000000002751, 6.429802872964378579, 14.29086232814780288 ) ) ;
#1146 = VECTOR ( 'NONE', #64, 1000.000000000000000 ) ;
#1147 = DIRECTION ( 'NONE',  ( -0.000000000000000000, 1.000000000000000000, -0.000000000000000000 ) ) ;
#1148 = ORIENTED_EDGE ( 'NONE', *, *, #1384, .F. ) ;
#1149 = CARTESIAN_POINT ( 'NONE',  ( 30.08307474683436666, 11.61000000000001009, 6.139805286303724685 ) ) ;
#1150 = ORIENTED_EDGE ( 'NONE', *, *, #265, .T. ) ;
#1151 = DIRECTION ( 'NONE',  ( 0.000000000000000000, -1.224646799147353207E-16, 1.000000000000000000 ) ) ;
#1152 = ADVANCED_FACE ( 'NONE', ( #1352 ), #531, .F. ) ;
#1153 = ORIENTED_EDGE ( 'NONE', *, *, #1944, .F. ) ;
#1154 = CARTESIAN_POINT ( 'NONE',  ( 78.50254247535129082, 142.1439140023674668, 20.17636048440137841 ) ) ;
#1155 = EDGE_CURVE ( 'NONE', #1709, #633, #186, .T. ) ;
#1156 = CARTESIAN_POINT ( 'NONE',  ( 0.000000000000000000, 10.42980287296438213, 14.29086232814780821 ) ) ;
#1157 = EDGE_CURVE ( 'NONE', #1901, #503, #194, .T. ) ;
#1158 = ORIENTED_EDGE ( 'NONE', *, *, #1808, .F. ) ;
#1159 = CARTESIAN_POINT ( 'NONE',  ( 81.16250000000002274, 14.11000000000000121, 1.727315003496143717E-15 ) ) ;
#1160 = CARTESIAN_POINT ( 'NONE',  ( 28.08307474683436311, 142.1439140023674668, 6.139805286303739784 ) ) ;
#1161 = ORIENTED_EDGE ( 'NONE', *, *, #305, .T. ) ;
#1162 = CARTESIAN_POINT ( 'NONE',  ( -8.000000000000003553, 1.609999999999999876, 1.161734227223539233E-15 ) ) ;
#1163 = VERTEX_POINT ( 'NONE', #1165 ) ;
#1164 = DIRECTION ( 'NONE',  ( 0.000000000000000000, 0.000000000000000000, 1.000000000000000000 ) ) ;
#1165 = CARTESIAN_POINT ( 'NONE',  ( 72.68088549413697308, 4.198627098808364266, -6.349999999999949019 ) ) ;
#1166 = EDGE_CURVE ( 'NONE', #1652, #1497, #145, .T. ) ;
#1167 = ORIENTED_EDGE ( 'NONE', *, *, #1183, .T. ) ;
#1168 = DIRECTION ( 'NONE',  ( 1.000000000000000000, 1.477578801257251320E-32, -1.206534653326983057E-16 ) ) ;
#1169 = CARTESIAN_POINT ( 'NONE',  ( -2.999999999999991562, 11.60999999999998877, 102.0218750000000085 ) ) ;
#1170 = ADVANCED_FACE ( 'NONE', ( #1664 ), #830, .T. ) ;
#1171 = VECTOR ( 'NONE', #418, 1000.000000000000000 ) ;
#1172 = VERTEX_POINT ( 'NONE', #1817 ) ;
#1173 = FACE_OUTER_BOUND ( 'NONE', #600, .T. ) ;
#1174 = VECTOR ( 'NONE', #1113, 1000.000000000000000 ) ;
#1175 = AXIS2_PLACEMENT_3D ( 'NONE', #389, #1834, #71 ) ;
#1176 = DIRECTION ( 'NONE',  ( 0.000000000000000000, -1.220537295415852614E-16, 1.000000000000000000 ) ) ;
#1177 = CARTESIAN_POINT ( 'NONE',  ( 1.352542475351290019, 14.11000000000001009, 20.17636048440135710 ) ) ;
#1178 = AXIS2_PLACEMENT_3D ( 'NONE', #1919, #945, #816 ) ;
#1179 = AXIS2_PLACEMENT_3D ( 'NONE', #132, #1093, #772 ) ;
#1180 = CARTESIAN_POINT ( 'NONE',  ( 30.58124999999999361, 4.609999999998929177, 101.8218750000000341 ) ) ;
#1181 = TOROIDAL_SURFACE ( 'NONE', #582, 2.500000000000000000, 2.500000000000000000 ) ;
#1182 = ORIENTED_EDGE ( 'NONE', *, *, #1028, .F. ) ;
#1183 = EDGE_CURVE ( 'NONE', #182, #289, #999, .T. ) ;
#1184 = DIRECTION ( 'NONE',  ( -0.000000000000000000, -0.000000000000000000, -1.000000000000000000 ) ) ;
#1185 = DIRECTION ( 'NONE',  ( 1.000000000000000000, 0.000000000000000000, 0.000000000000000000 ) ) ;
#1186 = UNCERTAINTY_MEASURE_WITH_UNIT (LENGTH_MEASURE( 1.000000000000000082E-05 ), #1750, 'distance_accuracy_value', 'NONE');
#1187 = ORIENTED_EDGE ( 'NONE', *, *, #585, .T. ) ;
#1188 = CARTESIAN_POINT ( 'NONE',  ( 84.16250000000002274, 1.609999999999988107, 102.0218750000000085 ) ) ;
#1189 = EDGE_CURVE ( 'NONE', #944, #523, #365, .T. ) ;
#1190 = VERTEX_POINT ( 'NONE', #376 ) ;
#1191 = LINE ( 'NONE', #1682, #1459 ) ;
#1192 = DIRECTION ( 'NONE',  ( -0.000000000000000000, -0.000000000000000000, 1.000000000000000000 ) ) ;
#1193 = ORIENTED_EDGE ( 'NONE', *, *, #1603, .T. ) ;
#1194 = DIRECTION ( 'NONE',  ( 0.000000000000000000, 0.000000000000000000, 1.000000000000000000 ) ) ;
#1195 = CARTESIAN_POINT ( 'NONE',  ( 86.66250000000003695, 11.60999999999998877, 102.0218750000000085 ) ) ;
#1196 = ORIENTED_EDGE ( 'NONE', *, *, #585, .F. ) ;
#1197 = CARTESIAN_POINT ( 'NONE',  ( 0.000000000000000000, 1.609999999999999876, 1.965065045619522697E-16 ) ) ;
#1198 = ORIENTED_EDGE ( 'NONE', *, *, #1735, .T. ) ;
#1199 = DIRECTION ( 'NONE',  ( 0.000000000000000000, 1.084202172485505538E-14, -1.000000000000000000 ) ) ;
#1200 = EDGE_CURVE ( 'NONE', #503, #1077, #1385, .T. ) ;
#1201 = FACE_OUTER_BOUND ( 'NONE', #1329, .T. ) ;
#1202 = EDGE_LOOP ( 'NONE', ( #1806, #1364, #1678, #388 ) ) ;
#1203 = FACE_OUTER_BOUND ( 'NONE', #1327, .T. ) ;
#1204 = CARTESIAN_POINT ( 'NONE',  ( 79.50254247535129082, 14.11000000000001009, 20.17636048440136065 ) ) ;
#1205 = ORIENTED_EDGE ( 'NONE', *, *, #689, .T. ) ;
#1206 = FACE_OUTER_BOUND ( 'NONE', #778, .T. ) ;
#1207 = EDGE_LOOP ( 'NONE', ( #1050, #297, #1978, #1167 ) ) ;
#1208 = ORIENTED_EDGE ( 'NONE', *, *, #55, .F. ) ;
#1209 = ADVANCED_FACE ( 'NONE', ( #522 ), #34, .F. ) ;
#1210 = CARTESIAN_POINT ( 'NONE',  ( 7.454979737345572145E-16, 142.1439140023674668, 17.43980528630374849 ) ) ;
#1211 = AXIS2_PLACEMENT_3D ( 'NONE', #1400, #2047, #433 ) ;
#1212 = CARTESIAN_POINT ( 'NONE',  ( 89.16250000000002274, 11.60999999999999943, -9.335583923084533915E-15 ) ) ;
#1213 = VECTOR ( 'NONE', #1011, 1000.000000000000000 ) ;
#1214 = VERTEX_POINT ( 'NONE', #1023 ) ;
#1215 = LINE ( 'NONE', #2011, #236 ) ;
#1216 = PRODUCT_DEFINITION_FORMATION_WITH_SPECIFIED_SOURCE ( 'ANY', '', #886, .NOT_KNOWN. ) ;
#1217 = CYLINDRICAL_SURFACE ( 'NONE', #784, 5.000000000000000000 ) ;
#1218 = ORIENTED_EDGE ( 'NONE', *, *, #1774, .T. ) ;
#1219 = LINE ( 'NONE', #1872, #1721 ) ;
#1220 = ORIENTED_EDGE ( 'NONE', *, *, #1819, .T. ) ;
#1221 = FILL_AREA_STYLE_COLOUR ( '', #1278 ) ;
#1222 = ADVANCED_FACE ( 'NONE', ( #1502 ), #1674, .F. ) ;
#1223 = LINE ( 'NONE', #1533, #1143 ) ;
#1224 = EDGE_CURVE ( 'NONE', #1240, #393, #357, .T. ) ;
#1225 = EDGE_LOOP ( 'NONE', ( #989, #115, #1443, #1428 ) ) ;
#1226 = LINE ( 'NONE', #262, #412 ) ;
#1227 = DIRECTION ( 'NONE',  ( 0.000000000000000000, -1.000000000000000000, -1.224646799147353207E-16 ) ) ;
#1228 = EDGE_CURVE ( 'NONE', #1214, #1518, #226, .T. ) ;
#1229 = ORIENTED_EDGE ( 'NONE', *, *, #354, .T. ) ;
#1230 = DIRECTION ( 'NONE',  ( 1.000000000000000000, 0.000000000000000000, -0.000000000000000000 ) ) ;
#1231 = ORIENTED_EDGE ( 'NONE', *, *, #1276, .F. ) ;
#1232 = DIRECTION ( 'NONE',  ( 1.000000000000000000, 0.000000000000000000, 0.000000000000000000 ) ) ;
#1233 = CARTESIAN_POINT ( 'NONE',  ( 50.58124999999999716, 4.610000000000055387, -5.199999999999963762 ) ) ;
#1234 = ORIENTED_EDGE ( 'NONE', *, *, #981, .T. ) ;
#1235 = DIRECTION ( 'NONE',  ( 0.000000000000000000, -8.673617379884031528E-16, -1.000000000000000000 ) ) ;
#1236 = EDGE_CURVE ( 'NONE', #987, #52, #992, .T. ) ;
#1237 = DIRECTION ( 'NONE',  ( 1.206534653326983057E-16, -1.220537295415852614E-16, 1.000000000000000000 ) ) ;
#1238 = VERTEX_POINT ( 'NONE', #1156 ) ;
#1239 = DIRECTION ( 'NONE',  ( 0.000000000000000000, 1.000000000000000000, 1.220537295415852614E-16 ) ) ;
#1240 = VERTEX_POINT ( 'NONE', #1180 ) ;
#1241 = DIRECTION ( 'NONE',  ( 0.000000000000000000, 0.000000000000000000, 1.000000000000000000 ) ) ;
#1242 = STYLED_ITEM ( 'NONE', ( #1405 ), #104 ) ;
#1243 = AXIS2_PLACEMENT_3D ( 'NONE', #307, #960, #10 ) ;
#1244 = LINE ( 'NONE', #1259, #38 ) ;
#1245 = AXIS2_PLACEMENT_3D ( 'NONE', #1623, #1911, #975 ) ;
#1246 = AXIS2_PLACEMENT_3D ( 'NONE', #1375, #2021, #724 ) ;
#1247 = VERTEX_POINT ( 'NONE', #864 ) ;
#1248 = CARTESIAN_POINT ( 'NONE',  ( -3.000000000000003997, 14.11000000000000121, -2.999999999999998224 ) ) ;
#1249 = CARTESIAN_POINT ( 'NONE',  ( 55.88307474683436027, 14.11000000000001187, 15.43980528630373072 ) ) ;
#1250 = VECTOR ( 'NONE', #1568, 1000.000000000000000 ) ;
#1251 = EDGE_CURVE ( 'NONE', #1920, #1684, #1511, .T. ) ;
#1252 = ORIENTED_EDGE ( 'NONE', *, *, #550, .F. ) ;
#1253 = DIRECTION ( 'NONE',  ( 0.000000000000000000, 1.000000000000000000, 1.220537295415852861E-16 ) ) ;
#1254 = LINE ( 'NONE', #129, #579 ) ;
#1255 = AXIS2_PLACEMENT_3D ( 'NONE', #1040, #1691, #1099 ) ;
#1256 = EDGE_LOOP ( 'NONE', ( #1033, #717, #1506, #300 ) ) ;
#1257 = PLANE ( 'NONE',  #1618 ) ;
#1258 = ADVANCED_FACE ( 'NONE', ( #984 ), #1031, .F. ) ;
#1259 = CARTESIAN_POINT ( 'NONE',  ( -7.999999999999991118, 14.10999999999998877, 102.0218750000000085 ) ) ;
#1260 = ORIENTED_EDGE ( 'NONE', *, *, #330, .F. ) ;
#1261 = CARTESIAN_POINT ( 'NONE',  ( 30.58124999999999361, 4.609999999998929177, 101.8218750000000341 ) ) ;
#1262 = LINE ( 'NONE', #1047, #8 ) ;
#1263 = VERTEX_POINT ( 'NONE', #1565 ) ;
#1264 = CARTESIAN_POINT ( 'NONE',  ( -8.000000000000001776, 6.429802872964377691, 7.300862328147815106 ) ) ;
#1265 = LINE ( 'NONE', #2008, #1931 ) ;
#1266 = EDGE_LOOP ( 'NONE', ( #1354, #42, #615, #363 ) ) ;
#1267 = DIRECTION ( 'NONE',  ( 0.000000000000000000, 0.000000000000000000, 1.000000000000000000 ) ) ;
#1268 = EDGE_CURVE ( 'NONE', #361, #1601, #755, .T. ) ;
#1269 = DIRECTION ( 'NONE',  ( 0.000000000000000000, 1.048062100069315168E-14, -1.000000000000000000 ) ) ;
#1270 = ORIENTED_EDGE ( 'NONE', *, *, #267, .F. ) ;
#1271 = LINE ( 'NONE', #487, #1657 ) ;
#1272 = ORIENTED_EDGE ( 'NONE', *, *, #920, .F. ) ;
#1273 = DIRECTION ( 'NONE',  ( -0.000000000000000000, -1.000000000000000000, -1.220537295415852614E-16 ) ) ;
#1274 = ORIENTED_EDGE ( 'NONE', *, *, #667, .T. ) ;
#1275 = CARTESIAN_POINT ( 'NONE',  ( -2.999999999999991562, 11.60999999999998877, 104.5218750000000085 ) ) ;
#1276 = EDGE_CURVE ( 'NONE', #328, #2010, #268, .T. ) ;
#1277 = FACE_OUTER_BOUND ( 'NONE', #278, .T. ) ;
#1278 = COLOUR_RGB ( '',0.7921568627450980005, 0.8196078431372548767, 0.9333333333333333481 ) ;
#1279 = CIRCLE ( 'NONE', #539, 1.000000000000000000 ) ;
#1280 = ORIENTED_EDGE ( 'NONE', *, *, #851, .T. ) ;
#1281 = DIRECTION ( 'NONE',  ( -5.782411586589324901E-15, 1.084202172485498439E-14, -1.000000000000000000 ) ) ;
#1282 = ORIENTED_EDGE ( 'NONE', *, *, #66, .T. ) ;
#1283 = CARTESIAN_POINT ( 'NONE',  ( -3.000000000000003997, 1.610000000000000320, -3.000000000000000000 ) ) ;
#1284 = CIRCLE ( 'NONE', #1660, 4.000000000000001776 ) ;
#1285 = DIRECTION ( 'NONE',  ( -5.782411586589324901E-15, 1.048062100069315168E-14, -1.000000000000000000 ) ) ;
#1286 = CIRCLE ( 'NONE', #1626, 5.000000000000000000 ) ;
#1287 = ORIENTED_EDGE ( 'NONE', *, *, #1972, .F. ) ;
#1288 = DIRECTION ( 'NONE',  ( 0.000000000000000000, -1.220537295415852614E-16, 1.000000000000000000 ) ) ;
#1289 = CIRCLE ( 'NONE', #815, 5.000000000000004441 ) ;
#1290 = CARTESIAN_POINT ( 'NONE',  ( -3.000000000000003997, 11.61000000000000121, -2.999999999999998668 ) ) ;
#1291 = DIRECTION ( 'NONE',  ( 1.000000000000000000, 0.000000000000000000, -0.000000000000000000 ) ) ;
#1292 = ADVANCED_FACE ( 'NONE', ( #396 ), #919, .T. ) ;
#1293 = ORIENTED_EDGE ( 'NONE', *, *, #1512, .F. ) ;
#1294 = DIRECTION ( 'NONE',  ( -1.000000000000000000, -1.477578801257251594E-32, 1.206534653326983057E-16 ) ) ;
#1295 = EDGE_CURVE ( 'NONE', #1833, #1922, #1542, .T. ) ;
#1296 = ORIENTED_EDGE ( 'NONE', *, *, #155, .F. ) ;
#1297 = CARTESIAN_POINT ( 'NONE',  ( 30.58124999999999361, 1.610000000000029408, -2.799999999999998046 ) ) ;
#1298 = PLANE ( 'NONE',  #78 ) ;
#1299 = CARTESIAN_POINT ( 'NONE',  ( 2.352542475351290019, 11.61000000000001009, 96.32636048440137699 ) ) ;
#1300 = ORIENTED_EDGE ( 'NONE', *, *, #1827, .F. ) ;
#1301 = EDGE_CURVE ( 'NONE', #1885, #1190, #1842, .T. ) ;
#1302 = CARTESIAN_POINT ( 'NONE',  ( 81.16250000000002274, 11.61000000000000121, 1.421153303709305452E-15 ) ) ;
#1303 = ORIENTED_EDGE ( 'NONE', *, *, #1301, .T. ) ;
#1304 = EDGE_CURVE ( 'NONE', #865, #826, #906, .T. ) ;
#1305 = CARTESIAN_POINT ( 'NONE',  ( 28.08307474683436311, 142.1439140023674668, 1.740694730002682666E-14 ) ) ;
#1306 = CARTESIAN_POINT ( 'NONE',  ( 66.38088549413696171, 5.198627098808364266, 0.000000000000000000 ) ) ;
#1307 = DIRECTION ( 'NONE',  ( -1.516704442957134829E-32, -1.000000000000000000, -2.481721710982556541E-16 ) ) ;
#1308 = VECTOR ( 'NONE', #156, 1000.000000000000000 ) ;
#1309 = AXIS2_PLACEMENT_3D ( 'NONE', #1838, #1359, #1805 ) ;
#1310 = ORIENTED_EDGE ( 'NONE', *, *, #1499, .F. ) ;
#1311 = DIRECTION ( 'NONE',  ( 0.000000000000000000, 0.000000000000000000, 1.000000000000000000 ) ) ;
#1312 = CARTESIAN_POINT ( 'NONE',  ( 78.50254247535130503, 11.60999999999998167, 97.32636048440136278 ) ) ;
#1313 = VECTOR ( 'NONE', #1355, 1000.000000000000000 ) ;
#1314 = EDGE_CURVE ( 'NONE', #1518, #818, #1928, .T. ) ;
#1315 = VECTOR ( 'NONE', #699, 1000.000000000000000 ) ;
#1316 = ORIENTED_EDGE ( 'NONE', *, *, #788, .F. ) ;
#1317 = CARTESIAN_POINT ( 'NONE',  ( 65.38088549413696171, 5.198627098808364266, -5.149999999999924860 ) ) ;
#1318 = AXIS2_PLACEMENT_3D ( 'NONE', #1145, #1807, #373 ) ;
#1319 = VERTEX_POINT ( 'NONE', #1398 ) ;
#1320 = CIRCLE ( 'NONE', #1492, 2.500000000000000444 ) ;
#1321 = CARTESIAN_POINT ( 'NONE',  ( 50.58124999999999005, 4.610000000000042064, -3.999999999999973355 ) ) ;
#1322 = EDGE_CURVE ( 'NONE', #85, #414, #2037, .T. ) ;
#1323 = CARTESIAN_POINT ( 'NONE',  ( 50.58124999999999716, 4.610000000000028741, -2.799999999999966516 ) ) ;
#1324 = ORIENTED_EDGE ( 'NONE', *, *, #1032, .F. ) ;
#1325 = CARTESIAN_POINT ( 'NONE',  ( 72.68088549413697308, 1.610000000000002096, 0.000000000000000000 ) ) ;
#1326 = DIRECTION ( 'NONE',  ( 0.000000000000000000, 0.000000000000000000, 1.000000000000000000 ) ) ;
#1327 = EDGE_LOOP ( 'NONE', ( #909, #1733, #1121, #163 ) ) ;
#1328 = FACE_BOUND ( 'NONE', #137, .T. ) ;
#1329 = EDGE_LOOP ( 'NONE', ( #1100, #2083, #665, #1877 ) ) ;
#1330 = EDGE_CURVE ( 'NONE', #1901, #1438, #1284, .T. ) ;
#1331 = DIRECTION ( 'NONE',  ( 0.000000000000000000, 0.000000000000000000, -1.000000000000000000 ) ) ;
#1332 = DIRECTION ( 'NONE',  ( 1.000000000000000000, 0.000000000000000000, 0.000000000000000000 ) ) ;
#1333 = VERTEX_POINT ( 'NONE', #1523 ) ;
#1334 = LINE ( 'NONE', #37, #206 ) ;
#1335 = DIRECTION ( 'NONE',  ( 0.000000000000000000, 1.000000000000000000, 1.220537295415852614E-16 ) ) ;
#1336 = ORIENTED_EDGE ( 'NONE', *, *, #1268, .F. ) ;
#1337 = DIRECTION ( 'NONE',  ( 1.000000000000000000, 0.000000000000000000, -0.000000000000000000 ) ) ;
#1338 = ORIENTED_EDGE ( 'NONE', *, *, #596, .T. ) ;
#1339 = DIRECTION ( 'NONE',  ( 0.000000000000000000, 0.000000000000000000, -1.000000000000000000 ) ) ;
#1340 = EDGE_CURVE ( 'NONE', #1163, #243, #421, .T. ) ;
#1341 = CARTESIAN_POINT ( 'NONE',  ( 72.68088549413697308, 3.298627098808364355, -5.149999999999924860 ) ) ;
#1342 = EDGE_LOOP ( 'NONE', ( #287, #188, #321, #1187 ) ) ;
#1343 = CARTESIAN_POINT ( 'NONE',  ( 89.16350000000002751, 6.429802872964378579, 14.29086232814780288 ) ) ;
#1344 = EDGE_LOOP ( 'NONE', ( #1940, #1647, #628, #1825, #1457 ) ) ;
#1345 = CARTESIAN_POINT ( 'NONE',  ( 79.50254247535130503, 11.60999999999998877, 96.32636048440136278 ) ) ;
#1346 = AXIS2_PLACEMENT_3D ( 'NONE', #1188, #688, #1027 ) ;
#1347 = AXIS2_PLACEMENT_3D ( 'NONE', #671, #516, #555 ) ;
#1348 = FACE_BOUND ( 'NONE', #323, .T. ) ;
#1349 = CARTESIAN_POINT ( 'NONE',  ( -8.000000000000001776, 6.429802872964378579, 14.29086232814781532 ) ) ;
#1350 = AXIS2_PLACEMENT_3D ( 'NONE', #113, #1554, #1884 ) ;
#1351 = AXIS2_PLACEMENT_3D ( 'NONE', #521, #1831, #1501 ) ;
#1352 = FACE_OUTER_BOUND ( 'NONE', #1266, .T. ) ;
#1353 = VECTOR ( 'NONE', #911, 1000.000000000000000 ) ;
#1354 = ORIENTED_EDGE ( 'NONE', *, *, #420, .T. ) ;
#1355 = DIRECTION ( 'NONE',  ( 0.000000000000000000, 1.220537295415852614E-16, -1.000000000000000000 ) ) ;
#1356 = EDGE_CURVE ( 'NONE', #687, #1652, #1223, .T. ) ;
#1357 = CARTESIAN_POINT ( 'NONE',  ( 50.58124999999999716, 4.610000000000055387, -5.199999999999963762 ) ) ;
#1358 = ORIENTED_EDGE ( 'NONE', *, *, #854, .F. ) ;
#1359 = DIRECTION ( 'NONE',  ( -7.888609052210116302E-31, -1.000000000000000000, -1.051326443096836774E-14 ) ) ;
#1360 = EDGE_CURVE ( 'NONE', #1638, #795, #381, .T. ) ;
#1361 = VERTEX_POINT ( 'NONE', #2009 ) ;
#1362 = CARTESIAN_POINT ( 'NONE',  ( 28.08307474683436311, 11.61000000000000121, 1.421153303709305452E-15 ) ) ;
#1363 = DIRECTION ( 'NONE',  ( 0.000000000000000000, 0.000000000000000000, 1.000000000000000000 ) ) ;
#1364 = ORIENTED_EDGE ( 'NONE', *, *, #991, .T. ) ;
#1365 = CARTESIAN_POINT ( 'NONE',  ( 30.58124999999999361, 1.610000000000054499, -5.199999999999995737 ) ) ;
#1366 = DIRECTION ( 'NONE',  ( -0.000000000000000000, -1.000000000000000000, -1.224646799147353207E-16 ) ) ;
#1367 = EDGE_CURVE ( 'NONE', #154, #1636, #1725, .T. ) ;
#1368 = ORIENTED_EDGE ( 'NONE', *, *, #107, .F. ) ;
#1369 = LINE ( 'NONE', #1162, #1587 ) ;
#1370 = EDGE_LOOP ( 'NONE', ( #580, #1780, #1897, #554, #738, #1150, #409, #400 ) ) ;
#1371 = LINE ( 'NONE', #1051, #65 ) ;
#1372 = CARTESIAN_POINT ( 'NONE',  ( 71.68088549413697308, 5.198627098808364266, 0.000000000000000000 ) ) ;
#1373 = CARTESIAN_POINT ( 'NONE',  ( 53.88307474683436027, 14.11000000000001187, 15.43980528630373072 ) ) ;
#1374 = ORIENTED_EDGE ( 'NONE', *, *, #87, .F. ) ;
#1375 = CARTESIAN_POINT ( 'NONE',  ( 84.16250000000000853, 14.11000000000000121, -2.999999999999998224 ) ) ;
#1376 = LINE ( 'NONE', #2040, #416 ) ;
#1377 = EDGE_LOOP ( 'NONE', ( #1606, #1929, #1097, #2046 ) ) ;
#1378 = DIRECTION ( 'NONE',  ( 0.000000000000000000, 1.000000000000000000, -0.000000000000000000 ) ) ;
#1379 = VECTOR ( 'NONE', #839, 1000.000000000000000 ) ;
#1380 = ADVANCED_FACE ( 'NONE', ( #1201 ), #731, .T. ) ;
#1381 = AXIS2_PLACEMENT_3D ( 'NONE', #1197, #527, #43 ) ;
#1382 = EDGE_LOOP ( 'NONE', ( #1935, #1566, #1687, #1280 ) ) ;
#1383 = DIRECTION ( 'NONE',  ( -0.000000000000000000, -1.000000000000000000, -1.220537295415852614E-16 ) ) ;
#1384 = EDGE_CURVE ( 'NONE', #238, #865, #980, .T. ) ;
#1385 = CIRCLE ( 'NONE', #948, 4.000000000000003553 ) ;
#1386 = DIRECTION ( 'NONE',  ( -1.000000000000000000, -5.217421098815632139E-33, 4.274692070788373976E-17 ) ) ;
#1387 = EDGE_CURVE ( 'NONE', #1796, #1112, #1875, .T. ) ;
#1388 = VECTOR ( 'NONE', #802, 1000.000000000000000 ) ;
#1389 = EDGE_LOOP ( 'NONE', ( #1562, #2007, #678, #260 ) ) ;
#1390 = CARTESIAN_POINT ( 'NONE',  ( 0.000000000000000000, 6.429802872964378579, 14.29086232814781354 ) ) ;
#1391 = CIRCLE ( 'NONE', #455, 1.199999999999998845 ) ;
#1392 = DIRECTION ( 'NONE',  ( 0.000000000000000000, 0.000000000000000000, 1.000000000000000000 ) ) ;
#1393 = VERTEX_POINT ( 'NONE', #98 ) ;
#1394 = CARTESIAN_POINT ( 'NONE',  ( -5.500000000000003553, 11.61000000000000121, 2.085774738972021454E-15 ) ) ;
#1395 = ORIENTED_EDGE ( 'NONE', *, *, #1953, .F. ) ;
#1396 = FILL_AREA_STYLE ('',( #1221 ) ) ;
#1397 = EDGE_CURVE ( 'NONE', #1497, #826, #741, .T. ) ;
#1398 = CARTESIAN_POINT ( 'NONE',  ( 72.68088549413697308, 3.298627098808364355, -6.349999999999948130 ) ) ;
#1399 = EDGE_LOOP ( 'NONE', ( #252, #583, #1958, #366, #1084, #1526, #1699, #901 ) ) ;
#1400 = CARTESIAN_POINT ( 'NONE',  ( 53.88307474683436027, 11.61000000000001009, 6.139805286303724685 ) ) ;
#1401 = FACE_BOUND ( 'NONE', #507, .T. ) ;
#1402 = ORIENTED_EDGE ( 'NONE', *, *, #1228, .T. ) ;
#1403 = DIRECTION ( 'NONE',  ( -1.206534653326983057E-16, 1.220537295415852614E-16, -1.000000000000000000 ) ) ;
#1404 = ORIENTED_EDGE ( 'NONE', *, *, #1461, .F. ) ;
#1405 = PRESENTATION_STYLE_ASSIGNMENT (( #1745 ) ) ;
#1406 = DIRECTION ( 'NONE',  ( -2.366582715663034716E-30, -1.000000000000000000, -1.051257668248692417E-14 ) ) ;
#1407 = EDGE_CURVE ( 'NONE', #2035, #1744, #930, .T. ) ;
#1408 = ORIENTED_EDGE ( 'NONE', *, *, #175, .T. ) ;
#1409 = DIRECTION ( 'NONE',  ( -1.000000000000000000, -2.130542882016190272E-32, 1.745577861502615545E-16 ) ) ;
#1410 = CARTESIAN_POINT ( 'NONE',  ( 65.38088549413696171, 1.610000000000000986, -8.000000000000000000 ) ) ;
#1411 = ORIENTED_EDGE ( 'NONE', *, *, #942, .T. ) ;
#1412 = CARTESIAN_POINT ( 'NONE',  ( 1.270066057405828558E-30, 1.610000000000029408, -2.799999999999998046 ) ) ;
#1413 = LINE ( 'NONE', #1362, #315 ) ;
#1414 = ADVANCED_FACE ( 'NONE', ( #785 ), #484, .F. ) ;
#1415 = VERTEX_POINT ( 'NONE', #1588 ) ;
#1416 =( NAMED_UNIT ( * ) SI_UNIT ( $, .STERADIAN. ) SOLID_ANGLE_UNIT ( ) );
#1417 = FACE_OUTER_BOUND ( 'NONE', #1207, .T. ) ;
#1418 = AXIS2_PLACEMENT_3D ( 'NONE', #1390, #598, #1235 ) ;
#1419 = ORIENTED_EDGE ( 'NONE', *, *, #1118, .F. ) ;
#1420 = CARTESIAN_POINT ( 'NONE',  ( 50.58124999999999005, 4.609999999998916742, 103.0218750000000369 ) ) ;
#1421 = LINE ( 'NONE', #1249, #245 ) ;
#1422 = AXIS2_PLACEMENT_3D ( 'NONE', #1373, #896, #571 ) ;
#1423 = AXIS2_PLACEMENT_3D ( 'NONE', #296, #117, #934 ) ;
#1424 = ORIENTED_EDGE ( 'NONE', *, *, #1384, .T. ) ;
#1425 = EDGE_CURVE ( 'NONE', #120, #1636, #2059, .T. ) ;
#1426 = FACE_OUTER_BOUND ( 'NONE', #1658, .T. ) ;
#1427 = PLANE ( 'NONE',  #1830 ) ;
#1428 = ORIENTED_EDGE ( 'NONE', *, *, #1367, .T. ) ;
#1429 = CARTESIAN_POINT ( 'NONE',  ( 30.08307474683436666, 11.60999999999999943, 17.43980528630373072 ) ) ;
#1430 = ORIENTED_EDGE ( 'NONE', *, *, #2027, .T. ) ;
#1431 = CARTESIAN_POINT ( 'NONE',  ( 30.58124999999999361, 4.609999999998904308, 104.2218750000000398 ) ) ;
#1432 = ORIENTED_EDGE ( 'NONE', *, *, #1608, .T. ) ;
#1433 = DIRECTION ( 'NONE',  ( 0.000000000000000000, -1.000000000000000000, -1.734723475976806848E-16 ) ) ;
#1434 = EDGE_CURVE ( 'NONE', #775, #355, #954, .T. ) ;
#1435 = ORIENTED_EDGE ( 'NONE', *, *, #369, .T. ) ;
#1436 = DIRECTION ( 'NONE',  ( 0.000000000000000000, -2.481721710982556541E-16, 1.000000000000000000 ) ) ;
#1437 = DIRECTION ( 'NONE',  ( -0.000000000000000000, 1.000000000000000000, 1.224646799147353207E-16 ) ) ;
#1438 = VERTEX_POINT ( 'NONE', #1600 ) ;
#1439 = PLANE ( 'NONE',  #1590 ) ;
#1440 = CARTESIAN_POINT ( 'NONE',  ( 0.000000000000000000, 0.000000000000000000, 0.000000000000000000 ) ) ;
#1441 = ORIENTED_EDGE ( 'NONE', *, *, #1301, .F. ) ;
#1442 = CARTESIAN_POINT ( 'NONE',  ( 71.68088549413697308, 5.198627098808364266, 0.000000000000000000 ) ) ;
#1443 = ORIENTED_EDGE ( 'NONE', *, *, #803, .T. ) ;
#1444 = DIRECTION ( 'NONE',  ( 2.736911063134408342E-48, -1.000000000000000000, -1.224646799147353207E-16 ) ) ;
#1445 = ADVANCED_FACE ( 'NONE', ( #165 ), #1575, .T. ) ;
#1446 = EDGE_CURVE ( 'NONE', #361, #355, #464, .T. ) ;
#1447 = CYLINDRICAL_SURFACE ( 'NONE', #1995, 1.199999999999998845 ) ;
#1448 = AXIS2_PLACEMENT_3D ( 'NONE', #690, #224, #215 ) ;
#1449 = AXIS2_PLACEMENT_3D ( 'NONE', #1006, #869, #1688 ) ;
#1450 = EDGE_CURVE ( 'NONE', #91, #2069, #111, .T. ) ;
#1451 = CARTESIAN_POINT ( 'NONE',  ( 1.698907402021940573E-14, 142.1439140023674383, 97.32636048440139120 ) ) ;
#1452 = VECTOR ( 'NONE', #1016, 1000.000000000000000 ) ;
#1453 = ORIENTED_EDGE ( 'NONE', *, *, #1848, .F. ) ;
#1454 = CARTESIAN_POINT ( 'NONE',  ( 71.68088549413697308, 4.198627098808364266, -6.349999999999949019 ) ) ;
#1455 = VECTOR ( 'NONE', #1469, 1000.000000000000000 ) ;
#1456 = VECTOR ( 'NONE', #1800, 1000.000000000000000 ) ;
#1457 = ORIENTED_EDGE ( 'NONE', *, *, #520, .T. ) ;
#1458 = LINE ( 'NONE', #1777, #1174 ) ;
#1459 = VECTOR ( 'NONE', #613, 1000.000000000000000 ) ;
#1460 = DIRECTION ( 'NONE',  ( -0.000000000000000000, -4.963443421965113083E-16, -1.000000000000000000 ) ) ;
#1461 = EDGE_CURVE ( 'NONE', #1857, #2038, #172, .T. ) ;
#1462 = DIRECTION ( 'NONE',  ( 0.000000000000000000, -1.000000000000000000, 0.000000000000000000 ) ) ;
#1463 = ORIENTED_EDGE ( 'NONE', *, *, #674, .T. ) ;
#1464 = LINE ( 'NONE', #656, #1041 ) ;
#1465 = CARTESIAN_POINT ( 'NONE',  ( 50.58124999999999005, 1.609999999998916742, 103.0218750000000085 ) ) ;
#1466 = ORIENTED_EDGE ( 'NONE', *, *, #1407, .F. ) ;
#1467 = CARTESIAN_POINT ( 'NONE',  ( 79.50254247535129082, 142.1439140023674668, 20.17636048440137841 ) ) ;
#1468 = CYLINDRICAL_SURFACE ( 'NONE', #2060, 2.000000000000000000 ) ;
#1469 = DIRECTION ( 'NONE',  ( -0.000000000000000000, 1.000000000000000000, 1.224646799147353207E-16 ) ) ;
#1470 = ADVANCED_FACE ( 'NONE', ( #1417 ), #1447, .F. ) ;
#1471 = DIRECTION ( 'NONE',  ( 1.000000000000000000, 0.000000000000000000, 0.000000000000000000 ) ) ;
#1472 = EDGE_LOOP ( 'NONE', ( #2013, #1508, #151, #932 ) ) ;
#1473 = FACE_BOUND ( 'NONE', #1005, .T. ) ;
#1474 = ORIENTED_EDGE ( 'NONE', *, *, #767, .F. ) ;
#1475 = CARTESIAN_POINT ( 'NONE',  ( 81.16250000000002274, 14.11000000000000121, 1.727976633596915370E-15 ) ) ;
#1476 = EDGE_CURVE ( 'NONE', #697, #1055, #1244, .T. ) ;
#1477 = ORIENTED_EDGE ( 'NONE', *, *, #674, .F. ) ;
#1478 = LINE ( 'NONE', #216, #1896 ) ;
#1479 = CARTESIAN_POINT ( 'NONE',  ( 84.16250000000002274, 11.60999999999998700, 107.0218750000000227 ) ) ;
#1480 = VECTOR ( 'NONE', #1952, 1000.000000000000000 ) ;
#1481 = AXIS2_PLACEMENT_3D ( 'NONE', #1394, #1403, #1253 ) ;
#1482 = ORIENTED_EDGE ( 'NONE', *, *, #627, .F. ) ;
#1483 = CARTESIAN_POINT ( 'NONE',  ( 78.50254247535129082, 14.11000000000001187, 19.17636048440136065 ) ) ;
#1484 = CARTESIAN_POINT ( 'NONE',  ( -5.499999999999991118, 14.10999999999998700, 102.0218750000000085 ) ) ;
#1485 = AXIS2_PLACEMENT_3D ( 'NONE', #1283, #1273, #1921 ) ;
#1486 = AXIS2_PLACEMENT_3D ( 'NONE', #1053, #586, #875 ) ;
#1487 = ORIENTED_EDGE ( 'NONE', *, *, #991, .F. ) ;
#1488 = DIRECTION ( 'NONE',  ( -1.000000000000000000, -1.477578801257251594E-32, 1.206534653326983057E-16 ) ) ;
#1489 = VECTOR ( 'NONE', #552, 1000.000000000000000 ) ;
#1490 = EDGE_CURVE ( 'NONE', #1727, #293, #7, .T. ) ;
#1491 = CARTESIAN_POINT ( 'NONE',  ( 30.08307474683436666, 142.1439140023674668, 4.139805286303739784 ) ) ;
#1492 = AXIS2_PLACEMENT_3D ( 'NONE', #1753, #887, #308 ) ;
#1493 = LINE ( 'NONE', #32, #453 ) ;
#1494 = CARTESIAN_POINT ( 'NONE',  ( -8.000000000000001776, 6.429802872964378579, 14.29086232814781532 ) ) ;
#1495 = ORIENTED_EDGE ( 'NONE', *, *, #1092, .T. ) ;
#1496 = DIRECTION ( 'NONE',  ( -1.000000000000000000, -1.477578801257251594E-32, 1.206534653326983057E-16 ) ) ;
#1497 = VERTEX_POINT ( 'NONE', #1429 ) ;
#1498 = LINE ( 'NONE', #362, #1619 ) ;
#1499 = EDGE_CURVE ( 'NONE', #2061, #489, #302, .T. ) ;
#1500 = FACE_OUTER_BOUND ( 'NONE', #856, .T. ) ;
#1501 = DIRECTION ( 'NONE',  ( 0.000000000000000000, 0.000000000000000000, -1.000000000000000000 ) ) ;
#1502 = FACE_OUTER_BOUND ( 'NONE', #575, .T. ) ;
#1503 = ORIENTED_EDGE ( 'NONE', *, *, #700, .T. ) ;
#1504 = CARTESIAN_POINT ( 'NONE',  ( 0.000000000000000000, 11.60999999999999588, 99.02187500000000853 ) ) ;
#1505 = CARTESIAN_POINT ( 'NONE',  ( 0.000000000000000000, 11.61000000000000298, -5.499999999999998224 ) ) ;
#1506 = ORIENTED_EDGE ( 'NONE', *, *, #1157, .T. ) ;
#1507 = LINE ( 'NONE', #1847, #1988 ) ;
#1508 = ORIENTED_EDGE ( 'NONE', *, *, #1397, .F. ) ;
#1509 = CARTESIAN_POINT ( 'NONE',  ( 89.16250000000002274, 11.60999999999999943, -3.000000000000000000 ) ) ;
#1510 = EDGE_CURVE ( 'NONE', #795, #1129, #2072, .T. ) ;
#1511 = LINE ( 'NONE', #67, #174 ) ;
#1512 = EDGE_CURVE ( 'NONE', #2038, #1393, #1286, .T. ) ;
#1513 = AXIS2_PLACEMENT_3D ( 'NONE', #290, #144, #471 ) ;
#1514 = ORIENTED_EDGE ( 'NONE', *, *, #342, .T. ) ;
#1515 = CARTESIAN_POINT ( 'NONE',  ( 1.352542475351290019, 11.61000000000000121, 1.421153303709305452E-15 ) ) ;
#1516 = CARTESIAN_POINT ( 'NONE',  ( 50.58124999999999716, 1.610000000000000542, -5.200000000000002842 ) ) ;
#1517 = TOROIDAL_SURFACE ( 'NONE', #943, 2.500000000000000000, 2.500000000000000000 ) ;
#1518 = VERTEX_POINT ( 'NONE', #940 ) ;
#1519 = LINE ( 'NONE', #727, #1787 ) ;
#1520 = AXIS2_PLACEMENT_3D ( 'NONE', #25, #1168, #524 ) ;
#1521 = ORIENTED_EDGE ( 'NONE', *, *, #573, .F. ) ;
#1522 = DIRECTION ( 'NONE',  ( -7.888609052210116302E-31, -1.000000000000000000, -1.051326443096836774E-14 ) ) ;
#1523 = CARTESIAN_POINT ( 'NONE',  ( 30.08307474683436666, 14.11000000000001187, 4.139805286303724685 ) ) ;
#1524 = AXIS2_PLACEMENT_3D ( 'NONE', #368, #390, #1326 ) ;
#1525 = EDGE_CURVE ( 'NONE', #1190, #190, #1044, .T. ) ;
#1526 = ORIENTED_EDGE ( 'NONE', *, *, #55, .T. ) ;
#1527 = CARTESIAN_POINT ( 'NONE',  ( 65.38088549413696171, 3.298627098808364355, -5.149999999999923972 ) ) ;
#1528 = CARTESIAN_POINT ( 'NONE',  ( 66.38088549413696171, 4.198627098808364266, -5.149999999999925748 ) ) ;
#1529 = VERTEX_POINT ( 'NONE', #456 ) ;
#1530 = CARTESIAN_POINT ( 'NONE',  ( 89.16350000000002751, 2.429802872964377691, 7.300862328147803559 ) ) ;
#1531 = ORIENTED_EDGE ( 'NONE', *, *, #1490, .F. ) ;
#1532 = DIRECTION ( 'NONE',  ( 1.000000000000000000, -7.888609052210116302E-31, -8.292960757951934959E-45 ) ) ;
#1533 = CARTESIAN_POINT ( 'NONE',  ( 28.08307474683436311, 142.1439140023674668, 15.43980528630374494 ) ) ;
#1534 = ORIENTED_EDGE ( 'NONE', *, *, #723, .T. ) ;
#1535 = EDGE_CURVE ( 'NONE', #523, #1190, #494, .T. ) ;
#1536 = DIRECTION ( 'NONE',  ( -1.000000000000000000, 5.217421098815632139E-33, -4.274692070788373976E-17 ) ) ;
#1537 = DIRECTION ( 'NONE',  ( 0.000000000000000000, -1.000000000000000000, -1.224646799147353207E-16 ) ) ;
#1538 = ORIENTED_EDGE ( 'NONE', *, *, #1567, .F. ) ;
#1539 = CARTESIAN_POINT ( 'NONE',  ( 72.68088549413697308, 5.198627098808364266, 8.134386544436017275 ) ) ;
#1540 = ADVANCED_FACE ( 'NONE', ( #1277 ), #1925, .T. ) ;
#1541 = CYLINDRICAL_SURFACE ( 'NONE', #1548, 1.000000000000000888 ) ;
#1542 = LINE ( 'NONE', #1233, #841 ) ;
#1543 = ORIENTED_EDGE ( 'NONE', *, *, #737, .T. ) ;
#1544 = PLANE ( 'NONE',  #1139 ) ;
#1545 = LINE ( 'NONE', #271, #282 ) ;
#1546 = ORIENTED_EDGE ( 'NONE', *, *, #1580, .F. ) ;
#1547 = DIRECTION ( 'NONE',  ( -1.206534653326983057E-16, 1.220537295415852614E-16, -1.000000000000000000 ) ) ;
#1548 = AXIS2_PLACEMENT_3D ( 'NONE', #430, #1061, #1712 ) ;
#1549 = ADVANCED_FACE ( 'NONE', ( #204 ), #1786, .F. ) ;
#1550 = VECTOR ( 'NONE', #161, 1000.000000000000000 ) ;
#1551 = ORIENTED_EDGE ( 'NONE', *, *, #1927, .T. ) ;
#1552 =( LENGTH_UNIT ( ) NAMED_UNIT ( * ) SI_UNIT ( .MILLI., .METRE. ) );
#1553 = VECTOR ( 'NONE', #1557, 1000.000000000000000 ) ;
#1554 = DIRECTION ( 'NONE',  ( -0.000000000000000000, 0.000000000000000000, 1.000000000000000000 ) ) ;
#1555 = VECTOR ( 'NONE', #325, 1000.000000000000000 ) ;
#1556 = ORIENTED_EDGE ( 'NONE', *, *, #320, .F. ) ;
#1557 = DIRECTION ( 'NONE',  ( 1.000000000000000000, 0.000000000000000000, 0.000000000000000000 ) ) ;
#1558 = AXIS2_PLACEMENT_3D ( 'NONE', #1505, #1003, #534 ) ;
#1559 = FACE_BOUND ( 'NONE', #1370, .T. ) ;
#1560 = VERTEX_POINT ( 'NONE', #668 ) ;
#1561 = DIRECTION ( 'NONE',  ( -0.000000000000000000, -0.000000000000000000, 1.000000000000000000 ) ) ;
#1562 = ORIENTED_EDGE ( 'NONE', *, *, #175, .F. ) ;
#1563 = DIRECTION ( 'NONE',  ( 0.000000000000000000, -1.000000000000000000, -1.224646799147353207E-16 ) ) ;
#1564 = EDGE_CURVE ( 'NONE', #946, #1247, #1478, .T. ) ;
#1565 = CARTESIAN_POINT ( 'NONE',  ( 78.50254247535130503, 11.60999999999998877, 97.32636048440136278 ) ) ;
#1566 = ORIENTED_EDGE ( 'NONE', *, *, #1512, .T. ) ;
#1567 = EDGE_CURVE ( 'NONE', #670, #1796, #1965, .T. ) ;
#1568 = DIRECTION ( 'NONE',  ( 0.000000000000000000, -1.220537295415852614E-16, 1.000000000000000000 ) ) ;
#1569 = DIRECTION ( 'NONE',  ( -0.000000000000000000, -1.000000000000000000, -1.220537295415852614E-16 ) ) ;
#1570 = VERTEX_POINT ( 'NONE', #1306 ) ;
#1571 = DIRECTION ( 'NONE',  ( -1.000000000000000000, 0.000000000000000000, 0.000000000000000000 ) ) ;
#1572 = LINE ( 'NONE', #1030, #211 ) ;
#1573 = EDGE_LOOP ( 'NONE', ( #593, #2051, #836, #974 ) ) ;
#1574 = CARTESIAN_POINT ( 'NONE',  ( 66.38088549413696171, 4.198627098808364266, 8.134386544436017275 ) ) ;
#1575 = PLANE ( 'NONE',  #1179 ) ;
#1576 = EDGE_CURVE ( 'NONE', #1611, #1638, #1974, .T. ) ;
#1577 = ORIENTED_EDGE ( 'NONE', *, *, #358, .T. ) ;
#1578 = DIRECTION ( 'NONE',  ( 0.000000000000000000, -1.220537295415852614E-16, 1.000000000000000000 ) ) ;
#1579 = CARTESIAN_POINT ( 'NONE',  ( 0.000000000000000000, 1.610000000000000986, -8.000000000000000000 ) ) ;
#1580 = EDGE_CURVE ( 'NONE', #1570, #609, #679, .T. ) ;
#1581 = ORIENTED_EDGE ( 'NONE', *, *, #1603, .F. ) ;
#1582 = CARTESIAN_POINT ( 'NONE',  ( 72.68088549413697308, 1.610000000000000986, -8.000000000000000000 ) ) ;
#1583 = CARTESIAN_POINT ( 'NONE',  ( 81.16250000000002274, 1.609999999999987663, 99.02187500000000853 ) ) ;
#1584 = ORIENTED_EDGE ( 'NONE', *, *, #793, .F. ) ;
#1585 =( NAMED_UNIT ( * ) PLANE_ANGLE_UNIT ( ) SI_UNIT ( $, .RADIAN. ) );
#1586 = VECTOR ( 'NONE', #1436, 1000.000000000000000 ) ;
#1587 = VECTOR ( 'NONE', #2014, 1000.000000000000000 ) ;
#1588 = CARTESIAN_POINT ( 'NONE',  ( 30.08307474683436666, 11.60999999999999943, 4.139805286303724685 ) ) ;
#1589 = CIRCLE ( 'NONE', #1926, 2.500000000000002220 ) ;
#1590 = AXIS2_PLACEMENT_3D ( 'NONE', #319, #1620, #1133 ) ;
#1591 = ORIENTED_EDGE ( 'NONE', *, *, #942, .F. ) ;
#1592 = FACE_OUTER_BOUND ( 'NONE', #1472, .T. ) ;
#1593 = ADVANCED_FACE ( 'NONE', ( #1631 ), #1298, .F. ) ;
#1594 = AXIS2_PLACEMENT_3D ( 'NONE', #829, #840, #46 ) ;
#1595 = ORIENTED_EDGE ( 'NONE', *, *, #530, .F. ) ;
#1596 = DIRECTION ( 'NONE',  ( 0.000000000000000000, -1.220537295415852614E-16, 1.000000000000000000 ) ) ;
#1597 = ORIENTED_EDGE ( 'NONE', *, *, #1670, .T. ) ;
#1598 = DIRECTION ( 'NONE',  ( 1.000000000000000000, 0.000000000000000000, -0.000000000000000000 ) ) ;
#1599 = ADVANCED_BREP_SHAPE_REPRESENTATION ( 'Part7^Lucky15', ( #104, #41 ), #148 ) ;
#1600 = CARTESIAN_POINT ( 'NONE',  ( 0.000000000000000000, 6.429802872964378579, 18.29086232814781710 ) ) ;
#1601 = VERTEX_POINT ( 'NONE', #1945 ) ;
#1602 = FACE_OUTER_BOUND ( 'NONE', #1748, .T. ) ;
#1603 = EDGE_CURVE ( 'NONE', #752, #489, #1132, .T. ) ;
#1604 = ORIENTED_EDGE ( 'NONE', *, *, #1735, .F. ) ;
#1605 = CARTESIAN_POINT ( 'NONE',  ( 89.16250000000002274, 1.610000000000000320, -3.000000000000000444 ) ) ;
#1606 = ORIENTED_EDGE ( 'NONE', *, *, #18, .T. ) ;
#1607 = DIRECTION ( 'NONE',  ( 0.000000000000000000, 1.051326443096836774E-14, -1.000000000000000000 ) ) ;
#1608 = EDGE_CURVE ( 'NONE', #775, #82, #1672, .T. ) ;
#1609 = DIRECTION ( 'NONE',  ( 0.000000000000000000, 1.084202172485505538E-14, -1.000000000000000000 ) ) ;
#1610 = LINE ( 'NONE', #2074, #912 ) ;
#1611 = VERTEX_POINT ( 'NONE', #822 ) ;
#1612 = DIRECTION ( 'NONE',  ( 1.734723475976805615E-16, -1.734723475976808080E-16, 1.000000000000000000 ) ) ;
#1613 = ORIENTED_EDGE ( 'NONE', *, *, #1576, .F. ) ;
#1614 = CARTESIAN_POINT ( 'NONE',  ( 30.58124999999999005, 4.609999999998916742, 103.0218750000000369 ) ) ;
#1615 = EDGE_CURVE ( 'NONE', #82, #1744, #982, .T. ) ;
#1616 = CARTESIAN_POINT ( 'NONE',  ( 1.352542475351290019, 14.11000000000001187, 1.779930588231281165E-15 ) ) ;
#1617 = EDGE_CURVE ( 'NONE', #2038, #517, #545, .T. ) ;
#1618 = AXIS2_PLACEMENT_3D ( 'NONE', #440, #629, #1081 ) ;
#1619 = VECTOR ( 'NONE', #53, 1000.000000000000000 ) ;
#1620 = DIRECTION ( 'NONE',  ( -0.000000000000000000, 1.224646799147353207E-16, -1.000000000000000000 ) ) ;
#1621 = CIRCLE ( 'NONE', #1246, 2.500000000000000000 ) ;
#1622 = EDGE_LOOP ( 'NONE', ( #1272, #1274, #1741, #16 ) ) ;
#1623 = CARTESIAN_POINT ( 'NONE',  ( -2.999999999999991562, 1.609999999999988107, 102.0218750000000085 ) ) ;
#1624 = CIRCLE ( 'NONE', #680, 1.000000000000000888 ) ;
#1625 = DIRECTION ( 'NONE',  ( 0.000000000000000000, 1.000000000000000000, 1.224646799147353207E-16 ) ) ;
#1626 = AXIS2_PLACEMENT_3D ( 'NONE', #1290, #602, #1083 ) ;
#1627 = ORIENTED_EDGE ( 'NONE', *, *, #1118, .T. ) ;
#1628 = LINE ( 'NONE', #1317, #973 ) ;
#1629 = CIRCLE ( 'NONE', #1932, 2.500000000000002220 ) ;
#1630 = EDGE_CURVE ( 'NONE', #190, #1751, #1493, .T. ) ;
#1631 = FACE_OUTER_BOUND ( 'NONE', #759, .T. ) ;
#1632 = DIRECTION ( 'NONE',  ( -1.000000000000000000, -1.477578801257251594E-32, 1.206534653326983057E-16 ) ) ;
#1633 = ADVANCED_FACE ( 'NONE', ( #56 ), #863, .F. ) ;
#1634 = VERTEX_POINT ( 'NONE', #1984 ) ;
#1635 = CARTESIAN_POINT ( 'NONE',  ( 66.38088549413696171, 5.198627098808364266, -5.149999999999925748 ) ) ;
#1636 = VERTEX_POINT ( 'NONE', #1177 ) ;
#1637 = CARTESIAN_POINT ( 'NONE',  ( 8.369814204394933406E-30, 4.609999999999999432, 4.846408578131984216E-14 ) ) ;
#1638 = VERTEX_POINT ( 'NONE', #356 ) ;
#1639 = CARTESIAN_POINT ( 'NONE',  ( 30.08307474683436666, 142.1439140023674668, 6.139805286303739784 ) ) ;
#1640 = CARTESIAN_POINT ( 'NONE',  ( 79.50254247535129082, 142.1439140023674668, 3.588770770659778014E-15 ) ) ;
#1641 = ADVANCED_FACE ( 'NONE', ( #386 ), #1468, .F. ) ;
#1642 = ORIENTED_EDGE ( 'NONE', *, *, #1028, .T. ) ;
#1643 = DIRECTION ( 'NONE',  ( 0.000000000000000000, 0.000000000000000000, 1.000000000000000000 ) ) ;
#1644 = FACE_OUTER_BOUND ( 'NONE', #1645, .T. ) ;
#1645 = EDGE_LOOP ( 'NONE', ( #701, #786, #168, #467 ) ) ;
#1646 = FACE_OUTER_BOUND ( 'NONE', #486, .T. ) ;
#1647 = ORIENTED_EDGE ( 'NONE', *, *, #874, .T. ) ;
#1648 = DIRECTION ( 'NONE',  ( 2.736911063134408342E-48, -1.000000000000000000, -1.224646799147353207E-16 ) ) ;
#1649 = DIRECTION ( 'NONE',  ( 1.000000000000000000, 2.128533897137818069E-32, -1.738079827277371684E-16 ) ) ;
#1650 = CIRCLE ( 'NONE', #1891, 4.000000000000000000 ) ;
#1651 = AXIS2_PLACEMENT_3D ( 'NONE', #1814, #1742, #1049 ) ;
#1652 = VERTEX_POINT ( 'NONE', #344 ) ;
#1653 = ADVANCED_FACE ( 'NONE', ( #13 ), #193, .F. ) ;
#1654 = DIRECTION ( 'NONE',  ( 0.000000000000000000, 0.000000000000000000, 1.000000000000000000 ) ) ;
#1655 = PLANE ( 'NONE',  #2063 ) ;
#1656 = AXIS2_PLACEMENT_3D ( 'NONE', #1343, #1496, #1311 ) ;
#1657 = VECTOR ( 'NONE', #1578, 1000.000000000000000 ) ;
#1658 = EDGE_LOOP ( 'NONE', ( #1604, #706, #1776, #1771 ) ) ;
#1659 = DIRECTION ( 'NONE',  ( -0.000000000000000000, 1.000000000000000000, -0.000000000000000000 ) ) ;
#1660 = AXIS2_PLACEMENT_3D ( 'NONE', #1851, #235, #1043 ) ;
#1661 = CARTESIAN_POINT ( 'NONE',  ( -8.197303610924998223E-16, 11.60999999999999766, 19.17636048440135710 ) ) ;
#1662 = VECTOR ( 'NONE', #1998, 1000.000000000000000 ) ;
#1663 = CARTESIAN_POINT ( 'NONE',  ( 89.16250000000002274, 14.11000000000000121, -2.999999999999998668 ) ) ;
#1664 = FACE_OUTER_BOUND ( 'NONE', #359, .T. ) ;
#1665 = ORIENTED_EDGE ( 'NONE', *, *, #463, .T. ) ;
#1666 = DIRECTION ( 'NONE',  ( -0.000000000000000000, -1.000000000000000000, -1.220537295415852614E-16 ) ) ;
#1667 = DIRECTION ( 'NONE',  ( -7.888609052210116302E-31, -1.000000000000000000, -1.051326443096836774E-14 ) ) ;
#1668 = ORIENTED_EDGE ( 'NONE', *, *, #1819, .F. ) ;
#1669 = DIRECTION ( 'NONE',  ( 0.000000000000000000, 1.084202172485505538E-14, -1.000000000000000000 ) ) ;
#1670 = EDGE_CURVE ( 'NONE', #826, #687, #146, .T. ) ;
#1671 = ORIENTED_EDGE ( 'NONE', *, *, #434, .T. ) ;
#1672 = LINE ( 'NONE', #1954, #879 ) ;
#1673 = ADVANCED_FACE ( 'NONE', ( #691 ), #770, .F. ) ;
#1674 = CYLINDRICAL_SURFACE ( 'NONE', #1794, 1.000000000000000888 ) ;
#1675 = ORIENTED_EDGE ( 'NONE', *, *, #894, .F. ) ;
#1676 = FACE_OUTER_BOUND ( 'NONE', #429, .T. ) ;
#1677 = DIRECTION ( 'NONE',  ( 0.000000000000000000, -1.000000000000000000, -1.224646799147353207E-16 ) ) ;
#1678 = ORIENTED_EDGE ( 'NONE', *, *, #1434, .T. ) ;
#1679 = DIRECTION ( 'NONE',  ( 0.000000000000000000, 1.000000000000000000, 1.220537295415852614E-16 ) ) ;
#1680 = ORIENTED_EDGE ( 'NONE', *, *, #74, .T. ) ;
#1681 = EDGE_CURVE ( 'NONE', #966, #1922, #1572, .T. ) ;
#1682 = CARTESIAN_POINT ( 'NONE',  ( 78.50254247535129082, 142.1439140023674668, 19.17636048440137486 ) ) ;
#1683 = CARTESIAN_POINT ( 'NONE',  ( 7.454979737345572145E-16, 14.11000000000001187, 17.43980528630373072 ) ) ;
#1684 = VERTEX_POINT ( 'NONE', #1863 ) ;
#1685 = PLANE ( 'NONE',  #1520 ) ;
#1686 = DIRECTION ( 'NONE',  ( 0.000000000000000000, 1.000000000000000000, 1.220537295415852614E-16 ) ) ;
#1687 = ORIENTED_EDGE ( 'NONE', *, *, #1788, .F. ) ;
#1688 = DIRECTION ( 'NONE',  ( 0.000000000000000000, 0.000000000000000000, -1.000000000000000000 ) ) ;
#1689 = VECTOR ( 'NONE', #857, 1000.000000000000000 ) ;
#1690 = DIRECTION ( 'NONE',  ( 1.738079827277371684E-16, -1.220537295415852614E-16, 1.000000000000000000 ) ) ;
#1691 = DIRECTION ( 'NONE',  ( -2.366582715663034716E-30, -1.000000000000000000, -1.051257668248692417E-14 ) ) ;
#1692 = VECTOR ( 'NONE', #292, 1000.000000000000000 ) ;
#1693 = EDGE_CURVE ( 'NONE', #452, #1652, #1413, .T. ) ;
#1694 = DIRECTION ( 'NONE',  ( -0.000000000000000000, 1.000000000000000000, 1.224646799147353207E-16 ) ) ;
#1695 = ORIENTED_EDGE ( 'NONE', *, *, #1608, .F. ) ;
#1696 = DIRECTION ( 'NONE',  ( -0.000000000000000000, 1.000000000000000000, -0.000000000000000000 ) ) ;
#1697 = DIRECTION ( 'NONE',  ( 0.000000000000000000, -1.000000000000000000, -1.224646799147353207E-16 ) ) ;
#1698 = EDGE_CURVE ( 'NONE', #523, #1319, #873, .T. ) ;
#1699 = ORIENTED_EDGE ( 'NONE', *, *, #1425, .T. ) ;
#1700 = DIRECTION ( 'NONE',  ( 0.000000000000000000, 1.000000000000000000, 0.000000000000000000 ) ) ;
#1701 = VERTEX_POINT ( 'NONE', #89 ) ;
#1702 = CARTESIAN_POINT ( 'NONE',  ( 0.000000000000000000, 11.60999999999999943, 4.139805286303724685 ) ) ;
#1703 = CARTESIAN_POINT ( 'NONE',  ( 84.16250000000002274, 1.609999999999986775, 107.0218750000000227 ) ) ;
#1704 = CARTESIAN_POINT ( 'NONE',  ( 53.88307474683436027, 14.11000000000001187, 6.139805286303724685 ) ) ;
#1705 = ORIENTED_EDGE ( 'NONE', *, *, #557, .F. ) ;
#1706 = CARTESIAN_POINT ( 'NONE',  ( 65.38088549413696171, 4.198627098808364266, 3.170153890741759934E-16 ) ) ;
#1707 = EDGE_CURVE ( 'NONE', #1077, #2061, #483, .T. ) ;
#1708 = LINE ( 'NONE', #263, #882 ) ;
#1709 = VERTEX_POINT ( 'NONE', #1703 ) ;
#1710 = LINE ( 'NONE', #925, #103 ) ;
#1711 = ORIENTED_EDGE ( 'NONE', *, *, #1717, .F. ) ;
#1712 = DIRECTION ( 'NONE',  ( 1.000000000000000000, 0.000000000000000000, 0.000000000000000000 ) ) ;
#1713 = DIRECTION ( 'NONE',  ( -0.000000000000000000, 1.000000000000000000, 1.224646799147353207E-16 ) ) ;
#1714 = VERTEX_POINT ( 'NONE', #1089 ) ;
#1715 = PLANE ( 'NONE',  #241 ) ;
#1716 = CARTESIAN_POINT ( 'NONE',  ( 89.16250000000002274, 1.609999999999999876, -1.056125809816476116E-14 ) ) ;
#1717 = EDGE_CURVE ( 'NONE', #849, #1601, #1254, .T. ) ;
#1718 = ORIENTED_EDGE ( 'NONE', *, *, #305, .F. ) ;
#1719 = CARTESIAN_POINT ( 'NONE',  ( 84.16250000000000853, 11.61000000000000121, -5.499999999999998224 ) ) ;
#1720 = AXIS2_PLACEMENT_3D ( 'NONE', #1574, #131, #1232 ) ;
#1721 = VECTOR ( 'NONE', #1059, 1000.000000000000000 ) ;
#1722 = ORIENTED_EDGE ( 'NONE', *, *, #2071, .F. ) ;
#1723 = CARTESIAN_POINT ( 'NONE',  ( 71.68088549413697308, 5.198627098808364266, -8.000000000000000000 ) ) ;
#1724 = AXIS2_PLACEMENT_3D ( 'NONE', #22, #843, #1801 ) ;
#1725 = LINE ( 'NONE', #562, #2058 ) ;
#1726 = AXIS2_PLACEMENT_3D ( 'NONE', #1704, #1071, #1363 ) ;
#1727 = VERTEX_POINT ( 'NONE', #419 ) ;
#1728 = DIRECTION ( 'NONE',  ( -1.206534653326983057E-16, 0.000000000000000000, -1.000000000000000000 ) ) ;
#1729 = CIRCLE ( 'NONE', #247, 1.000000000000000000 ) ;
#1730 = DIRECTION ( 'NONE',  ( 0.000000000000000000, 0.000000000000000000, -1.000000000000000000 ) ) ;
#1731 = ORIENTED_EDGE ( 'NONE', *, *, #689, .F. ) ;
#1732 = DIRECTION ( 'NONE',  ( -1.620576895276338894E-60, 1.051257668248692417E-14, -1.000000000000000000 ) ) ;
#1733 = ORIENTED_EDGE ( 'NONE', *, *, #1698, .T. ) ;
#1734 = FACE_OUTER_BOUND ( 'NONE', #2073, .T. ) ;
#1735 = EDGE_CURVE ( 'NONE', #190, #19, #2053, .T. ) ;
#1736 = DIRECTION ( 'NONE',  ( 0.000000000000000000, -1.220537295415852614E-16, 1.000000000000000000 ) ) ;
#1737 = EDGE_CURVE ( 'NONE', #818, #663, #1265, .T. ) ;
#1738 = ORIENTED_EDGE ( 'NONE', *, *, #44, .F. ) ;
#1739 = DIRECTION ( 'NONE',  ( 0.000000000000000000, 1.000000000000000000, -0.000000000000000000 ) ) ;
#1740 = FACE_OUTER_BOUND ( 'NONE', #868, .T. ) ;
#1741 = ORIENTED_EDGE ( 'NONE', *, *, #1707, .T. ) ;
#1742 = DIRECTION ( 'NONE',  ( -7.888609052210116302E-31, -1.000000000000000000, -1.051326443096836774E-14 ) ) ;
#1743 = FACE_OUTER_BOUND ( 'NONE', #1873, .T. ) ;
#1744 = VERTEX_POINT ( 'NONE', #1583 ) ;
#1745 = SURFACE_STYLE_USAGE ( .BOTH. , #1914 ) ;
#1746 = EDGE_CURVE ( 'NONE', #1055, #1393, #258, .T. ) ;
#1747 = CARTESIAN_POINT ( 'NONE',  ( 30.58124999999999005, 1.609999999998916742, 103.0218750000000085 ) ) ;
#1748 = EDGE_LOOP ( 'NONE', ( #1792, #1432, #548, #1419 ) ) ;
#1749 = CARTESIAN_POINT ( 'NONE',  ( 0.000000000000000000, 1.609999999999987663, 99.02187500000000853 ) ) ;
#1750 =( LENGTH_UNIT ( ) NAMED_UNIT ( * ) SI_UNIT ( .MILLI., .METRE. ) );
#1751 = VERTEX_POINT ( 'NONE', #720 ) ;
#1752 = CARTESIAN_POINT ( 'NONE',  ( 0.000000000000000000, 14.11000000000000121, 1.727315003496143717E-15 ) ) ;
#1753 = CARTESIAN_POINT ( 'NONE',  ( -5.500000000000004441, 11.61000000000000121, -2.999999999999998668 ) ) ;
#1754 = ORIENTED_EDGE ( 'NONE', *, *, #223, .T. ) ;
#1755 = DIRECTION ( 'NONE',  ( 0.000000000000000000, 1.000000000000000000, 1.220537295415852614E-16 ) ) ;
#1756 = AXIS2_PLACEMENT_3D ( 'NONE', #1752, #189, #625 ) ;
#1757 = DIRECTION ( 'NONE',  ( 0.000000000000000000, -1.000000000000000000, -1.224646799147353207E-16 ) ) ;
#1758 = EDGE_CURVE ( 'NONE', #293, #820, #1191, .T. ) ;
#1759 = VECTOR ( 'NONE', #1147, 1000.000000000000000 ) ;
#1760 = VERTEX_POINT ( 'NONE', #248 ) ;
#1761 = CARTESIAN_POINT ( 'NONE',  ( -8.000000000000001776, 6.429802872964378579, 18.29086232814782065 ) ) ;
#1762 = VECTOR ( 'NONE', #1912, 1000.000000000000000 ) ;
#1763 = ADVANCED_FACE ( 'NONE', ( #1743 ), #1427, .F. ) ;
#1764 = AXIS2_PLACEMENT_3D ( 'NONE', #546, #1812, #39 ) ;
#1765 = ORIENTED_EDGE ( 'NONE', *, *, #1737, .F. ) ;
#1766 = CARTESIAN_POINT ( 'NONE',  ( 84.16250000000002274, 11.60999999999998877, 107.0218750000000227 ) ) ;
#1767 = EDGE_CURVE ( 'NONE', #1214, #944, #299, .T. ) ;
#1768 = ORIENTED_EDGE ( 'NONE', *, *, #506, .F. ) ;
#1769 = CARTESIAN_POINT ( 'NONE',  ( 1.270066057405828558E-30, 1.609999999998929399, 101.8218750000000057 ) ) ;
#1770 = CARTESIAN_POINT ( 'NONE',  ( 8.369814204394933406E-30, 4.610000000000028741, -2.799999999999966516 ) ) ;
#1771 = ORIENTED_EDGE ( 'NONE', *, *, #1799, .T. ) ;
#1772 = CARTESIAN_POINT ( 'NONE',  ( 89.16250000000003695, 11.60999999999998700, 102.0218750000000085 ) ) ;
#1773 = VERTEX_POINT ( 'NONE', #80 ) ;
#1774 = EDGE_CURVE ( 'NONE', #182, #563, #1391, .T. ) ;
#1775 = FACE_OUTER_BOUND ( 'NONE', #917, .T. ) ;
#1776 = ORIENTED_EDGE ( 'NONE', *, *, #1032, .T. ) ;
#1777 = CARTESIAN_POINT ( 'NONE',  ( 0.000000000000000000, 14.11000000000000121, -5.499999999999998224 ) ) ;
#1778 = CARTESIAN_POINT ( 'NONE',  ( 53.88307474683436027, 142.1439140023674668, 15.43980528630374494 ) ) ;
#1779 = DIRECTION ( 'NONE',  ( 0.000000000000000000, 0.000000000000000000, -1.000000000000000000 ) ) ;
#1780 = ORIENTED_EDGE ( 'NONE', *, *, #333, .T. ) ;
#1781 = DIRECTION ( 'NONE',  ( -1.000000000000000000, -1.477578801257251320E-32, 1.206534653326983057E-16 ) ) ;
#1782 = ADVANCED_FACE ( 'NONE', ( #626 ), #404, .F. ) ;
#1783 = ORIENTED_EDGE ( 'NONE', *, *, #294, .T. ) ;
#1784 = CARTESIAN_POINT ( 'NONE',  ( 2.352542475351290019, 11.61000000000001009, 20.17636048440135710 ) ) ;
#1785 = VECTOR ( 'NONE', #1444, 1000.000000000000000 ) ;
#1786 = CYLINDRICAL_SURFACE ( 'NONE', #1318, 4.000000000000001776 ) ;
#1787 = VECTOR ( 'NONE', #384, 1000.000000000000000 ) ;
#1788 = EDGE_CURVE ( 'NONE', #695, #1393, #1320, .T. ) ;
#1789 = CIRCLE ( 'NONE', #1175, 2.500000000000002220 ) ;
#1790 = CARTESIAN_POINT ( 'NONE',  ( 66.38088549413696171, 4.198627098808364266, 8.134386544436017275 ) ) ;
#1791 = AXIS2_PLACEMENT_3D ( 'NONE', #1640, #1649, #1809 ) ;
#1792 = ORIENTED_EDGE ( 'NONE', *, *, #1434, .F. ) ;
#1793 = CARTESIAN_POINT ( 'NONE',  ( -7.999999999999991118, 1.609999999999987441, 102.0218750000000085 ) ) ;
#1794 = AXIS2_PLACEMENT_3D ( 'NONE', #1790, #682, #1332 ) ;
#1795 = VECTOR ( 'NONE', #853, 1000.000000000000000 ) ;
#1796 = VERTEX_POINT ( 'NONE', #1509 ) ;
#1797 = DIRECTION ( 'NONE',  ( 0.000000000000000000, -1.000000000000000000, -1.224646799147353207E-16 ) ) ;
#1798 = VECTOR ( 'NONE', #923, 1000.000000000000000 ) ;
#1799 = EDGE_CURVE ( 'NONE', #124, #19, #730, .T. ) ;
#1800 = DIRECTION ( 'NONE',  ( -1.000000000000000000, -1.477578801257251594E-32, 1.206534653326983057E-16 ) ) ;
#1801 = DIRECTION ( 'NONE',  ( 0.000000000000000000, 0.000000000000000000, 1.000000000000000000 ) ) ;
#1802 = ORIENTED_EDGE ( 'NONE', *, *, #1131, .T. ) ;
#1803 = DIRECTION ( 'NONE',  ( 0.000000000000000000, 1.000000000000000000, 1.220537295415852614E-16 ) ) ;
#1804 = ORIENTED_EDGE ( 'NONE', *, *, #1079, .T. ) ;
#1805 = DIRECTION ( 'NONE',  ( 0.000000000000000000, 1.048062100069321952E-14, -1.000000000000000000 ) ) ;
#1806 = ORIENTED_EDGE ( 'NONE', *, *, #1836, .F. ) ;
#1807 = DIRECTION ( 'NONE',  ( -1.000000000000000000, -1.477578801257251594E-32, 1.206534653326983057E-16 ) ) ;
#1808 = EDGE_CURVE ( 'NONE', #849, #1570, #1729, .T. ) ;
#1809 = DIRECTION ( 'NONE',  ( -1.738079827277371684E-16, 0.000000000000000000, -1.000000000000000000 ) ) ;
#1810 = ORIENTED_EDGE ( 'NONE', *, *, #2048, .F. ) ;
#1811 = CYLINDRICAL_SURFACE ( 'NONE', #450, 5.000000000000004441 ) ;
#1812 = DIRECTION ( 'NONE',  ( 0.000000000000000000, 1.051257668248692417E-14, -1.000000000000000000 ) ) ;
#1813 = EDGE_LOOP ( 'NONE', ( #1193, #1205, #36, #1296 ) ) ;
#1814 = CARTESIAN_POINT ( 'NONE',  ( 8.369814204394933406E-30, 4.609999999999999432, 4.846408578131984216E-14 ) ) ;
#1815 = ORIENTED_EDGE ( 'NONE', *, *, #1975, .F. ) ;
#1816 = CARTESIAN_POINT ( 'NONE',  ( 89.16350000000002751, 10.42980287296437858, 7.300862328147803559 ) ) ;
#1817 = CARTESIAN_POINT ( 'NONE',  ( 1.352542475351290019, 11.60999999999998877, 96.32636048440137699 ) ) ;
#1818 = CIRCLE ( 'NONE', #30, 1.000000000000000888 ) ;
#1819 = EDGE_CURVE ( 'NONE', #1684, #350, #619, .T. ) ;
#1820 = ORIENTED_EDGE ( 'NONE', *, *, #434, .F. ) ;
#1821 = CARTESIAN_POINT ( 'NONE',  ( 84.16250000000002274, 14.10999999999998877, 102.0218750000000085 ) ) ;
#1822 = CARTESIAN_POINT ( 'NONE',  ( 84.16250000000002274, 11.60999999999998877, 102.0218750000000085 ) ) ;
#1823 = CIRCLE ( 'NONE', #1485, 5.000000000000000000 ) ;
#1824 = VECTOR ( 'NONE', #1946, 1000.000000000000000 ) ;
#1825 = ORIENTED_EDGE ( 'NONE', *, *, #920, .T. ) ;
#1826 = FACE_BOUND ( 'NONE', #1942, .T. ) ;
#1827 = EDGE_CURVE ( 'NONE', #946, #1263, #26, .T. ) ;
#1828 = AXIS2_PLACEMENT_3D ( 'NONE', #1770, #963, #1123 ) ;
#1829 = DIRECTION ( 'NONE',  ( 1.000000000000000000, 0.000000000000000000, -0.000000000000000000 ) ) ;
#1830 = AXIS2_PLACEMENT_3D ( 'NONE', #2068, #1841, #394 ) ;
#1831 = DIRECTION ( 'NONE',  ( 1.000000000000000000, -0.000000000000000000, 0.000000000000000000 ) ) ;
#1832 = DIRECTION ( 'NONE',  ( 0.000000000000000000, 1.000000000000000000, 1.224646799147353207E-16 ) ) ;
#1833 = VERTEX_POINT ( 'NONE', #1357 ) ;
#1834 = DIRECTION ( 'NONE',  ( -0.000000000000000000, -1.000000000000000000, -1.220537295415852614E-16 ) ) ;
#1835 = FACE_OUTER_BOUND ( 'NONE', #1225, .T. ) ;
#1836 = EDGE_CURVE ( 'NONE', #1983, #361, #72, .T. ) ;
#1837 = EDGE_LOOP ( 'NONE', ( #809, #1543, #1804, #955 ) ) ;
#1838 = CARTESIAN_POINT ( 'NONE',  ( 50.58124999999999005, 1.610000000000042064, -4.000000000000004441 ) ) ;
#1839 = ADVANCED_FACE ( 'NONE', ( #51 ), #916, .T. ) ;
#1840 = FACE_BOUND ( 'NONE', #1399, .T. ) ;
#1841 = DIRECTION ( 'NONE',  ( -0.000000000000000000, 1.224646799147353207E-16, -1.000000000000000000 ) ) ;
#1842 = LINE ( 'NONE', #81, #75 ) ;
#1843 = ORIENTED_EDGE ( 'NONE', *, *, #1295, .F. ) ;
#1844 = FACE_OUTER_BOUND ( 'NONE', #2023, .T. ) ;
#1845 = CARTESIAN_POINT ( 'NONE',  ( 65.38088549413696171, 4.198627098808364266, -8.000000000000000000 ) ) ;
#1846 = EDGE_LOOP ( 'NONE', ( #2026, #1026, #336, #1126 ) ) ;
#1847 = CARTESIAN_POINT ( 'NONE',  ( 72.68088549413697308, 3.298627098808364355, -6.349999999999948130 ) ) ;
#1848 = EDGE_CURVE ( 'NONE', #182, #987, #847, .T. ) ;
#1849 = ORIENTED_EDGE ( 'NONE', *, *, #1367, .F. ) ;
#1850 = DIRECTION ( 'NONE',  ( 0.000000000000000000, -1.000000000000000000, -1.224646799147353207E-16 ) ) ;
#1851 = CARTESIAN_POINT ( 'NONE',  ( 0.000000000000000000, 6.429802872964378579, 14.29086232814781354 ) ) ;
#1852 = ADVANCED_FACE ( 'NONE', ( #1980 ), #1991, .F. ) ;
#1853 = EDGE_LOOP ( 'NONE', ( #1136, #2030, #1252, #1551 ) ) ;
#1854 = DIRECTION ( 'NONE',  ( -0.000000000000000000, -1.000000000000000000, -1.220537295415852614E-16 ) ) ;
#1855 = DIRECTION ( 'NONE',  ( 0.000000000000000000, 0.000000000000000000, -1.000000000000000000 ) ) ;
#1856 = VECTOR ( 'NONE', #256, 1000.000000000000000 ) ;
#1857 = VERTEX_POINT ( 'NONE', #686 ) ;
#1858 = CARTESIAN_POINT ( 'NONE',  ( 0.000000000000000000, 10.42980287296437858, 7.300862328147803559 ) ) ;
#1859 = VECTOR ( 'NONE', #1536, 1000.000000000000000 ) ;
#1860 = VECTOR ( 'NONE', #1291, 1000.000000000000000 ) ;
#1861 = ORIENTED_EDGE ( 'NONE', *, *, #1295, .T. ) ;
#1862 = VERTEX_POINT ( 'NONE', #1204 ) ;
#1863 = CARTESIAN_POINT ( 'NONE',  ( 50.58124999999999716, 1.609999999999986997, 104.2218750000000114 ) ) ;
#1864 = AXIS2_PLACEMENT_3D ( 'NONE', #1210, #233, #1850 ) ;
#1865 = AXIS2_PLACEMENT_3D ( 'NONE', #1528, #2022, #607 ) ;
#1866 = EDGE_CURVE ( 'NONE', #633, #1112, #1289, .T. ) ;
#1867 = DIRECTION ( 'NONE',  ( 1.000000000000000000, 0.000000000000000000, -0.000000000000000000 ) ) ;
#1868 = ORIENTED_EDGE ( 'NONE', *, *, #817, .T. ) ;
#1869 = DIRECTION ( 'NONE',  ( 0.000000000000000000, 0.000000000000000000, 1.000000000000000000 ) ) ;
#1870 = CARTESIAN_POINT ( 'NONE',  ( -3.000000000000003997, 11.61000000000000298, -7.999999999999998224 ) ) ;
#1871 = ORIENTED_EDGE ( 'NONE', *, *, #1340, .T. ) ;
#1872 = CARTESIAN_POINT ( 'NONE',  ( 72.68088549413697308, 5.198627098808364266, 0.000000000000000000 ) ) ;
#1873 = EDGE_LOOP ( 'NONE', ( #443, #978, #427, #1521, #269, #1048, #1711, #1970, #1595, #1981 ) ) ;
#1874 = FACE_OUTER_BOUND ( 'NONE', #2016, .T. ) ;
#1875 = LINE ( 'NONE', #1212, #876 ) ;
#1876 = ADVANCED_FACE ( 'NONE', ( #1644 ), #525, .T. ) ;
#1877 = ORIENTED_EDGE ( 'NONE', *, *, #87, .T. ) ;
#1878 = DIRECTION ( 'NONE',  ( 1.000000000000000000, 0.000000000000000000, 0.000000000000000000 ) ) ;
#1879 = LINE ( 'NONE', #1716, #179 ) ;
#1880 = ORIENTED_EDGE ( 'NONE', *, *, #728, .T. ) ;
#1881 = DIRECTION ( 'NONE',  ( 0.000000000000000000, 0.000000000000000000, 1.000000000000000000 ) ) ;
#1882 = ORIENTED_EDGE ( 'NONE', *, *, #422, .T. ) ;
#1883 = CARTESIAN_POINT ( 'NONE',  ( 1.352542475351290019, 14.10999999999999943, 96.32636048440137699 ) ) ;
#1884 = DIRECTION ( 'NONE',  ( 1.000000000000000000, 0.000000000000000000, 0.000000000000000000 ) ) ;
#1885 = VERTEX_POINT ( 'NONE', #1845 ) ;
#1886 = DIRECTION ( 'NONE',  ( -0.000000000000000000, -0.000000000000000000, -1.000000000000000000 ) ) ;
#1887 = LINE ( 'NONE', #1579, #683 ) ;
#1888 = ORIENTED_EDGE ( 'NONE', *, *, #1236, .F. ) ;
#1889 = EDGE_CURVE ( 'NONE', #452, #1714, #867, .T. ) ;
#1890 = DIRECTION ( 'NONE',  ( 0.000000000000000000, 1.000000000000000000, 1.224646799147353207E-16 ) ) ;
#1891 = AXIS2_PLACEMENT_3D ( 'NONE', #332, #164, #827 ) ;
#1892 = VECTOR ( 'NONE', #806, 1000.000000000000000 ) ;
#1893 = ADVANCED_FACE ( 'NONE', ( #198 ), #1969, .T. ) ;
#1894 = FACE_OUTER_BOUND ( 'NONE', #756, .T. ) ;
#1895 = CARTESIAN_POINT ( 'NONE',  ( 81.16250000000002274, 1.609999999999999876, 1.965065045619522697E-16 ) ) ;
#1896 = VECTOR ( 'NONE', #21, 1000.000000000000000 ) ;
#1897 = ORIENTED_EDGE ( 'NONE', *, *, #1977, .F. ) ;
#1898 = CARTESIAN_POINT ( 'NONE',  ( 78.50254247535130503, 14.11000000000001187, 97.32636048440136278 ) ) ;
#1899 = CIRCLE ( 'NONE', #844, 1.000000000000000888 ) ;
#1900 = DIRECTION ( 'NONE',  ( 0.000000000000000000, -1.220537295415852614E-16, 1.000000000000000000 ) ) ;
#1901 = VERTEX_POINT ( 'NONE', #240 ) ;
#1902 = DIRECTION ( 'NONE',  ( 0.000000000000000000, 0.000000000000000000, 1.000000000000000000 ) ) ;
#1903 = DIRECTION ( 'NONE',  ( 0.000000000000000000, 0.000000000000000000, 1.000000000000000000 ) ) ;
#1904 = EDGE_CURVE ( 'NONE', #289, #966, #983, .T. ) ;
#1905 = VERTEX_POINT ( 'NONE', #220 ) ;
#1906 = CARTESIAN_POINT ( 'NONE',  ( 30.58124999999999361, 1.609999999998929399, 101.8218750000000057 ) ) ;
#1907 = DIRECTION ( 'NONE',  ( 0.000000000000000000, 0.000000000000000000, 1.000000000000000000 ) ) ;
#1908 = EDGE_LOOP ( 'NONE', ( #2015, #1482, #1161, #1871, #597, #149, #1880, #200 ) ) ;
#1909 = FACE_OUTER_BOUND ( 'NONE', #370, .T. ) ;
#1910 = VERTEX_POINT ( 'NONE', #1484 ) ;
#1911 = DIRECTION ( 'NONE',  ( -0.000000000000000000, -1.000000000000000000, -1.220537295415852614E-16 ) ) ;
#1912 = DIRECTION ( 'NONE',  ( 1.000000000000000000, 0.000000000000000000, 0.000000000000000000 ) ) ;
#1913 = ORIENTED_EDGE ( 'NONE', *, *, #557, .T. ) ;
#1914 = SURFACE_SIDE_STYLE ('',( #928 ) ) ;
#1915 = ADVANCED_FACE ( 'NONE', ( #858 ), #1655, .F. ) ;
#1916 = DIRECTION ( 'NONE',  ( 0.000000000000000000, 0.000000000000000000, 1.000000000000000000 ) ) ;
#1917 = ORIENTED_EDGE ( 'NONE', *, *, #1224, .F. ) ;
#1918 = ADVANCED_FACE ( 'NONE', ( #1835 ), #725, .F. ) ;
#1919 = CARTESIAN_POINT ( 'NONE',  ( 0.000000000000000000, 142.1439140023674668, 4.139805286303739784 ) ) ;
#1920 = VERTEX_POINT ( 'NONE', #556 ) ;
#1921 = DIRECTION ( 'NONE',  ( 0.000000000000000000, -1.301042606982605321E-16, 1.000000000000000000 ) ) ;
#1922 = VERTEX_POINT ( 'NONE', #1516 ) ;
#1923 = DIRECTION ( 'NONE',  ( 1.000000000000000000, 0.000000000000000000, 0.000000000000000000 ) ) ;
#1924 =( GEOMETRIC_REPRESENTATION_CONTEXT ( 3 ) GLOBAL_UNCERTAINTY_ASSIGNED_CONTEXT ( ( #199 ) ) GLOBAL_UNIT_ASSIGNED_CONTEXT ( ( #1552, #1585, #1416 ) ) REPRESENTATION_CONTEXT ( 'NONE', 'WORKASPACE' ) );
#1925 = PLANE ( 'NONE',  #1828 ) ;
#1926 = AXIS2_PLACEMENT_3D ( 'NONE', #833, #210, #1194 ) ;
#1927 = EDGE_CURVE ( 'NONE', #1063, #1112, #1629, .T. ) ;
#1928 = CIRCLE ( 'NONE', #1012, 1.000000000000000888 ) ;
#1929 = ORIENTED_EDGE ( 'NONE', *, *, #1155, .T. ) ;
#1930 = DIRECTION ( 'NONE',  ( 0.000000000000000000, -0.000000000000000000, -1.000000000000000000 ) ) ;
#1931 = VECTOR ( 'NONE', #926, 1000.000000000000000 ) ;
#1932 = AXIS2_PLACEMENT_3D ( 'NONE', #1195, #399, #1035 ) ;
#1933 = ORIENTED_EDGE ( 'NONE', *, *, #1340, .F. ) ;
#1934 = FACE_OUTER_BOUND ( 'NONE', #318, .T. ) ;
#1935 = ORIENTED_EDGE ( 'NONE', *, *, #1617, .F. ) ;
#1936 = LINE ( 'NONE', #1475, #1308 ) ;
#1937 = CARTESIAN_POINT ( 'NONE',  ( -3.000000000000003997, 11.61000000000000298, -7.999999999999998224 ) ) ;
#1938 = FACE_OUTER_BOUND ( 'NONE', #1045, .T. ) ;
#1939 = EDGE_CURVE ( 'NONE', #609, #1015, #1144, .T. ) ;
#1940 = ORIENTED_EDGE ( 'NONE', *, *, #155, .T. ) ;
#1941 = LINE ( 'NONE', #1302, #509 ) ;
#1942 = EDGE_LOOP ( 'NONE', ( #1220, #1270, #192, #684 ) ) ;
#1943 = DIRECTION ( 'NONE',  ( -0.000000000000000000, 0.000000000000000000, -1.000000000000000000 ) ) ;
#1944 = EDGE_CURVE ( 'NONE', #243, #459, #1262, .T. ) ;
#1945 = CARTESIAN_POINT ( 'NONE',  ( 65.38088549413696171, 1.610000000000000986, 0.000000000000000000 ) ) ;
#1946 = DIRECTION ( 'NONE',  ( -2.366582715663034716E-30, -1.000000000000000000, -1.051257668248692417E-14 ) ) ;
#1947 = ORIENTED_EDGE ( 'NONE', *, *, #40, .T. ) ;
#1948 = CARTESIAN_POINT ( 'NONE',  ( 65.38088549413696171, 1.610000000000000986, -8.000000000000000000 ) ) ;
#1949 = DIRECTION ( 'NONE',  ( 7.888609052210116302E-31, 1.000000000000000000, 1.051326443096836774E-14 ) ) ;
#1950 = EDGE_CURVE ( 'NONE', #120, #1172, #1376, .T. ) ;
#1951 = EDGE_LOOP ( 'NONE', ( #1094, #1754, #1119, #528 ) ) ;
#1952 = DIRECTION ( 'NONE',  ( 1.000000000000000000, -7.888609052210116302E-31, -8.292960757951934959E-45 ) ) ;
#1953 = EDGE_CURVE ( 'NONE', #635, #238, #1421, .T. ) ;
#1954 = CARTESIAN_POINT ( 'NONE',  ( 0.000000000000000000, 11.60999999999998877, 99.02187500000000853 ) ) ;
#1955 = VECTOR ( 'NONE', #2043, 1000.000000000000000 ) ;
#1956 = CARTESIAN_POINT ( 'NONE',  ( 30.58124999999999361, 4.610000000000028741, -2.799999999999966516 ) ) ;
#1957 = AXIS2_PLACEMENT_3D ( 'NONE', #1451, #176, #776 ) ;
#1958 = ORIENTED_EDGE ( 'NONE', *, *, #2, .T. ) ;
#1959 = DIRECTION ( 'NONE',  ( 0.000000000000000000, 0.000000000000000000, -1.000000000000000000 ) ) ;
#1960 = VECTOR ( 'NONE', #1366, 1000.000000000000000 ) ;
#1961 = ORIENTED_EDGE ( 'NONE', *, *, #1251, .T. ) ;
#1962 = DIRECTION ( 'NONE',  ( -1.000000000000000000, -0.000000000000000000, -0.000000000000000000 ) ) ;
#1963 = ADVANCED_FACE ( 'NONE', ( #899 ), #1181, .T. ) ;
#1964 = ORIENTED_EDGE ( 'NONE', *, *, #520, .F. ) ;
#1965 = LINE ( 'NONE', #1663, #913 ) ;
#1966 = CARTESIAN_POINT ( 'NONE',  ( 65.38088549413696171, 3.298627098808364355, -5.149999999999924860 ) ) ;
#1967 = ORIENTED_EDGE ( 'NONE', *, *, #2041, .F. ) ;
#1968 = LINE ( 'NONE', #59, #1992 ) ;
#1969 = PLANE ( 'NONE',  #1764 ) ;
#1970 = ORIENTED_EDGE ( 'NONE', *, *, #1808, .T. ) ;
#1971 = FACE_OUTER_BOUND ( 'NONE', #9, .T. ) ;
#1972 = EDGE_CURVE ( 'NONE', #820, #1862, #112, .T. ) ;
#1973 = ORIENTED_EDGE ( 'NONE', *, *, #1510, .F. ) ;
#1974 = LINE ( 'NONE', #364, #1213 ) ;
#1975 = EDGE_CURVE ( 'NONE', #1112, #1760, #891, .T. ) ;
#1976 = CARTESIAN_POINT ( 'NONE',  ( 89.16350000000002751, 2.429802872964377691, 7.300862328147803559 ) ) ;
#1977 = EDGE_CURVE ( 'NONE', #1727, #328, #1545, .T. ) ;
#1978 = ORIENTED_EDGE ( 'NONE', *, *, #1774, .F. ) ;
#1979 = DIRECTION ( 'NONE',  ( 1.000000000000000000, 0.000000000000000000, -0.000000000000000000 ) ) ;
#1980 = FACE_OUTER_BOUND ( 'NONE', #824, .T. ) ;
#1981 = ORIENTED_EDGE ( 'NONE', *, *, #848, .T. ) ;
#1982 = CARTESIAN_POINT ( 'NONE',  ( 0.000000000000000000, 1.609999999999999876, 1.971681346627238489E-16 ) ) ;
#1983 = VERTEX_POINT ( 'NONE', #1086 ) ;
#1984 = CARTESIAN_POINT ( 'NONE',  ( -8.000000000000003553, 1.610000000000000320, -2.999999999999999556 ) ) ;
#1985 = DIRECTION ( 'NONE',  ( 0.000000000000000000, 0.000000000000000000, 1.000000000000000000 ) ) ;
#1986 = CIRCLE ( 'NONE', #136, 1.000000000000000888 ) ;
#1987 = ADVANCED_FACE ( 'NONE', ( #2064 ), #1217, .T. ) ;
#1988 = VECTOR ( 'NONE', #1659, 1000.000000000000000 ) ;
#1989 = ORIENTED_EDGE ( 'NONE', *, *, #1525, .F. ) ;
#1990 = LINE ( 'NONE', #1325, #1452 ) ;
#1991 = CYLINDRICAL_SURFACE ( 'NONE', #1014, 1.000000000000000888 ) ;
#1992 = VECTOR ( 'NONE', #714, 1000.000000000000000 ) ;
#1993 = PRODUCT_RELATED_PRODUCT_CATEGORY ( 'part', '', ( #886 ) ) ;
#1994 = EDGE_LOOP ( 'NONE', ( #2085, #1546, #1158, #2056 ) ) ;
#1995 = AXIS2_PLACEMENT_3D ( 'NONE', #3, #620, #1609 ) ;
#1996 = PLANE ( 'NONE',  #2019 ) ;
#1997 = VECTOR ( 'NONE', #1537, 1000.000000000000000 ) ;
#1998 = DIRECTION ( 'NONE',  ( -1.206534653326983057E-16, 1.220537295415852614E-16, -1.000000000000000000 ) ) ;
#1999 = DIRECTION ( 'NONE',  ( -1.000000000000000000, -1.477578801257251320E-32, 1.206534653326983057E-16 ) ) ;
#2000 = ORIENTED_EDGE ( 'NONE', *, *, #1276, .T. ) ;
#2001 = EDGE_CURVE ( 'NONE', #670, #1760, #1879, .T. ) ;
#2002 = CYLINDRICAL_SURFACE ( 'NONE', #1656, 4.000000000000001776 ) ;
#2003 = CARTESIAN_POINT ( 'NONE',  ( 30.58124999999999361, 1.610000000000042064, -4.000000000000004441 ) ) ;
#2004 = ORIENTED_EDGE ( 'NONE', *, *, #1630, .F. ) ;
#2005 = CARTESIAN_POINT ( 'NONE',  ( 50.58124999999999716, 4.609999999998929177, 101.8218750000000341 ) ) ;
#2006 = EDGE_CURVE ( 'NONE', #633, #85, #734, .T. ) ;
#2007 = ORIENTED_EDGE ( 'NONE', *, *, #1737, .T. ) ;
#2008 = CARTESIAN_POINT ( 'NONE',  ( 71.68088549413697308, 5.198627098808364266, 0.000000000000000000 ) ) ;
#2009 = CARTESIAN_POINT ( 'NONE',  ( 84.16250000000000853, 14.11000000000000121, -5.499999999999998224 ) ) ;
#2010 = VERTEX_POINT ( 'NONE', #623 ) ;
#2011 = CARTESIAN_POINT ( 'NONE',  ( 1.698907402021940573E-14, 11.60999999999998877, 97.32636048440137699 ) ) ;
#2012 = CARTESIAN_POINT ( 'NONE',  ( 0.000000000000000000, 14.11000000000000121, 1.727976633596915370E-15 ) ) ;
#2013 = ORIENTED_EDGE ( 'NONE', *, *, #1670, .F. ) ;
#2014 = DIRECTION ( 'NONE',  ( 1.206534653326983057E-16, -1.220537295415852614E-16, 1.000000000000000000 ) ) ;
#2015 = ORIENTED_EDGE ( 'NONE', *, *, #1228, .F. ) ;
#2016 = EDGE_LOOP ( 'NONE', ( #693, #560, #1768, #1933 ) ) ;
#2017 = CARTESIAN_POINT ( 'NONE',  ( 65.38088549413696171, 5.198627098808364266, -6.349999999999948130 ) ) ;
#2018 = DIRECTION ( 'NONE',  ( -4.274692070788373976E-17, -1.224646799147353207E-16, 1.000000000000000000 ) ) ;
#2019 = AXIS2_PLACEMENT_3D ( 'NONE', #551, #246, #1176 ) ;
#2020 = ORIENTED_EDGE ( 'NONE', *, *, #1939, .T. ) ;
#2021 = DIRECTION ( 'NONE',  ( -0.000000000000000000, -1.000000000000000000, -1.220537295415852614E-16 ) ) ;
#2022 = DIRECTION ( 'NONE',  ( -0.000000000000000000, -0.000000000000000000, 1.000000000000000000 ) ) ;
#2023 = EDGE_LOOP ( 'NONE', ( #588, #1815, #339, #519 ) ) ;
#2024 = DIRECTION ( 'NONE',  ( 0.000000000000000000, -1.224646799147353207E-16, 1.000000000000000000 ) ) ;
#2025 = CIRCLE ( 'NONE', #612, 1.200000000000006617 ) ;
#2026 = ORIENTED_EDGE ( 'NONE', *, *, #1927, .F. ) ;
#2027 = EDGE_CURVE ( 'NONE', #643, #1885, #746, .T. ) ;
#2028 = VECTOR ( 'NONE', #1736, 1000.000000000000000 ) ;
#2029 = CARTESIAN_POINT ( 'NONE',  ( 30.08307474683436666, 142.1439140023674668, 17.43980528630374849 ) ) ;
#2030 = ORIENTED_EDGE ( 'NONE', *, *, #640, .T. ) ;
#2031 = LINE ( 'NONE', #589, #578 ) ;
#2032 = CARTESIAN_POINT ( 'NONE',  ( -8.000000000000001776, 10.42980287296438213, 14.29086232814781532 ) ) ;
#2033 = ORIENTED_EDGE ( 'NONE', *, *, #1092, .F. ) ;
#2034 = PLANE ( 'NONE',  #572 ) ;
#2035 = VERTEX_POINT ( 'NONE', #411 ) ;
#2036 = LINE ( 'NONE', #617, #642 ) ;
#2037 = LINE ( 'NONE', #888, #108 ) ;
#2038 = VERTEX_POINT ( 'NONE', #1870 ) ;
#2039 = CARTESIAN_POINT ( 'NONE',  ( 0.000000000000000000, 2.429802872964377691, 7.300862328147803559 ) ) ;
#2040 = CARTESIAN_POINT ( 'NONE',  ( 1.352542475351290019, 11.60999999999998167, 96.32636048440137699 ) ) ;
#2041 = EDGE_CURVE ( 'NONE', #2010, #946, #1899, .T. ) ;
#2042 = EDGE_LOOP ( 'NONE', ( #1411, #213, #477, #568 ) ) ;
#2043 = DIRECTION ( 'NONE',  ( -1.000000000000000000, -1.477578801257251594E-32, 1.206534653326983057E-16 ) ) ;
#2044 = ORIENTED_EDGE ( 'NONE', *, *, #333, .F. ) ;
#2045 = DIRECTION ( 'NONE',  ( -0.000000000000000000, -0.000000000000000000, 1.000000000000000000 ) ) ;
#2046 = ORIENTED_EDGE ( 'NONE', *, *, #1322, .T. ) ;
#2047 = DIRECTION ( 'NONE',  ( 0.000000000000000000, 1.000000000000000000, 1.220537295415852614E-16 ) ) ;
#2048 = EDGE_CURVE ( 'NONE', #1393, #1634, #1708, .T. ) ;
#2049 = DIRECTION ( 'NONE',  ( -0.000000000000000000, -1.000000000000000000, -1.220537295415852614E-16 ) ) ;
#2050 = AXIS2_PLACEMENT_3D ( 'NONE', #1614, #666, #29 ) ;
#2051 = ORIENTED_EDGE ( 'NONE', *, *, #1567, .T. ) ;
#2052 = LINE ( 'NONE', #936, #1955 ) ;
#2053 = LINE ( 'NONE', #2017, #1762 ) ;
#2054 = AXIS2_PLACEMENT_3D ( 'NONE', #415, #760, #1067 ) ;
#2055 = VECTOR ( 'NONE', #544, 1000.000000000000000 ) ;
#2056 = ORIENTED_EDGE ( 'NONE', *, *, #497, .F. ) ;
#2057 = AXIS2_PLACEMENT_3D ( 'NONE', #514, #855, #1985 ) ;
#2058 = VECTOR ( 'NONE', #1694, 1000.000000000000000 ) ;
#2059 = LINE ( 'NONE', #1616, #1692 ) ;
#2060 = AXIS2_PLACEMENT_3D ( 'NONE', #1639, #1022, #225 ) ;
#2061 = VERTEX_POINT ( 'NONE', #2032 ) ;
#2062 = CYLINDRICAL_SURFACE ( 'NONE', #5, 1.000000000000000888 ) ;
#2063 = AXIS2_PLACEMENT_3D ( 'NONE', #60, #1185, #880 ) ;
#2064 = FACE_OUTER_BOUND ( 'NONE', #499, .T. ) ;
#2065 = ADVANCED_FACE ( 'NONE', ( #1740, #1401, #1559 ), #126, .F. ) ;
#2066 = ORIENTED_EDGE ( 'NONE', *, *, #1407, .T. ) ;
#2067 = DIRECTION ( 'NONE',  ( -0.000000000000000000, -0.000000000000000000, 1.000000000000000000 ) ) ;
#2068 = CARTESIAN_POINT ( 'NONE',  ( 0.000000000000000000, 14.11000000000000121, 1.727976633596915370E-15 ) ) ;
#2069 = VERTEX_POINT ( 'NONE', #758 ) ;
#2070 = CARTESIAN_POINT ( 'NONE',  ( 0.000000000000000000, 14.10999999999998700, 107.0218750000000227 ) ) ;
#2071 = EDGE_CURVE ( 'NONE', #1857, #643, #1887, .T. ) ;
#2072 = LINE ( 'NONE', #630, #242 ) ;
#2073 = EDGE_LOOP ( 'NONE', ( #448, #1868, #1584, #105 ) ) ;
#2074 = CARTESIAN_POINT ( 'NONE',  ( 7.454979737345572145E-16, 11.60999999999999943, 17.43980528630373072 ) ) ;
#2075 = VERTEX_POINT ( 'NONE', #1075 ) ;
#2076 = CARTESIAN_POINT ( 'NONE',  ( 8.369814204394933406E-30, 4.609999999998904308, 104.2218750000000398 ) ) ;
#2077 = ORIENTED_EDGE ( 'NONE', *, *, #1848, .T. ) ;
#2078 = DIRECTION ( 'NONE',  ( 0.000000000000000000, 0.000000000000000000, 1.000000000000000000 ) ) ;
#2079 = DIRECTION ( 'NONE',  ( 7.888609052210116302E-31, 1.000000000000000000, 1.051326443096836774E-14 ) ) ;
#2080 = ORIENTED_EDGE ( 'NONE', *, *, #637, .T. ) ;
#2081 = FACE_OUTER_BOUND ( 'NONE', #1342, .T. ) ;
#2082 =( NAMED_UNIT ( * ) SI_UNIT ( $, .STERADIAN. ) SOLID_ANGLE_UNIT ( ) );
#2083 = ORIENTED_EDGE ( 'NONE', *, *, #1758, .T. ) ;
#2084 = FACE_OUTER_BOUND ( 'NONE', #1846, .T. ) ;
#2085 = ORIENTED_EDGE ( 'NONE', *, *, #1939, .F. ) ;
#2086 = LINE ( 'NONE', #324, #1480 ) ;
ENDSEC;
END-ISO-10303-21;
