ISO-10303-21;
HEADER;
FILE_DESCRIPTION (( 'STEP AP214' ),
    '1' );
FILE_NAME ('Part5^Lucky15.STEP',
    '2026-08-31T20:28:18',
    ( '' ),
    ( '' ),
    'SwSTEP 2.0',
    'SolidWorks 2026',
    '' );
FILE_SCHEMA (( 'AUTOMOTIVE_DESIGN' ));
ENDSEC;

DATA;
#1 = DIRECTION ( 'NONE',  ( 0.000000000000000000, 1.000000000000000000, -0.000000000000000000 ) ) ;
#2 = VECTOR ( 'NONE', #815, 1000.000000000000000 ) ;
#3 = CARTESIAN_POINT ( 'NONE',  ( -85.72499999999999432, 1.610000000000004983, -41.83062500000000483 ) ) ;
#4 = ORIENTED_EDGE ( 'NONE', *, *, #1180, .F. ) ;
#5 = CARTESIAN_POINT ( 'NONE',  ( -7.999999999999976019, -9.582654467561697587, 104.9508071881345757 ) ) ;
#6 = ORIENTED_EDGE ( 'NONE', *, *, #1602, .F. ) ;
#7 = EDGE_LOOP ( 'NONE', ( #472, #611, #91, #662 ) ) ;
#8 = EDGE_CURVE ( 'NONE', #1901, #744, #58, .T. ) ;
#9 = CARTESIAN_POINT ( 'NONE',  ( 85.16250000000002274, 1.610000000000001430, -4.000000000000010658 ) ) ;
#10 = ORIENTED_EDGE ( 'NONE', *, *, #1420, .T. ) ;
#11 = DIRECTION ( 'NONE',  ( 0.000000000000000000, 1.000000000000000000, -0.000000000000000000 ) ) ;
#12 = CARTESIAN_POINT ( 'NONE',  ( 180.8794466933171350, -7.089909308207343663, 99.02187500000002274 ) ) ;
#13 = LINE ( 'NONE', #172, #1556 ) ;
#14 = DIRECTION ( 'NONE',  ( 0.000000000000000000, 0.000000000000000000, 1.000000000000000000 ) ) ;
#15 = ORIENTED_EDGE ( 'NONE', *, *, #1036, .T. ) ;
#16 = CARTESIAN_POINT ( 'NONE',  ( -4.000000000000017764, 1.610000000000001430, -4.000000000000000000 ) ) ;
#17 = VERTEX_POINT ( 'NONE', #1891 ) ;
#18 = EDGE_CURVE ( 'NONE', #1025, #338, #826, .T. ) ;
#19 = EDGE_CURVE ( 'NONE', #729, #1946, #344, .T. ) ;
#20 = VECTOR ( 'NONE', #655, 1000.000000000000000 ) ;
#21 = CARTESIAN_POINT ( 'NONE',  ( -4.000000000000017764, -1.489999999999999991, 105.9218750000000284 ) ) ;
#22 = AXIS2_PLACEMENT_3D ( 'NONE', #352, #489, #1590 ) ;
#23 = LINE ( 'NONE', #498, #1035 ) ;
#24 = DIRECTION ( 'NONE',  ( -1.000000000000000000, 0.000000000000000000, 0.000000000000000000 ) ) ;
#25 = VERTEX_POINT ( 'NONE', #597 ) ;
#26 = ORIENTED_EDGE ( 'NONE', *, *, #72, .F. ) ;
#27 = CARTESIAN_POINT ( 'NONE',  ( -4.000000000000017764, -1.489999999999999991, 103.0218750000000227 ) ) ;
#28 = VECTOR ( 'NONE', #54, 1000.000000000000000 ) ;
#29 = DIRECTION ( 'NONE',  ( -1.301042606982603349E-16, 0.000000000000000000, -1.000000000000000000 ) ) ;
#30 = CARTESIAN_POINT ( 'NONE',  ( 6.938893903907228378E-15, 1.972152263052530827E-31, 99.02187500000003695 ) ) ;
#31 = VECTOR ( 'NONE', #870, 1000.000000000000000 ) ;
#32 = CARTESIAN_POINT ( 'NONE',  ( -3.000000000000005773, 1.610000000000001208, -2.999999999999989342 ) ) ;
#33 = EDGE_CURVE ( 'NONE', #1117, #264, #1522, .T. ) ;
#34 = DIRECTION ( 'NONE',  ( 0.000000000000000000, 1.000000000000000000, -0.000000000000000000 ) ) ;
#35 = ORIENTED_EDGE ( 'NONE', *, *, #886, .F. ) ;
#36 = ORIENTED_EDGE ( 'NONE', *, *, #627, .F. ) ;
#37 = VECTOR ( 'NONE', #1043, 1000.000000000000000 ) ;
#38 = DIRECTION ( 'NONE',  ( -1.000000000000000000, 0.000000000000000000, 0.000000000000000000 ) ) ;
#39 = CARTESIAN_POINT ( 'NONE',  ( 2.500000000000000000, 0.000000000000000000, 2.500000000000026201 ) ) ;
#40 = FACE_OUTER_BOUND ( 'NONE', #378, .T. ) ;
#41 = ADVANCED_FACE ( 'NONE', ( #1974 ), #430, .F. ) ;
#42 = ADVANCED_FACE ( 'NONE', ( #1066 ), #267, .F. ) ;
#43 = ORIENTED_EDGE ( 'NONE', *, *, #623, .F. ) ;
#44 = ORIENTED_EDGE ( 'NONE', *, *, #60, .T. ) ;
#45 = CARTESIAN_POINT ( 'NONE',  ( -9.998148941690552153E-16, 1.610000000000000320, -7.999999999999989342 ) ) ;
#46 = DIRECTION ( 'NONE',  ( -0.000000000000000000, -1.000000000000000000, -0.000000000000000000 ) ) ;
#47 = CARTESIAN_POINT ( 'NONE',  ( -4.000000000000017764, -19.36833210274667039, -6.899999999999999467 ) ) ;
#48 = CARTESIAN_POINT ( 'NONE',  ( 180.8794466933171350, -4.000000000000000000, -2.396294882232237064E-14 ) ) ;
#49 = ADVANCED_FACE ( 'NONE', ( #741, #1680 ), #1843, .F. ) ;
#50 = EDGE_LOOP ( 'NONE', ( #135, #899, #115, #15, #1334, #1965, #405, #626 ) ) ;
#51 = DIRECTION ( 'NONE',  ( 0.000000000000000000, 0.000000000000000000, -1.000000000000000000 ) ) ;
#52 = ORIENTED_EDGE ( 'NONE', *, *, #1315, .F. ) ;
#53 = DIRECTION ( 'NONE',  ( -0.000000000000000000, 1.000000000000000000, -0.000000000000000000 ) ) ;
#54 = DIRECTION ( 'NONE',  ( 0.7071067811865464625, 0.000000000000000000, 0.7071067811865486830 ) ) ;
#55 = CYLINDRICAL_SURFACE ( 'NONE', #1752, 1.000000000000000888 ) ;
#56 = AXIS2_PLACEMENT_3D ( 'NONE', #843, #1289, #1112 ) ;
#57 = VECTOR ( 'NONE', #1719, 1000.000000000000000 ) ;
#58 = CIRCLE ( 'NONE', #783, 1.700000000000000178 ) ;
#59 = ORIENTED_EDGE ( 'NONE', *, *, #92, .T. ) ;
#60 = EDGE_CURVE ( 'NONE', #790, #312, #590, .T. ) ;
#61 = AXIS2_PLACEMENT_3D ( 'NONE', #27, #165, #1912 ) ;
#62 = CARTESIAN_POINT ( 'NONE',  ( 30.58124999999998650, 3.609999999999999876, 104.0218750000000085 ) ) ;
#63 = CARTESIAN_POINT ( 'NONE',  ( 85.16250000000002274, -19.46456963262517448, -1.100000000000010747 ) ) ;
#64 = CARTESIAN_POINT ( 'NONE',  ( 81.16250000000002274, -15.75320081178779219, -2.165735338457335972E-15 ) ) ;
#65 = DIRECTION ( 'NONE',  ( 1.000000000000000000, 0.000000000000000000, 0.000000000000000000 ) ) ;
#66 = CARTESIAN_POINT ( 'NONE',  ( 89.16250000000005116, -9.838902830259625532, 102.0218750000000369 ) ) ;
#67 = VERTEX_POINT ( 'NONE', #1359 ) ;
#68 = DIRECTION ( 'NONE',  ( -1.000000000000000000, -0.000000000000000000, 1.323940046656717123E-16 ) ) ;
#69 = PLANE ( 'NONE',  #1567 ) ;
#70 = ORIENTED_EDGE ( 'NONE', *, *, #181, .F. ) ;
#71 = DIRECTION ( 'NONE',  ( -1.000000000000000000, -0.000000000000000000, -0.000000000000000000 ) ) ;
#72 = EDGE_CURVE ( 'NONE', #1711, #458, #120, .T. ) ;
#73 = DIRECTION ( 'NONE',  ( 1.206534653326982810E-16, -1.224646799147353207E-16, 1.000000000000000000 ) ) ;
#74 = PLANE ( 'NONE',  #972 ) ;
#75 = ORIENTED_EDGE ( 'NONE', *, *, #447, .F. ) ;
#76 = CARTESIAN_POINT ( 'NONE',  ( -4.000000000000017764, 1.610000000000001430, 103.0218750000000227 ) ) ;
#77 = CARTESIAN_POINT ( 'NONE',  ( 81.16250000000002274, -4.000000000000000000, 94.02187499999998010 ) ) ;
#78 = ORIENTED_EDGE ( 'NONE', *, *, #1034, .T. ) ;
#79 = CARTESIAN_POINT ( 'NONE',  ( 0.000000000000000000, -1.489999999999999991, 0.000000000000000000 ) ) ;
#80 = CARTESIAN_POINT ( 'NONE',  ( 65.38088549413696171, 1.610000000000000986, -3.799999999999998046 ) ) ;
#81 = EDGE_CURVE ( 'NONE', #923, #1593, #1659, .T. ) ;
#82 = ORIENTED_EDGE ( 'NONE', *, *, #1392, .F. ) ;
#83 = EDGE_LOOP ( 'NONE', ( #787, #1267, #1052, #372 ) ) ;
#84 = CARTESIAN_POINT ( 'NONE',  ( 85.16250000000002274, -19.46456963262517448, -4.000000000000010658 ) ) ;
#85 = ORIENTED_EDGE ( 'NONE', *, *, #18, .T. ) ;
#86 = DIRECTION ( 'NONE',  ( -0.000000000000000000, -1.000000000000000000, -0.000000000000000000 ) ) ;
#87 = ORIENTED_EDGE ( 'NONE', *, *, #1061, .F. ) ;
#88 = LINE ( 'NONE', #1972, #661 ) ;
#89 = CARTESIAN_POINT ( 'NONE',  ( 85.16250000000003695, 1.610000000000001430, 103.0218750000000227 ) ) ;
#90 = ADVANCED_FACE ( 'NONE', ( #1667 ), #1929, .T. ) ;
#91 = ORIENTED_EDGE ( 'NONE', *, *, #991, .T. ) ;
#92 = EDGE_CURVE ( 'NONE', #289, #415, #905, .T. ) ;
#93 = PLANE ( 'NONE',  #1641 ) ;
#94 = VERTEX_POINT ( 'NONE', #1501 ) ;
#95 = DIRECTION ( 'NONE',  ( 1.000000000000000000, 0.000000000000000000, -0.000000000000000000 ) ) ;
#96 = EDGE_LOOP ( 'NONE', ( #1551, #1021, #1971, #839 ) ) ;
#97 = DIRECTION ( 'NONE',  ( 0.000000000000000000, 0.000000000000000000, 1.000000000000000000 ) ) ;
#98 = CARTESIAN_POINT ( 'NONE',  ( -4.000000000000017764, -19.46456963262517448, -4.000000000000000000 ) ) ;
#99 = DIRECTION ( 'NONE',  ( -1.000000000000000000, 0.000000000000000000, 1.206534653326982810E-16 ) ) ;
#100 = ORIENTED_EDGE ( 'NONE', *, *, #1911, .T. ) ;
#101 = AXIS2_PLACEMENT_3D ( 'NONE', #1361, #1068, #1536 ) ;
#102 = ORIENTED_EDGE ( 'NONE', *, *, #462, .T. ) ;
#103 = ADVANCED_FACE ( 'NONE', ( #1835 ), #1535, .T. ) ;
#104 = ADVANCED_FACE ( 'NONE', ( #733 ), #1350, .T. ) ;
#105 = CARTESIAN_POINT ( 'NONE',  ( 30.58125000000001137, 3.609999999999999876, 102.0218750000000227 ) ) ;
#106 = ORIENTED_EDGE ( 'NONE', *, *, #1000, .F. ) ;
#107 = DIRECTION ( 'NONE',  ( 0.000000000000000000, 1.224646799147353207E-16, -1.000000000000000000 ) ) ;
#108 = CARTESIAN_POINT ( 'NONE',  ( 65.38088549413696171, 1.610000000000000986, -7.999999999999998224 ) ) ;
#109 = DIRECTION ( 'NONE',  ( 0.000000000000000000, -1.301042606982604088E-16, 1.000000000000000000 ) ) ;
#110 = VECTOR ( 'NONE', #107, 1000.000000000000000 ) ;
#111 = ORIENTED_EDGE ( 'NONE', *, *, #129, .T. ) ;
#112 = AXIS2_PLACEMENT_3D ( 'NONE', #955, #1758, #38 ) ;
#113 = VERTEX_POINT ( 'NONE', #720 ) ;
#114 = DIRECTION ( 'NONE',  ( 0.000000000000000000, 0.08715574274765156004, 0.9961946980917461003 ) ) ;
#115 = ORIENTED_EDGE ( 'NONE', *, *, #1138, .F. ) ;
#116 = ORIENTED_EDGE ( 'NONE', *, *, #543, .T. ) ;
#117 = EDGE_CURVE ( 'NONE', #1583, #1763, #1002, .T. ) ;
#118 = LINE ( 'NONE', #936, #1893 ) ;
#119 = DIRECTION ( 'NONE',  ( 0.000000000000000000, 0.000000000000000000, 1.000000000000000000 ) ) ;
#120 = LINE ( 'NONE', #1222, #1038 ) ;
#121 = CIRCLE ( 'NONE', #1077, 2.899999999999999911 ) ;
#122 = ORIENTED_EDGE ( 'NONE', *, *, #81, .T. ) ;
#123 = ORIENTED_EDGE ( 'NONE', *, *, #477, .F. ) ;
#124 = DIRECTION ( 'NONE',  ( 0.000000000000000000, 0.000000000000000000, -1.000000000000000000 ) ) ;
#125 = ORIENTED_EDGE ( 'NONE', *, *, #1212, .T. ) ;
#126 = VECTOR ( 'NONE', #255, 1000.000000000000000 ) ;
#127 = CARTESIAN_POINT ( 'NONE',  ( -3.000000000000002665, -19.46456963262517093, -7.999999999999989342 ) ) ;
#128 = LINE ( 'NONE', #1238, #1816 ) ;
#129 = EDGE_CURVE ( 'NONE', #592, #1167, #215, .T. ) ;
#130 = CARTESIAN_POINT ( 'NONE',  ( 85.16250000000002274, -19.46456963262517448, -6.900000000000010125 ) ) ;
#131 = CARTESIAN_POINT ( 'NONE',  ( 0.000000000000000000, -4.000000000000000000, 0.000000000000000000 ) ) ;
#132 = ORIENTED_EDGE ( 'NONE', *, *, #307, .F. ) ;
#133 = FACE_OUTER_BOUND ( 'NONE', #218, .T. ) ;
#134 = ORIENTED_EDGE ( 'NONE', *, *, #529, .F. ) ;
#135 = ORIENTED_EDGE ( 'NONE', *, *, #117, .T. ) ;
#136 = LINE ( 'NONE', #1395, #1854 ) ;
#137 = ORIENTED_EDGE ( 'NONE', *, *, #1073, .T. ) ;
#138 = DIRECTION ( 'NONE',  ( 0.000000000000000000, 0.000000000000000000, 1.000000000000000000 ) ) ;
#139 = PLANE ( 'NONE',  #683 ) ;
#140 = CARTESIAN_POINT ( 'NONE',  ( 87.59218750000022169, 0.000000000000000000, 87.59218749999976694 ) ) ;
#141 = EDGE_CURVE ( 'NONE', #598, #717, #1986, .T. ) ;
#142 = ORIENTED_EDGE ( 'NONE', *, *, #573, .F. ) ;
#143 = ORIENTED_EDGE ( 'NONE', *, *, #545, .T. ) ;
#144 = DIRECTION ( 'NONE',  ( -0.000000000000000000, -1.000000000000000000, -0.000000000000000000 ) ) ;
#145 = AXIS2_PLACEMENT_3D ( 'NONE', #964, #842, #178 ) ;
#146 = VERTEX_POINT ( 'NONE', #1337 ) ;
#147 = CARTESIAN_POINT ( 'NONE',  ( 85.16250000000003695, 1.610000000000001430, 104.7218750000000256 ) ) ;
#148 = CARTESIAN_POINT ( 'NONE',  ( 81.16250000000002274, -4.000000000000000000, 4.999999999999997335 ) ) ;
#149 = CARTESIAN_POINT ( 'NONE',  ( -5.204170427930421283E-15, -15.75320081178779219, 8.530760072883655586E-15 ) ) ;
#150 = ORIENTED_EDGE ( 'NONE', *, *, #1149, .T. ) ;
#151 = CARTESIAN_POINT ( 'NONE',  ( -4.000000000000017764, -10.00513129095886811, 100.1218750000000313 ) ) ;
#152 = AXIS2_PLACEMENT_3D ( 'NONE', #1031, #1654, #95 ) ;
#153 = ADVANCED_FACE ( 'NONE', ( #1963 ), #565, .T. ) ;
#154 = EDGE_CURVE ( 'NONE', #892, #1643, #1261, .T. ) ;
#155 = EDGE_LOOP ( 'NONE', ( #475, #757 ) ) ;
#156 = EDGE_LOOP ( 'NONE', ( #710, #866 ) ) ;
#157 = FACE_OUTER_BOUND ( 'NONE', #615, .T. ) ;
#158 = ORIENTED_EDGE ( 'NONE', *, *, #1304, .F. ) ;
#159 = CARTESIAN_POINT ( 'NONE',  ( 76.16249999999993747, 0.000000000000000000, 0.000000000000000000 ) ) ;
#160 = CARTESIAN_POINT ( 'NONE',  ( 85.16250000000003695, -1.489999999999999991, 100.1218750000000313 ) ) ;
#161 = LINE ( 'NONE', #792, #1439 ) ;
#162 = DIRECTION ( 'NONE',  ( 0.000000000000000000, 0.000000000000000000, 1.000000000000000000 ) ) ;
#163 = CARTESIAN_POINT ( 'NONE',  ( 30.58124999999998650, 1.609999999999999876, -4.000000000000000888 ) ) ;
#164 = ORIENTED_EDGE ( 'NONE', *, *, #206, .F. ) ;
#165 = DIRECTION ( 'NONE',  ( 0.000000000000000000, 1.000000000000000000, -0.000000000000000000 ) ) ;
#166 = ORIENTED_EDGE ( 'NONE', *, *, #799, .T. ) ;
#167 = VECTOR ( 'NONE', #223, 1000.000000000000114 ) ;
#168 = EDGE_CURVE ( 'NONE', #639, #592, #1230, .T. ) ;
#169 = LINE ( 'NONE', #1450, #315 ) ;
#170 = CARTESIAN_POINT ( 'NONE',  ( 81.16250000000002274, -4.000000000000000000, -2.396294882232237064E-14 ) ) ;
#171 = DIRECTION ( 'NONE',  ( 1.249768617711323949E-16, -0.000000000000000000, 1.000000000000000000 ) ) ;
#172 = CARTESIAN_POINT ( 'NONE',  ( 81.16250000000002274, 0.000000000000000000, 0.000000000000000000 ) ) ;
#173 = CARTESIAN_POINT ( 'NONE',  ( 30.58124999999998650, 3.609999999999999876, -4.000000000000000888 ) ) ;
#174 = ORIENTED_EDGE ( 'NONE', *, *, #1623, .F. ) ;
#175 = ORIENTED_EDGE ( 'NONE', *, *, #33, .T. ) ;
#176 = DIRECTION ( 'NONE',  ( -1.249768617711323949E-16, -0.000000000000000000, -1.000000000000000000 ) ) ;
#177 = AXIS2_PLACEMENT_3D ( 'NONE', #675, #183, #1470 ) ;
#178 = DIRECTION ( 'NONE',  ( 0.000000000000000000, 0.000000000000000000, 1.000000000000000000 ) ) ;
#179 = DIRECTION ( 'NONE',  ( 0.000000000000000000, 1.000000000000000000, 0.000000000000000000 ) ) ;
#180 = ADVANCED_FACE ( 'NONE', ( #1572 ), #785, .F. ) ;
#181 = EDGE_CURVE ( 'NONE', #1054, #1550, #23, .T. ) ;
#182 = AXIS2_PLACEMENT_3D ( 'NONE', #1345, #1333, #1172 ) ;
#183 = DIRECTION ( 'NONE',  ( 0.000000000000000000, 1.000000000000000000, 1.224646799147353207E-16 ) ) ;
#184 = VECTOR ( 'NONE', #1801, 1000.000000000000000 ) ;
#185 = DIRECTION ( 'NONE',  ( 0.000000000000000000, 1.000000000000000000, -0.000000000000000000 ) ) ;
#186 = CARTESIAN_POINT ( 'NONE',  ( -5.928932188134502290, -9.401459512630042425, 107.0218750000000369 ) ) ;
#187 = VECTOR ( 'NONE', #314, 1000.000000000000000 ) ;
#188 = ORIENTED_EDGE ( 'NONE', *, *, #750, .T. ) ;
#189 = CARTESIAN_POINT ( 'NONE',  ( -9.998148941690575819E-16, -4.000000000000000000, -7.999999999999989342 ) ) ;
#190 = COLOUR_RGB ( '',0.7921568627450980005, 0.8196078431372548767, 0.9333333333333333481 ) ;
#191 = CARTESIAN_POINT ( 'NONE',  ( 76.16249999999990905, -4.000000000000000000, -1.116022351342532151E-14 ) ) ;
#192 = FACE_OUTER_BOUND ( 'NONE', #2005, .T. ) ;
#193 = EDGE_CURVE ( 'NONE', #798, #1724, #630, .T. ) ;
#194 = LINE ( 'NONE', #497, #1882 ) ;
#195 = CARTESIAN_POINT ( 'NONE',  ( 85.16250000000002274, -18.86089785429634702, -1.100000000000010747 ) ) ;
#196 = CARTESIAN_POINT ( 'NONE',  ( -4.000000000000017764, -9.497697042508548293, 105.9218750000000284 ) ) ;
#197 = AXIS2_PLACEMENT_3D ( 'NONE', #749, #406, #1638 ) ;
#198 = ORIENTED_EDGE ( 'NONE', *, *, #60, .F. ) ;
#199 = CARTESIAN_POINT ( 'NONE',  ( -4.000000000000017764, 1.610000000000001430, 103.0218750000000227 ) ) ;
#200 = ORIENTED_EDGE ( 'NONE', *, *, #1000, .T. ) ;
#201 = DIRECTION ( 'NONE',  ( -1.000000000000000000, 0.000000000000000000, -0.000000000000000000 ) ) ;
#202 = CARTESIAN_POINT ( 'NONE',  ( 5.000000000000009770, -4.000000000000000000, 99.02187500000000853 ) ) ;
#203 = LINE ( 'NONE', #505, #806 ) ;
#204 = CARTESIAN_POINT ( 'NONE',  ( -47.01093749999999716, -4.000000000000000000, 47.01093749999984794 ) ) ;
#205 = VECTOR ( 'NONE', #1561, 1000.000000000000000 ) ;
#206 = EDGE_CURVE ( 'NONE', #424, #400, #774, .T. ) ;
#207 = ORIENTED_EDGE ( 'NONE', *, *, #479, .F. ) ;
#208 = ORIENTED_EDGE ( 'NONE', *, *, #1446, .F. ) ;
#209 = LINE ( 'NONE', #63, #778 ) ;
#210 =( BOUNDED_CURVE ( )  B_SPLINE_CURVE ( 3, ( #1727, #1366, #1991, #595 ),
 .UNSPECIFIED., .F., .F. ) 
 B_SPLINE_CURVE_WITH_KNOTS ( ( 4, 4 ),
 ( 1.323940046656717616E-16, 1.570796326794896336 ),
 .UNSPECIFIED. ) 
 CURVE ( )  GEOMETRIC_REPRESENTATION_ITEM ( )  RATIONAL_B_SPLINE_CURVE ( ( 1.000000000000000000, 0.8047378541243650485, 0.8047378541243650485, 1.000000000000000000 ) ) 
 REPRESENTATION_ITEM ( '' )  );
#211 = PLANE ( 'NONE',  #1001 ) ;
#212 = CARTESIAN_POINT ( 'NONE',  ( 8.000000000000051514, 1.610000000000000320, 0.000000000000000000 ) ) ;
#213 = CARTESIAN_POINT ( 'NONE',  ( 0.000000000000000000, 0.000000000000000000, 0.000000000000000000 ) ) ;
#214 = AXIS2_PLACEMENT_3D ( 'NONE', #32, #658, #296 ) ;
#215 = CIRCLE ( 'NONE', #1360, 5.000000000000004441 ) ;
#216 = CARTESIAN_POINT ( 'NONE',  ( -2.999999999999993339, 1.609999999999988107, 102.0218750000000227 ) ) ;
#217 = EDGE_CURVE ( 'NONE', #663, #1054, #1739, .T. ) ;
#218 = EDGE_LOOP ( 'NONE', ( #943, #123 ) ) ;
#219 = ORIENTED_EDGE ( 'NONE', *, *, #573, .T. ) ;
#220 = LINE ( 'NONE', #1468, #742 ) ;
#221 = DIRECTION ( 'NONE',  ( 0.000000000000000000, -0.000000000000000000, -1.000000000000000000 ) ) ;
#222 = CARTESIAN_POINT ( 'NONE',  ( 65.38088549413696171, 1.610000000000000986, -3.799999999999998046 ) ) ;
#223 = DIRECTION ( 'NONE',  ( 0.7071067811865456854, 0.000000000000000000, -0.7071067811865493491 ) ) ;
#224 = ORIENTED_EDGE ( 'NONE', *, *, #975, .F. ) ;
#225 = CARTESIAN_POINT ( 'NONE',  ( 85.16250000000003695, -1.489999999999999991, 105.9218750000000284 ) ) ;
#226 = ORIENTED_EDGE ( 'NONE', *, *, #324, .F. ) ;
#227 = LINE ( 'NONE', #77, #1947 ) ;
#228 = EDGE_CURVE ( 'NONE', #1946, #1253, #1817, .T. ) ;
#229 = FILL_AREA_STYLE ('',( #1665 ) ) ;
#230 = CARTESIAN_POINT ( 'NONE',  ( 30.58124999999998650, 3.609999999999999876, -3.000000000000011546 ) ) ;
#231 = LINE ( 'NONE', #1480, #167 ) ;
#232 = ORIENTED_EDGE ( 'NONE', *, *, #19, .F. ) ;
#233 = EDGE_LOOP ( 'NONE', ( #52, #1082, #897, #43 ) ) ;
#234 = CARTESIAN_POINT ( 'NONE',  ( 30.58124999999998650, 3.609999999999999876, -5.000000000000004441 ) ) ;
#235 = LINE ( 'NONE', #140, #1447 ) ;
#236 = ORIENTED_EDGE ( 'NONE', *, *, #1695, .T. ) ;
#237 = CARTESIAN_POINT ( 'NONE',  ( 84.16250000000002274, -9.401459512630037096, 107.0218750000000369 ) ) ;
#238 = ORIENTED_EDGE ( 'NONE', *, *, #1199, .F. ) ;
#239 = LINE ( 'NONE', #1800, #1271 ) ;
#240 = DIRECTION ( 'NONE',  ( 0.000000000000000000, 1.000000000000000000, -0.000000000000000000 ) ) ;
#241 = EDGE_CURVE ( 'NONE', #1332, #549, #13, .T. ) ;
#242 = ADVANCED_FACE ( 'NONE', ( #1104 ), #139, .F. ) ;
#243 = DIRECTION ( 'NONE',  ( 0.000000000000000000, 0.000000000000000000, 1.000000000000000000 ) ) ;
#244 = CARTESIAN_POINT ( 'NONE',  ( 84.16250000000000853, -4.000000000000000000, -3.000000000000000000 ) ) ;
#245 = VECTOR ( 'NONE', #1548, 1000.000000000000000 ) ;
#246 = EDGE_LOOP ( 'NONE', ( #882, #1482, #1848, #1228 ) ) ;
#247 = ORIENTED_EDGE ( 'NONE', *, *, #1634, .F. ) ;
#248 = AXIS2_PLACEMENT_3D ( 'NONE', #1915, #1906, #506 ) ;
#249 = DIRECTION ( 'NONE',  ( 0.000000000000000000, 0.000000000000000000, 1.000000000000000000 ) ) ;
#250 = ORIENTED_EDGE ( 'NONE', *, *, #1888, .T. ) ;
#251 = DIRECTION ( 'NONE',  ( 0.000000000000000000, 0.000000000000000000, 1.000000000000000000 ) ) ;
#252 = ORIENTED_EDGE ( 'NONE', *, *, #690, .T. ) ;
#253 = CIRCLE ( 'NONE', #61, 2.899999999999999911 ) ;
#254 = CARTESIAN_POINT ( 'NONE',  ( 72.68088549413697308, 1.610000000000000986, -3.799999999999998046 ) ) ;
#255 = DIRECTION ( 'NONE',  ( 0.000000000000000000, 1.000000000000000000, 0.000000000000000000 ) ) ;
#256 = EDGE_CURVE ( 'NONE', #1025, #722, #453, .T. ) ;
#257 = CARTESIAN_POINT ( 'NONE',  ( 0.000000000000000000, -1.489999999999999991, 0.000000000000000000 ) ) ;
#258 = CARTESIAN_POINT ( 'NONE',  ( 180.8794466933171350, -4.000000000000000000, -1.536766124421889744E-14 ) ) ;
#259 = ORIENTED_EDGE ( 'NONE', *, *, #1356, .T. ) ;
#260 = EDGE_LOOP ( 'NONE', ( #1243, #457 ) ) ;
#261 = ADVANCED_FACE ( 'NONE', ( #1730 ), #331, .T. ) ;
#262 = ORIENTED_EDGE ( 'NONE', *, *, #1935, .F. ) ;
#263 = CARTESIAN_POINT ( 'NONE',  ( 30.58125000000001137, 1.609999999999999876, 102.0218750000000227 ) ) ;
#264 = VERTEX_POINT ( 'NONE', #148 ) ;
#265 = LINE ( 'NONE', #1055, #37 ) ;
#266 = DIRECTION ( 'NONE',  ( 0.000000000000000000, 0.000000000000000000, 1.000000000000000000 ) ) ;
#267 = CYLINDRICAL_SURFACE ( 'NONE', #1297, 2.899999999999999911 ) ;
#268 = ORIENTED_EDGE ( 'NONE', *, *, #1823, .T. ) ;
#269 = CIRCLE ( 'NONE', #1673, 1.000000000000000888 ) ;
#270 = EDGE_CURVE ( 'NONE', #1059, #1780, #804, .T. ) ;
#271 = EDGE_CURVE ( 'NONE', #17, #1171, #844, .T. ) ;
#272 = LINE ( 'NONE', #1466, #1493 ) ;
#273 = ORIENTED_EDGE ( 'NONE', *, *, #1683, .T. ) ;
#274 = CYLINDRICAL_SURFACE ( 'NONE', #1143, 1.699999999999999289 ) ;
#275 = ORIENTED_EDGE ( 'NONE', *, *, #1967, .F. ) ;
#276 = DIRECTION ( 'NONE',  ( -1.000000000000000000, 0.000000000000000000, 1.249768617711323949E-16 ) ) ;
#277 = DIRECTION ( 'NONE',  ( 0.000000000000000000, 1.000000000000000000, -0.000000000000000000 ) ) ;
#278 = AXIS2_PLACEMENT_3D ( 'NONE', #79, #1821, #1647 ) ;
#279 = VECTOR ( 'NONE', #1162, 1000.000000000000000 ) ;
#280 = ADVANCED_FACE ( 'NONE', ( #319, #1240, #1273, #467, #2003, #967, #605, #927 ), #1388, .T. ) ;
#281 = AXIS2_PLACEMENT_3D ( 'NONE', #80, #276, #740 ) ;
#282 = VERTEX_POINT ( 'NONE', #1875 ) ;
#283 = DIRECTION ( 'NONE',  ( -1.428306991670084091E-16, 0.000000000000000000, -1.000000000000000000 ) ) ;
#284 = ORIENTED_EDGE ( 'NONE', *, *, #511, .F. ) ;
#285 = CARTESIAN_POINT ( 'NONE',  ( 13.45435605731790929, 1.609999999999999876, -4.707978340377048432E-16 ) ) ;
#286 = AXIS2_PLACEMENT_3D ( 'NONE', #16, #1725, #636 ) ;
#287 = DIRECTION ( 'NONE',  ( 0.000000000000000000, 0.000000000000000000, 1.000000000000000000 ) ) ;
#288 = ORIENTED_EDGE ( 'NONE', *, *, #670, .T. ) ;
#289 = VERTEX_POINT ( 'NONE', #1943 ) ;
#290 = EDGE_LOOP ( 'NONE', ( #1292, #437, #1475, #701 ) ) ;
#291 = FACE_OUTER_BOUND ( 'NONE', #753, .T. ) ;
#292 = EDGE_LOOP ( 'NONE', ( #188, #134 ) ) ;
#293 = VECTOR ( 'NONE', #894, 1000.000000000000000 ) ;
#294 = CARTESIAN_POINT ( 'NONE',  ( 6.938893903907228378E-15, -7.089909308207343663, 99.02187500000005116 ) ) ;
#295 = EDGE_CURVE ( 'NONE', #917, #458, #828, .T. ) ;
#296 = DIRECTION ( 'NONE',  ( 0.000000000000000000, -1.301042606982605321E-16, 1.000000000000000000 ) ) ;
#297 = DIRECTION ( 'NONE',  ( 0.000000000000000000, 0.000000000000000000, -1.000000000000000000 ) ) ;
#298 = VERTEX_POINT ( 'NONE', #1589 ) ;
#299 = CYLINDRICAL_SURFACE ( 'NONE', #1677, 2.899999999999999911 ) ;
#300 = ORIENTED_EDGE ( 'NONE', *, *, #181, .T. ) ;
#301 = ORIENTED_EDGE ( 'NONE', *, *, #1103, .T. ) ;
#302 = DIRECTION ( 'NONE',  ( 0.000000000000000000, -0.000000000000000000, -1.000000000000000000 ) ) ;
#303 = VECTOR ( 'NONE', #632, 1000.000000000000000 ) ;
#304 = ORIENTED_EDGE ( 'NONE', *, *, #991, .F. ) ;
#305 = CARTESIAN_POINT ( 'NONE',  ( 85.16250000000002274, -1.489999999999999991, -4.000000000000010658 ) ) ;
#306 = ADVANCED_FACE ( 'NONE', ( #540 ), #1453, .F. ) ;
#307 = EDGE_CURVE ( 'NONE', #1780, #1173, #779, .T. ) ;
#308 = DIRECTION ( 'NONE',  ( -0.000000000000000000, 1.000000000000000000, -0.000000000000000000 ) ) ;
#309 = CARTESIAN_POINT ( 'NONE',  ( -4.000000000000017764, 1.610000000000001430, 103.0218750000000227 ) ) ;
#310 = ORIENTED_EDGE ( 'NONE', *, *, #831, .T. ) ;
#311 = DIRECTION ( 'NONE',  ( 0.000000000000000000, 0.000000000000000000, -1.000000000000000000 ) ) ;
#312 = VERTEX_POINT ( 'NONE', #1620 ) ;
#313 = ORIENTED_EDGE ( 'NONE', *, *, #256, .T. ) ;
#314 = DIRECTION ( 'NONE',  ( -1.000000000000000000, -0.000000000000000000, 1.301042606982603349E-16 ) ) ;
#315 = VECTOR ( 'NONE', #1280, 1000.000000000000000 ) ;
#316 = VECTOR ( 'NONE', #1377, 1000.000000000000000 ) ;
#317 = LINE ( 'NONE', #946, #1454 ) ;
#318 = DIRECTION ( 'NONE',  ( 0.000000000000000000, 0.000000000000000000, -1.000000000000000000 ) ) ;
#319 = FACE_BOUND ( 'NONE', #769, .T. ) ;
#320 = ADVANCED_FACE ( 'NONE', ( #40 ), #74, .T. ) ;
#321 = VERTEX_POINT ( 'NONE', #1165 ) ;
#322 = LINE ( 'NONE', #1124, #503 ) ;
#323 = AXIS2_PLACEMENT_3D ( 'NONE', #1235, #1684, #737 ) ;
#324 = EDGE_CURVE ( 'NONE', #1004, #146, #365, .T. ) ;
#325 = VERTEX_POINT ( 'NONE', #998 ) ;
#326 = LINE ( 'NONE', #355, #516 ) ;
#327 = ORIENTED_EDGE ( 'NONE', *, *, #1061, .T. ) ;
#328 = CARTESIAN_POINT ( 'NONE',  ( 81.16250000000002274, 0.000000000000000000, 99.02187500000000853 ) ) ;
#329 = PLANE ( 'NONE',  #112 ) ;
#330 = CARTESIAN_POINT ( 'NONE',  ( 85.16250000000003695, -1.489999999999999991, 103.0218750000000227 ) ) ;
#331 = PLANE ( 'NONE',  #1718 ) ;
#332 = CARTESIAN_POINT ( 'NONE',  ( -2.999999999999992450, -9.401459512630037096, 107.0218750000000369 ) ) ;
#333 = ORIENTED_EDGE ( 'NONE', *, *, #642, .T. ) ;
#334 = VERTEX_POINT ( 'NONE', #212 ) ;
#335 = EDGE_CURVE ( 'NONE', #282, #1818, #1139, .T. ) ;
#336 = ADVANCED_FACE ( 'NONE', ( #386 ), #55, .T. ) ;
#337 = CARTESIAN_POINT ( 'NONE',  ( -4.000000000000017764, -1.489999999999999991, -4.000000000000000000 ) ) ;
#338 = VERTEX_POINT ( 'NONE', #195 ) ;
#339 = DIRECTION ( 'NONE',  ( 0.000000000000000000, 0.000000000000000000, -1.000000000000000000 ) ) ;
#340 = DIRECTION ( 'NONE',  ( 0.000000000000000000, -1.000000000000000000, 0.000000000000000000 ) ) ;
#341 = CARTESIAN_POINT ( 'NONE',  ( 81.16250000000002274, 152.1775367891951589, 99.02187500000000853 ) ) ;
#342 = LINE ( 'NONE', #1712, #205 ) ;
#343 = ORIENTED_EDGE ( 'NONE', *, *, #1657, .T. ) ;
#344 = LINE ( 'NONE', #1287, #1201 ) ;
#345 = VERTEX_POINT ( 'NONE', #1148 ) ;
#346 = EDGE_CURVE ( 'NONE', #312, #1582, #1688, .T. ) ;
#347 = LINE ( 'NONE', #1607, #873 ) ;
#348 = CARTESIAN_POINT ( 'NONE',  ( 85.16250000000002274, 1.610000000000001430, -2.300000000000011369 ) ) ;
#349 = AXIS2_PLACEMENT_3D ( 'NONE', #801, #835, #1451 ) ;
#350 = DIRECTION ( 'NONE',  ( 0.000000000000000000, -1.000000000000000000, 0.000000000000000000 ) ) ;
#351 = FACE_OUTER_BOUND ( 'NONE', #233, .T. ) ;
#352 = CARTESIAN_POINT ( 'NONE',  ( 50.58125000000001847, 3.609999999999999876, -4.000000000000003553 ) ) ;
#353 = EDGE_LOOP ( 'NONE', ( #1159, #606, #1830, #1277 ) ) ;
#354 = VERTEX_POINT ( 'NONE', #1290 ) ;
#355 = CARTESIAN_POINT ( 'NONE',  ( -3.000000000000006217, -4.000000000000000000, -7.999999999999989342 ) ) ;
#356 = LINE ( 'NONE', #1146, #1424 ) ;
#357 = CARTESIAN_POINT ( 'NONE',  ( 30.58125000000001137, 1.609999999999999876, 102.0218750000000227 ) ) ;
#358 = CARTESIAN_POINT ( 'NONE',  ( 85.16250000000003695, -1.489999999999999991, 103.0218750000000227 ) ) ;
#359 = EDGE_CURVE ( 'NONE', #113, #67, #1130, .T. ) ;
#360 = ORIENTED_EDGE ( 'NONE', *, *, #1985, .F. ) ;
#361 = DIRECTION ( 'NONE',  ( 0.000000000000000000, 1.000000000000000000, -0.000000000000000000 ) ) ;
#362 = PLANE ( 'NONE',  #376 ) ;
#363 = VECTOR ( 'NONE', #533, 1000.000000000000000 ) ;
#364 = CARTESIAN_POINT ( 'NONE',  ( -4.000000000000017764, -18.86089785429634702, -1.100000000000000311 ) ) ;
#365 = LINE ( 'NONE', #222, #1851 ) ;
#366 = VECTOR ( 'NONE', #1242, 1000.000000000000000 ) ;
#367 = ADVANCED_FACE ( 'NONE', ( #1434 ), #1934, .F. ) ;
#368 = ADVANCED_FACE ( 'NONE', ( #1749 ), #531, .T. ) ;
#369 = LINE ( 'NONE', #693, #363 ) ;
#370 = DIRECTION ( 'NONE',  ( 0.000000000000000000, -0.000000000000000000, -1.000000000000000000 ) ) ;
#371 = VERTEX_POINT ( 'NONE', #1471 ) ;
#372 = ORIENTED_EDGE ( 'NONE', *, *, #1296, .T. ) ;
#373 = AXIS2_PLACEMENT_3D ( 'NONE', #1767, #340, #1452 ) ;
#374 = FACE_OUTER_BOUND ( 'NONE', #1674, .T. ) ;
#375 = DIRECTION ( 'NONE',  ( -0.000000000000000000, 0.000000000000000000, 1.000000000000000000 ) ) ;
#376 = AXIS2_PLACEMENT_3D ( 'NONE', #1608, #29, #996 ) ;
#377 = FACE_OUTER_BOUND ( 'NONE', #1496, .T. ) ;
#378 = EDGE_LOOP ( 'NONE', ( #959, #4, #1840, #1072, #284, #1029, #572, #87, #613, #784, #1062, #635, #208, #1867 ) ) ;
#379 = ADVANCED_FACE ( 'NONE', ( #351 ), #978, .F. ) ;
#380 = VECTOR ( 'NONE', #510, 1000.000000000000000 ) ;
#381 = CARTESIAN_POINT ( 'NONE',  ( 84.16250000000002274, 1.609999999999988107, 102.0218750000000085 ) ) ;
#382 = VECTOR ( 'NONE', #730, 1000.000000000000000 ) ;
#383 = ORIENTED_EDGE ( 'NONE', *, *, #1103, .F. ) ;
#384 = DIRECTION ( 'NONE',  ( 0.000000000000000000, 1.000000000000000000, 0.000000000000000000 ) ) ;
#385 = LINE ( 'NONE', #1787, #382 ) ;
#386 = FACE_OUTER_BOUND ( 'NONE', #1950, .T. ) ;
#387 = ORIENTED_EDGE ( 'NONE', *, *, #1356, .F. ) ;
#388 = DIRECTION ( 'NONE',  ( 1.299483091253767798E-16, 0.08715574274765168494, 0.9961946980917461003 ) ) ;
#389 = DIRECTION ( 'NONE',  ( 0.000000000000000000, 0.000000000000000000, 1.000000000000000000 ) ) ;
#390 = ADVANCED_FACE ( 'NONE', ( #989 ), #1610, .F. ) ;
#391 = EDGE_CURVE ( 'NONE', #25, #932, #1927, .T. ) ;
#392 = DIRECTION ( 'NONE',  ( 0.000000000000000000, 1.000000000000000000, 0.000000000000000000 ) ) ;
#393 = ORIENTED_EDGE ( 'NONE', *, *, #1285, .T. ) ;
#394 = LINE ( 'NONE', #706, #1690 ) ;
#395 = PLANE ( 'NONE',  #281 ) ;
#396 = SHAPE_DEFINITION_REPRESENTATION ( #1612, #535 ) ;
#397 = CIRCLE ( 'NONE', #1252, 1.699999999999999289 ) ;
#398 = FACE_OUTER_BOUND ( 'NONE', #551, .T. ) ;
#399 = VERTEX_POINT ( 'NONE', #874 ) ;
#400 = VERTEX_POINT ( 'NONE', #108 ) ;
#401 = CARTESIAN_POINT ( 'NONE',  ( 89.16250000000003695, -18.62212164727257147, 1.629224534936921653 ) ) ;
#402 = DIRECTION ( 'NONE',  ( 0.000000000000000000, 0.000000000000000000, 1.000000000000000000 ) ) ;
#403 = PLANE ( 'NONE',  #152 ) ;
#404 = ADVANCED_FACE ( 'NONE', ( #1521 ), #395, .F. ) ;
#405 = ORIENTED_EDGE ( 'NONE', *, *, #1732, .T. ) ;
#406 = DIRECTION ( 'NONE',  ( 0.000000000000000000, 1.000000000000000000, -0.000000000000000000 ) ) ;
#407 = DIRECTION ( 'NONE',  ( -0.000000000000000000, -1.000000000000000000, -0.000000000000000000 ) ) ;
#408 = DIRECTION ( 'NONE',  ( 1.000000000000000000, -0.000000000000000000, -0.000000000000000000 ) ) ;
#409 = VECTOR ( 'NONE', #1181, 1000.000000000000000 ) ;
#410 = AXIS2_PLACEMENT_3D ( 'NONE', #1852, #308, #162 ) ;
#411 = EDGE_LOOP ( 'NONE', ( #738, #85, #591, #1278 ) ) ;
#412 = ORIENTED_EDGE ( 'NONE', *, *, #1770, .F. ) ;
#413 = CLOSED_SHELL ( 'NONE', ( #532, #42, #1792, #1809, #1694, #1393, #1547, #1708, #280, #1613, #898, #1492, #103, #261, #390, #736, #320, #1013, #306, #242, #1856, #1781, #153, #1721, #90, #1262, #104, #840, #368, #830, #1503, #862, #379, #1275, #699, #180, #950, #41, #1329, #1873, #49, #490, #1846, #688, #1406, #656, #1479, #1575, #1305, #1234, #1469, #1559, #1585, #1157, #336, #1458, #1223, #589, #1887, #404, #1168, #1276, #367, #1247 ) ) ;
#414 = LINE ( 'NONE', #1303, #279 ) ;
#415 = VERTEX_POINT ( 'NONE', #1335 ) ;
#416 = AXIS2_PLACEMENT_3D ( 'NONE', #199, #1576, #51 ) ;
#417 = CARTESIAN_POINT ( 'NONE',  ( -4.444377832548047788E-15, -4.000000000000000000, 5.000000000000004441 ) ) ;
#418 = DIRECTION ( 'NONE',  ( 0.000000000000000000, 0.000000000000000000, 1.000000000000000000 ) ) ;
#419 = EDGE_CURVE ( 'NONE', #664, #919, #1842, .T. ) ;
#420 = DIRECTION ( 'NONE',  ( 0.000000000000000000, 1.000000000000000000, -0.000000000000000000 ) ) ;
#421 =( BOUNDED_CURVE ( )  B_SPLINE_CURVE ( 3, ( #653, #1268, #985, #495 ),
 .UNSPECIFIED., .F., .T. ) 
 B_SPLINE_CURVE_WITH_KNOTS ( ( 4, 4 ),
 ( 1.323940046656717370E-16, 3.141592653589793116 ),
 .UNSPECIFIED. ) 
 CURVE ( )  GEOMETRIC_REPRESENTATION_ITEM ( )  RATIONAL_B_SPLINE_CURVE ( ( 1.000000000000000000, 0.3333333333333333703, 0.3333333333333333703, 1.000000000000000000 ) ) 
 REPRESENTATION_ITEM ( '' )  );
#422 = PLANE ( 'NONE',  #1580 ) ;
#423 = ORIENTED_EDGE ( 'NONE', *, *, #623, .T. ) ;
#424 = VERTEX_POINT ( 'NONE', #1221 ) ;
#425 = CARTESIAN_POINT ( 'NONE',  ( 85.16250000000003695, -10.00513129095886811, 100.1218750000000313 ) ) ;
#426 = CYLINDRICAL_SURFACE ( 'NONE', #879, 1.000000000000000888 ) ;
#427 = ORIENTED_EDGE ( 'NONE', *, *, #1669, .F. ) ;
#428 = CARTESIAN_POINT ( 'NONE',  ( 85.16250000000003695, -1.489999999999999991, 103.0218750000000227 ) ) ;
#429 = DIRECTION ( 'NONE',  ( -1.224646799147353207E-16, -3.491481338843133355E-15, -1.000000000000000000 ) ) ;
#430 = CYLINDRICAL_SURFACE ( 'NONE', #847, 2.899999999999999911 ) ;
#431 = CARTESIAN_POINT ( 'NONE',  ( -2.999999999999993339, -4.000000000000000000, 102.0218750000000227 ) ) ;
#432 = EDGE_CURVE ( 'NONE', #1507, #1711, #1197, .T. ) ;
#433 = ORIENTED_EDGE ( 'NONE', *, *, #271, .T. ) ;
#434 = VECTOR ( 'NONE', #171, 1000.000000000000000 ) ;
#435 = ORIENTED_EDGE ( 'NONE', *, *, #1669, .T. ) ;
#436 = CARTESIAN_POINT ( 'NONE',  ( 30.58125000000001137, 3.609999999999999876, 103.0218750000000085 ) ) ;
#437 = ORIENTED_EDGE ( 'NONE', *, *, #168, .T. ) ;
#438 = LINE ( 'NONE', #45, #682 ) ;
#439 = APPLICATION_CONTEXT ( 'automotive_design' ) ;
#440 = DIRECTION ( 'NONE',  ( 0.000000000000000000, -1.000000000000000000, 0.000000000000000000 ) ) ;
#441 = CARTESIAN_POINT ( 'NONE',  ( 6.938893903907228378E-15, -4.000000000000000000, 99.02187500000003695 ) ) ;
#442 = VECTOR ( 'NONE', #350, 1000.000000000000000 ) ;
#443 = CARTESIAN_POINT ( 'NONE',  ( -4.000000000000017764, -1.489999999999999991, -2.299999999999999378 ) ) ;
#444 = VECTOR ( 'NONE', #392, 1000.000000000000000 ) ;
#445 = AXIS2_PLACEMENT_3D ( 'NONE', #89, #1992, #119 ) ;
#446 = ORIENTED_EDGE ( 'NONE', *, *, #788, .T. ) ;
#447 = EDGE_CURVE ( 'NONE', #1088, #549, #1811, .T. ) ;
#448 = CARTESIAN_POINT ( 'NONE',  ( -3.000000000000005773, -4.000000000000000000, -2.999999999999989342 ) ) ;
#449 = ORIENTED_EDGE ( 'NONE', *, *, #1546, .F. ) ;
#450 = CARTESIAN_POINT ( 'NONE',  ( 72.68088549413697308, -0.7013729011916337575, -3.799999999999998046 ) ) ;
#451 = FACE_OUTER_BOUND ( 'NONE', #292, .T. ) ;
#452 = AXIS2_PLACEMENT_3D ( 'NONE', #930, #1474, #702 ) ;
#453 = LINE ( 'NONE', #130, #578 ) ;
#454 = STYLED_ITEM ( 'NONE', ( #718 ), #1009 ) ;
#455 = ORIENTED_EDGE ( 'NONE', *, *, #324, .T. ) ;
#456 = PLANE ( 'NONE',  #1772 ) ;
#457 = ORIENTED_EDGE ( 'NONE', *, *, #335, .F. ) ;
#458 = VERTEX_POINT ( 'NONE', #575 ) ;
#459 = DIRECTION ( 'NONE',  ( 0.000000000000000000, -1.000000000000000000, 0.000000000000000000 ) ) ;
#460 = ORIENTED_EDGE ( 'NONE', *, *, #1760, .F. ) ;
#461 = EDGE_CURVE ( 'NONE', #1919, #1820, #542, .T. ) ;
#462 = EDGE_CURVE ( 'NONE', #1818, #282, #1323, .T. ) ;
#463 = UNCERTAINTY_MEASURE_WITH_UNIT (LENGTH_MEASURE( 1.000000000000000082E-05 ), #1877, 'distance_accuracy_value', 'NONE');
#464 = AXIS2_PLACEMENT_3D ( 'NONE', #1044, #1666, #266 ) ;
#465 = DIRECTION ( 'NONE',  ( -0.000000000000000000, 0.000000000000000000, 1.000000000000000000 ) ) ;
#466 = DIRECTION ( 'NONE',  ( 1.249768617711323703E-16, -0.000000000000000000, 1.000000000000000000 ) ) ;
#467 = FACE_BOUND ( 'NONE', #1120, .T. ) ;
#468 = DIRECTION ( 'NONE',  ( 1.000000000000000000, -0.000000000000000000, 0.000000000000000000 ) ) ;
#469 = ORIENTED_EDGE ( 'NONE', *, *, #900, .T. ) ;
#470 = DIRECTION ( 'NONE',  ( 0.000000000000000000, 1.000000000000000000, 0.000000000000000000 ) ) ;
#471 = VECTOR ( 'NONE', #1937, 1000.000000000000000 ) ;
#472 = ORIENTED_EDGE ( 'NONE', *, *, #1746, .T. ) ;
#473 = PLANE ( 'NONE',  #1464 ) ;
#474 = CIRCLE ( 'NONE', #22, 0.9999999999999965583 ) ;
#475 = ORIENTED_EDGE ( 'NONE', *, *, #1516, .F. ) ;
#476 = LINE ( 'NONE', #603, #1012 ) ;
#477 = EDGE_CURVE ( 'NONE', #1643, #911, #557, .T. ) ;
#478 = CARTESIAN_POINT ( 'NONE',  ( 65.38088549413696171, 1.610000000000000986, -7.999999999999998224 ) ) ;
#479 = EDGE_CURVE ( 'NONE', #1704, #598, #1367, .T. ) ;
#480 = LINE ( 'NONE', #332, #1508 ) ;
#481 = VECTOR ( 'NONE', #1761, 1000.000000000000000 ) ;
#482 = ORIENTED_EDGE ( 'NONE', *, *, #461, .F. ) ;
#483 = VERTEX_POINT ( 'NONE', #707 ) ;
#484 = FACE_OUTER_BOUND ( 'NONE', #1339, .T. ) ;
#485 = ORIENTED_EDGE ( 'NONE', *, *, #1845, .F. ) ;
#486 = FACE_OUTER_BOUND ( 'NONE', #1340, .T. ) ;
#487 = AXIS2_PLACEMENT_3D ( 'NONE', #257, #277, #1214 ) ;
#488 = DIRECTION ( 'NONE',  ( -0.000000000000000000, -1.000000000000000000, -0.000000000000000000 ) ) ;
#489 = DIRECTION ( 'NONE',  ( 0.000000000000000000, 1.000000000000000000, -0.000000000000000000 ) ) ;
#490 = ADVANCED_FACE ( 'NONE', ( #719 ), #587, .F. ) ;
#491 = EDGE_CURVE ( 'NONE', #795, #1097, #1185, .T. ) ;
#492 = ORIENTED_EDGE ( 'NONE', *, *, #217, .T. ) ;
#493 = DIRECTION ( 'NONE',  ( 0.000000000000000000, 0.000000000000000000, 1.000000000000000000 ) ) ;
#494 = ORIENTED_EDGE ( 'NONE', *, *, #788, .F. ) ;
#495 = CARTESIAN_POINT ( 'NONE',  ( -4.000000000000017764, -19.36833210274667039, -6.899999999999999467 ) ) ;
#496 = CARTESIAN_POINT ( 'NONE',  ( 50.58125000000001847, 3.609999999999999876, -5.000000000000000000 ) ) ;
#497 = CARTESIAN_POINT ( 'NONE',  ( 72.68088549413697308, -0.7013729011916337575, -7.999999999999998224 ) ) ;
#498 = CARTESIAN_POINT ( 'NONE',  ( 81.16250000000002274, 0.000000000000000000, 0.000000000000000000 ) ) ;
#499 = EDGE_CURVE ( 'NONE', #1030, #415, #1952, .T. ) ;
#500 = ORIENTED_EDGE ( 'NONE', *, *, #1766, .T. ) ;
#501 = CARTESIAN_POINT ( 'NONE',  ( 90.96250000000003411, -18.86089785429634702, -1.100000000000011635 ) ) ;
#502 = LINE ( 'NONE', #650, #1205 ) ;
#503 = VECTOR ( 'NONE', #1096, 1000.000000000000000 ) ;
#504 = DIRECTION ( 'NONE',  ( 0.000000000000000000, -1.000000000000000000, 0.000000000000000000 ) ) ;
#505 = CARTESIAN_POINT ( 'NONE',  ( 81.16250000000002274, 1.972152263052530827E-31, 99.02187500000002274 ) ) ;
#506 = DIRECTION ( 'NONE',  ( 1.000000000000000000, 0.000000000000000000, 0.000000000000000000 ) ) ;
#507 = CARTESIAN_POINT ( 'NONE',  ( -9.998148941690552153E-16, 1.610000000000000320, -7.999999999999989342 ) ) ;
#508 = ORIENTED_EDGE ( 'NONE', *, *, #154, .F. ) ;
#509 = ORIENTED_EDGE ( 'NONE', *, *, #117, .F. ) ;
#510 = DIRECTION ( 'NONE',  ( -0.000000000000000000, -1.000000000000000000, -0.000000000000000000 ) ) ;
#511 = EDGE_CURVE ( 'NONE', #517, #1988, #1056, .T. ) ;
#512 = DIRECTION ( 'NONE',  ( 1.153889781197268183E-17, -0.9961946980917461003, 0.08715574274765168494 ) ) ;
#513 = VECTOR ( 'NONE', #668, 1000.000000000000000 ) ;
#514 = DIRECTION ( 'NONE',  ( 0.000000000000000000, -1.000000000000000000, 0.000000000000000000 ) ) ;
#515 = CARTESIAN_POINT ( 'NONE',  ( 85.16250000000003695, 1.610000000000001430, 103.0218750000000227 ) ) ;
#516 = VECTOR ( 'NONE', #1892, 1000.000000000000000 ) ;
#517 = VERTEX_POINT ( 'NONE', #1834 ) ;
#518 = LINE ( 'NONE', #1288, #979 ) ;
#519 = DIRECTION ( 'NONE',  ( 0.000000000000000000, 0.000000000000000000, -1.000000000000000000 ) ) ;
#520 = LINE ( 'NONE', #496, #1652 ) ;
#521 = EDGE_CURVE ( 'NONE', #325, #1173, #1175, .T. ) ;
#522 = EDGE_CURVE ( 'NONE', #2010, #889, #825, .T. ) ;
#523 = DIRECTION ( 'NONE',  ( 0.000000000000000000, 1.000000000000000000, -0.000000000000000000 ) ) ;
#524 = DIRECTION ( 'NONE',  ( -0.7071067811865486830, 0.000000000000000000, 0.7071067811865464625 ) ) ;
#525 = CYLINDRICAL_SURFACE ( 'NONE', #528, 5.000000000000000000 ) ;
#526 = DIRECTION ( 'NONE',  ( 1.206534653326982810E-16, 0.000000000000000000, 1.000000000000000000 ) ) ;
#527 = FACE_OUTER_BOUND ( 'NONE', #1682, .T. ) ;
#528 = AXIS2_PLACEMENT_3D ( 'NONE', #244, #721, #1150 ) ;
#529 = EDGE_CURVE ( 'NONE', #1069, #334, #920, .T. ) ;
#530 = LINE ( 'NONE', #1129, #1621 ) ;
#531 = PLANE ( 'NONE',  #875 ) ;
#532 = ADVANCED_FACE ( 'NONE', ( #1679 ), #1500, .F. ) ;
#533 = DIRECTION ( 'NONE',  ( 1.000000000000000000, 0.000000000000000000, 0.000000000000000000 ) ) ;
#534 = ORIENTED_EDGE ( 'NONE', *, *, #81, .F. ) ;
#535 = ADVANCED_BREP_SHAPE_REPRESENTATION ( 'Part5^Lucky15', ( #1009, #995 ), #673 ) ;
#536 = DIRECTION ( 'NONE',  ( 0.000000000000000000, 1.000000000000000000, -0.000000000000000000 ) ) ;
#537 = EDGE_LOOP ( 'NONE', ( #102, #78, #1118, #1217 ) ) ;
#538 = CARTESIAN_POINT ( 'NONE',  ( 81.16250000000002274, 0.000000000000000000, 5.000000000000004441 ) ) ;
#539 = VECTOR ( 'NONE', #1210, 1000.000000000000000 ) ;
#540 = FACE_OUTER_BOUND ( 'NONE', #1397, .T. ) ;
#541 = VECTOR ( 'NONE', #1417, 1000.000000000000000 ) ;
#542 = CIRCLE ( 'NONE', #812, 1.700000000000000178 ) ;
#543 = EDGE_CURVE ( 'NONE', #1084, #1182, #1973, .T. ) ;
#544 = ORIENTED_EDGE ( 'NONE', *, *, #335, .T. ) ;
#545 = EDGE_CURVE ( 'NONE', #1593, #289, #666, .T. ) ;
#546 = VECTOR ( 'NONE', #388, 1000.000000000000114 ) ;
#547 = CARTESIAN_POINT ( 'NONE',  ( 85.16250000000003695, 1.610000000000001430, 101.3218750000000341 ) ) ;
#548 = VECTOR ( 'NONE', #1089, 1000.000000000000000 ) ;
#549 = VERTEX_POINT ( 'NONE', #1418 ) ;
#550 = CARTESIAN_POINT ( 'NONE',  ( 76.16250000000002274, -4.000000000000000000, 99.02187500000000853 ) ) ;
#551 = EDGE_LOOP ( 'NONE', ( #1859, #6, #1990, #1295 ) ) ;
#552 = LINE ( 'NONE', #739, #539 ) ;
#553 = DIRECTION ( 'NONE',  ( -0.000000000000000000, -1.000000000000000000, -0.000000000000000000 ) ) ;
#554 = LINE ( 'NONE', #1177, #1251 ) ;
#555 = ORIENTED_EDGE ( 'NONE', *, *, #599, .T. ) ;
#556 = ORIENTED_EDGE ( 'NONE', *, *, #1355, .F. ) ;
#557 = CIRCLE ( 'NONE', #197, 2.899999999999999911 ) ;
#558 = EDGE_CURVE ( 'NONE', #1957, #483, #1020, .T. ) ;
#559 = CARTESIAN_POINT ( 'NONE',  ( 2.500000000000000000, -4.000000000000000000, 2.500000000000026201 ) ) ;
#560 = FACE_OUTER_BOUND ( 'NONE', #353, .T. ) ;
#561 = CARTESIAN_POINT ( 'NONE',  ( 0.000000000000000000, 0.000000000000000000, 99.02187500000000853 ) ) ;
#562 = ORIENTED_EDGE ( 'NONE', *, *, #432, .T. ) ;
#563 = DIRECTION ( 'NONE',  ( -0.000000000000000000, 1.000000000000000000, -0.000000000000000000 ) ) ;
#564 = CARTESIAN_POINT ( 'NONE',  ( 13.45435605731790929, 4.110000000000001208, -9.324138683375338132E-15 ) ) ;
#565 = PLANE ( 'NONE',  #1293 ) ;
#566 = VECTOR ( 'NONE', #1170, 1000.000000000000000 ) ;
#567 = VERTEX_POINT ( 'NONE', #956 ) ;
#568 = ORIENTED_EDGE ( 'NONE', *, *, #391, .T. ) ;
#569 = DIRECTION ( 'NONE',  ( 0.000000000000000000, 1.000000000000000000, -0.000000000000000000 ) ) ;
#570 = ORIENTED_EDGE ( 'NONE', *, *, #610, .T. ) ;
#571 = FACE_OUTER_BOUND ( 'NONE', #1879, .T. ) ;
#572 = ORIENTED_EDGE ( 'NONE', *, *, #1837, .F. ) ;
#573 = EDGE_CURVE ( 'NONE', #1724, #944, #161, .T. ) ;
#574 = CARTESIAN_POINT ( 'NONE',  ( 89.16250000000002274, 1.610000000000000764, -3.000000000000000444 ) ) ;
#575 = CARTESIAN_POINT ( 'NONE',  ( 0.000000000000000000, 0.000000000000000000, 0.000000000000000000 ) ) ;
#576 = DIRECTION ( 'NONE',  ( 0.000000000000000000, -1.000000000000000000, 0.000000000000000000 ) ) ;
#577 = CARTESIAN_POINT ( 'NONE',  ( -4.000000000000017764, 1.610000000000001430, 101.3218750000000199 ) ) ;
#578 = VECTOR ( 'NONE', #1114, 1000.000000000000000 ) ;
#579 = ORIENTED_EDGE ( 'NONE', *, *, #359, .F. ) ;
#580 = CARTESIAN_POINT ( 'NONE',  ( 79.36250000000003979, -9.497697042508548293, 105.9218750000000284 ) ) ;
#581 = VECTOR ( 'NONE', #915, 1000.000000000000000 ) ;
#582 = ORIENTED_EDGE ( 'NONE', *, *, #816, .F. ) ;
#583 = DIRECTION ( 'NONE',  ( 0.000000000000000000, 0.000000000000000000, -1.000000000000000000 ) ) ;
#584 = VERTEX_POINT ( 'NONE', #21 ) ;
#585 = VECTOR ( 'NONE', #176, 1000.000000000000000 ) ;
#586 = FACE_BOUND ( 'NONE', #1320, .T. ) ;
#587 = CYLINDRICAL_SURFACE ( 'NONE', #464, 2.899999999999999911 ) ;
#588 = EDGE_CURVE ( 'NONE', #1530, #1179, #1085, .T. ) ;
#589 = ADVANCED_FACE ( 'NONE', ( #451 ), #1864, .F. ) ;
#590 = LINE ( 'NONE', #1773, #1918 ) ;
#591 = ORIENTED_EDGE ( 'NONE', *, *, #1258, .T. ) ;
#592 = VERTEX_POINT ( 'NONE', #1698 ) ;
#593 = LINE ( 'NONE', #1063, #1825 ) ;
#594 = ORIENTED_EDGE ( 'NONE', *, *, #1116, .F. ) ;
#595 = CARTESIAN_POINT ( 'NONE',  ( 89.16250000000003695, -19.02712631499559137, -3.000000000000002665 ) ) ;
#596 = CARTESIAN_POINT ( 'NONE',  ( -4.000000000000017764, -1.489999999999999991, -4.000000000000000000 ) ) ;
#597 = CARTESIAN_POINT ( 'NONE',  ( 30.58124999999998650, 3.609999999999999876, -3.000000000000011546 ) ) ;
#598 = VERTEX_POINT ( 'NONE', #1079 ) ;
#599 = EDGE_CURVE ( 'NONE', #1179, #1593, #924, .T. ) ;
#600 = ORIENTED_EDGE ( 'NONE', *, *, #1049, .F. ) ;
#601 = ORIENTED_EDGE ( 'NONE', *, *, #1036, .F. ) ;
#602 = DIRECTION ( 'NONE',  ( 0.000000000000000000, 0.000000000000000000, 1.000000000000000000 ) ) ;
#603 = CARTESIAN_POINT ( 'NONE',  ( 180.8794466933171350, -15.75320081178779219, -1.541659423655548928E-14 ) ) ;
#604 = DIRECTION ( 'NONE',  ( 0.000000000000000000, 1.000000000000000000, -0.000000000000000000 ) ) ;
#605 = FACE_BOUND ( 'NONE', #1981, .T. ) ;
#606 = ORIENTED_EDGE ( 'NONE', *, *, #976, .T. ) ;
#607 = DIRECTION ( 'NONE',  ( -0.000000000000000000, 1.000000000000000000, -0.000000000000000000 ) ) ;
#608 = AXIS2_PLACEMENT_3D ( 'NONE', #62, #519, #201 ) ;
#609 = EDGE_CURVE ( 'NONE', #820, #1097, #269, .T. ) ;
#610 = EDGE_CURVE ( 'NONE', #1182, #717, #1862, .T. ) ;
#611 = ORIENTED_EDGE ( 'NONE', *, *, #521, .T. ) ;
#612 = AXIS2_PLACEMENT_3D ( 'NONE', #685, #1142, #1762 ) ;
#613 = ORIENTED_EDGE ( 'NONE', *, *, #1049, .T. ) ;
#614 = CARTESIAN_POINT ( 'NONE',  ( 30.58124999999998650, 3.609999999999999876, -4.000000000000000888 ) ) ;
#615 = EDGE_LOOP ( 'NONE', ( #1617, #310, #482, #1241 ) ) ;
#616 = DIRECTION ( 'NONE',  ( 0.000000000000000000, 0.000000000000000000, 1.000000000000000000 ) ) ;
#617 = CIRCLE ( 'NONE', #910, 5.000000000000004441 ) ;
#618 = DIRECTION ( 'NONE',  ( -0.000000000000000000, 1.000000000000000000, 1.224646799147353207E-16 ) ) ;
#619 = DIRECTION ( 'NONE',  ( 0.000000000000000000, -1.000000000000000000, 0.000000000000000000 ) ) ;
#620 = ORIENTED_EDGE ( 'NONE', *, *, #1381, .F. ) ;
#621 = CARTESIAN_POINT ( 'NONE',  ( -4.000000000000017764, -19.46456963262517448, 105.9218750000000284 ) ) ;
#622 = EDGE_LOOP ( 'NONE', ( #1110, #935, #1098, #219 ) ) ;
#623 = EDGE_CURVE ( 'NONE', #1372, #94, #1057, .T. ) ;
#624 = ORIENTED_EDGE ( 'NONE', *, *, #975, .T. ) ;
#625 = DIRECTION ( 'NONE',  ( 0.000000000000000000, 1.000000000000000000, 0.000000000000000000 ) ) ;
#626 = ORIENTED_EDGE ( 'NONE', *, *, #1419, .T. ) ;
#627 = EDGE_CURVE ( 'NONE', #517, #1309, #1239, .T. ) ;
#628 = CARTESIAN_POINT ( 'NONE',  ( -8.000000000000005329, -4.000000000000000000, -2.999999999999988898 ) ) ;
#629 = CARTESIAN_POINT ( 'NONE',  ( 71.68088549413697308, 0.2986270988083662981, -3.799999999999998046 ) ) ;
#630 = LINE ( 'NONE', #793, #316 ) ;
#631 = ORIENTED_EDGE ( 'NONE', *, *, #588, .T. ) ;
#632 = DIRECTION ( 'NONE',  ( -1.000000000000000000, -0.000000000000000000, 1.323940046656717123E-16 ) ) ;
#633 = AXIS2_PLACEMENT_3D ( 'NONE', #309, #916, #1996 ) ;
#634 = VERTEX_POINT ( 'NONE', #66 ) ;
#635 = ORIENTED_EDGE ( 'NONE', *, *, #447, .T. ) ;
#636 = DIRECTION ( 'NONE',  ( 0.000000000000000000, 0.000000000000000000, -1.000000000000000000 ) ) ;
#637 = VECTOR ( 'NONE', #470, 1000.000000000000000 ) ;
#638 =( BOUNDED_CURVE ( )  B_SPLINE_CURVE ( 3, ( #881, #1024, #1006, #237 ),
 .UNSPECIFIED., .F., .F. ) 
 B_SPLINE_CURVE_WITH_KNOTS ( ( 4, 4 ),
 ( 4.712388980384695003, 6.283185307179586232 ),
 .UNSPECIFIED. ) 
 CURVE ( )  GEOMETRIC_REPRESENTATION_ITEM ( )  RATIONAL_B_SPLINE_CURVE ( ( 1.000000000000000000, 0.8047378541243662697, 0.8047378541243662697, 1.000000000000000000 ) ) 
 REPRESENTATION_ITEM ( '' )  );
#639 = VERTEX_POINT ( 'NONE', #850 ) ;
#640 = CARTESIAN_POINT ( 'NONE',  ( 72.68088549413697308, 0.2986270988083662981, -7.999999999999998224 ) ) ;
#641 = DIRECTION ( 'NONE',  ( -1.000000000000000000, -0.000000000000000000, 1.323940046656717123E-16 ) ) ;
#642 = EDGE_CURVE ( 'NONE', #723, #567, #231, .T. ) ;
#643 = EDGE_CURVE ( 'NONE', #1117, #1088, #554, .T. ) ;
#644 = CARTESIAN_POINT ( 'NONE',  ( -4.000000000000017764, -19.46456963262517448, -6.899999999999999467 ) ) ;
#645 = CARTESIAN_POINT ( 'NONE',  ( 180.8794466933171350, -4.000000000000000000, -1.536766124421889744E-14 ) ) ;
#646 = CIRCLE ( 'NONE', #1158, 1.000000000000000888 ) ;
#647 = EDGE_LOOP ( 'NONE', ( #1795, #1467, #1254, #174 ) ) ;
#648 = ORIENTED_EDGE ( 'NONE', *, *, #295, .F. ) ;
#649 = ORIENTED_EDGE ( 'NONE', *, *, #1611, .F. ) ;
#650 = CARTESIAN_POINT ( 'NONE',  ( 72.68088549413697308, 1.610000000000000986, -7.999999999999998224 ) ) ;
#651 = VECTOR ( 'NONE', #384, 1000.000000000000000 ) ;
#652 = ORIENTED_EDGE ( 'NONE', *, *, #1515, .T. ) ;
#653 = CARTESIAN_POINT ( 'NONE',  ( -4.000000000000017764, -18.86089785429634702, -1.100000000000000311 ) ) ;
#654 = CARTESIAN_POINT ( 'NONE',  ( -5.204170427930421283E-15, -4.000000000000000000, 8.579693065220249008E-15 ) ) ;
#655 = DIRECTION ( 'NONE',  ( 2.465190328815661892E-32, 1.000000000000000000, -3.263764198949895232E-48 ) ) ;
#656 = ADVANCED_FACE ( 'NONE', ( #398 ), #525, .T. ) ;
#657 = DIRECTION ( 'NONE',  ( 0.000000000000000000, 0.000000000000000000, 1.000000000000000000 ) ) ;
#658 = DIRECTION ( 'NONE',  ( 0.000000000000000000, 1.000000000000000000, 1.224646799147353207E-16 ) ) ;
#659 = CIRCLE ( 'NONE', #1786, 1.700000000000007061 ) ;
#660 = CARTESIAN_POINT ( 'NONE',  ( 81.16250000000002274, -4.000000000000000000, 99.02187500000002274 ) ) ;
#661 = VECTOR ( 'NONE', #73, 1000.000000000000000 ) ;
#662 = ORIENTED_EDGE ( 'NONE', *, *, #270, .F. ) ;
#663 = VERTEX_POINT ( 'NONE', #1308 ) ;
#664 = VERTEX_POINT ( 'NONE', #1338 ) ;
#665 = DIRECTION ( 'NONE',  ( 0.000000000000000000, 0.000000000000000000, -1.000000000000000000 ) ) ;
#666 = CIRCLE ( 'NONE', #1959, 1.000000000000000888 ) ;
#667 = DIRECTION ( 'NONE',  ( 1.206534653326982810E-16, 0.000000000000000000, 1.000000000000000000 ) ) ;
#668 = DIRECTION ( 'NONE',  ( 0.000000000000000000, 0.000000000000000000, -1.000000000000000000 ) ) ;
#669 = CARTESIAN_POINT ( 'NONE',  ( 66.38088549413696171, 0.2986270988083662981, -3.799999999999998046 ) ) ;
#670 = EDGE_CURVE ( 'NONE', #146, #923, #1187, .T. ) ;
#671 = ORIENTED_EDGE ( 'NONE', *, *, #499, .F. ) ;
#672 = CARTESIAN_POINT ( 'NONE',  ( -4.000000000000017764, 1.610000000000001430, -4.000000000000000000 ) ) ;
#673 =( GEOMETRIC_REPRESENTATION_CONTEXT ( 3 ) GLOBAL_UNCERTAINTY_ASSIGNED_CONTEXT ( ( #463 ) ) GLOBAL_UNIT_ASSIGNED_CONTEXT ( ( #1877, #1632, #1622 ) ) REPRESENTATION_CONTEXT ( 'NONE', 'WORKASPACE' ) );
#674 = FACE_BOUND ( 'NONE', #156, .T. ) ;
#675 = CARTESIAN_POINT ( 'NONE',  ( 84.16250000000000853, 1.610000000000001208, -3.000000000000000000 ) ) ;
#676 = DIRECTION ( 'NONE',  ( -0.000000000000000000, 1.000000000000000000, -0.000000000000000000 ) ) ;
#677 = ORIENTED_EDGE ( 'NONE', *, *, #1695, .F. ) ;
#678 = EDGE_CURVE ( 'NONE', #25, #790, #700, .T. ) ;
#679 = EDGE_CURVE ( 'NONE', #1097, #890, #369, .T. ) ;
#680 = CARTESIAN_POINT ( 'NONE',  ( 50.58125000000001847, 3.609999999999999876, 102.0218750000000227 ) ) ;
#681 = FACE_BOUND ( 'NONE', #1646, .T. ) ;
#682 = VECTOR ( 'NONE', #1931, 1000.000000000000000 ) ;
#683 = AXIS2_PLACEMENT_3D ( 'NONE', #1889, #937, #1557 ) ;
#684 = CARTESIAN_POINT ( 'NONE',  ( 50.58125000000003268, 1.609999999999999876, 104.0218750000000085 ) ) ;
#685 = CARTESIAN_POINT ( 'NONE',  ( 85.16250000000002274, 1.610000000000001430, -4.000000000000010658 ) ) ;
#686 = AXIS2_PLACEMENT_3D ( 'NONE', #2000, #283, #768 ) ;
#687 = CARTESIAN_POINT ( 'NONE',  ( -8.000000000000005329, -4.000000000000000000, 9.652277226615868399E-16 ) ) ;
#688 = ADVANCED_FACE ( 'NONE', ( #377 ), #1010, .T. ) ;
#689 = FACE_OUTER_BOUND ( 'NONE', #1370, .T. ) ;
#690 = EDGE_CURVE ( 'NONE', #1069, #321, #1202, .T. ) ;
#691 = LINE ( 'NONE', #814, #110 ) ;
#692 = CARTESIAN_POINT ( 'NONE',  ( 81.16250000000002274, -4.000000000000000000, 0.000000000000000000 ) ) ;
#693 = CARTESIAN_POINT ( 'NONE',  ( 30.58124999999998650, 1.609999999999999876, 104.0218750000000085 ) ) ;
#694 = ORIENTED_EDGE ( 'NONE', *, *, #838, .T. ) ;
#695 = LINE ( 'NONE', #1487, #1886 ) ;
#696 = DIRECTION ( 'NONE',  ( 0.000000000000000000, 0.000000000000000000, 1.000000000000000000 ) ) ;
#697 = CARTESIAN_POINT ( 'NONE',  ( 0.000000000000000000, 0.000000000000000000, 0.000000000000000000 ) ) ;
#698 = EDGE_CURVE ( 'NONE', #923, #907, #1094, .T. ) ;
#699 = ADVANCED_FACE ( 'NONE', ( #1558 ), #1827, .F. ) ;
#700 = LINE ( 'NONE', #1660, #1614 ) ;
#701 = ORIENTED_EDGE ( 'NONE', *, *, #1060, .T. ) ;
#702 = DIRECTION ( 'NONE',  ( 0.000000000000000000, 0.000000000000000000, 1.000000000000000000 ) ) ;
#703 = ORIENTED_EDGE ( 'NONE', *, *, #1199, .T. ) ;
#704 = DIRECTION ( 'NONE',  ( 0.000000000000000000, 1.000000000000000000, -0.000000000000000000 ) ) ;
#705 = ORIENTED_EDGE ( 'NONE', *, *, #1381, .T. ) ;
#706 = CARTESIAN_POINT ( 'NONE',  ( -4.000000000000017764, -19.46456963262517448, 100.1218750000000313 ) ) ;
#707 = CARTESIAN_POINT ( 'NONE',  ( 85.16250000000003695, -1.489999999999999991, 104.7218750000000256 ) ) ;
#708 = AXIS2_PLACEMENT_3D ( 'NONE', #861, #1505, #1312 ) ;
#709 = EDGE_CURVE ( 'NONE', #1125, #911, #1215, .T. ) ;
#710 = ORIENTED_EDGE ( 'NONE', *, *, #1746, .F. ) ;
#711 = AXIS2_PLACEMENT_3D ( 'NONE', #901, #1245, #114 ) ;
#712 = FACE_OUTER_BOUND ( 'NONE', #96, .T. ) ;
#713 = FACE_OUTER_BOUND ( 'NONE', #1753, .T. ) ;
#714 = AXIS2_PLACEMENT_3D ( 'NONE', #1407, #465, #771 ) ;
#715 = ORIENTED_EDGE ( 'NONE', *, *, #1968, .F. ) ;
#716 = LINE ( 'NONE', #263, #1161 ) ;
#717 = VERTEX_POINT ( 'NONE', #441 ) ;
#718 = PRESENTATION_STYLE_ASSIGNMENT (( #1027 ) ) ;
#719 = FACE_OUTER_BOUND ( 'NONE', #841, .T. ) ;
#720 = CARTESIAN_POINT ( 'NONE',  ( 0.000000000000000000, 0.000000000000000000, 99.02187500000000853 ) ) ;
#721 = DIRECTION ( 'NONE',  ( 0.000000000000000000, -1.000000000000000000, 0.000000000000000000 ) ) ;
#722 = VERTEX_POINT ( 'NONE', #1081 ) ;
#723 = VERTEX_POINT ( 'NONE', #1975 ) ;
#724 = AXIS2_PLACEMENT_3D ( 'NONE', #1578, #1885, #1687 ) ;
#725 = EDGE_CURVE ( 'NONE', #744, #1901, #1871, .T. ) ;
#726 = DIRECTION ( 'NONE',  ( -0.7071067811865512365, 0.000000000000000000, 0.7071067811865439090 ) ) ;
#727 = VERTEX_POINT ( 'NONE', #149 ) ;
#728 = DIRECTION ( 'NONE',  ( -1.000000000000000000, -0.000000000000000000, -0.000000000000000000 ) ) ;
#729 = VERTEX_POINT ( 'NONE', #577 ) ;
#730 = DIRECTION ( 'NONE',  ( 0.000000000000000000, 1.000000000000000000, 0.000000000000000000 ) ) ;
#731 = DIRECTION ( 'NONE',  ( -0.000000000000000000, 1.000000000000000000, -0.000000000000000000 ) ) ;
#732 = AXIS2_PLACEMENT_3D ( 'NONE', #431, #619, #1523 ) ;
#733 = FACE_OUTER_BOUND ( 'NONE', #1382, .T. ) ;
#734 = CIRCLE ( 'NONE', #1874, 1.000000000000000888 ) ;
#735 = ORIENTED_EDGE ( 'NONE', *, *, #963, .T. ) ;
#736 = ADVANCED_FACE ( 'NONE', ( #1351 ), #422, .T. ) ;
#737 = DIRECTION ( 'NONE',  ( 0.000000000000000000, 0.000000000000000000, 1.000000000000000000 ) ) ;
#738 = ORIENTED_EDGE ( 'NONE', *, *, #256, .F. ) ;
#739 = CARTESIAN_POINT ( 'NONE',  ( 89.16250000000003695, -19.46456963262517093, -8.000000000000001776 ) ) ;
#740 = DIRECTION ( 'NONE',  ( 1.249768617711323949E-16, 0.000000000000000000, 1.000000000000000000 ) ) ;
#741 = FACE_BOUND ( 'NONE', #933, .T. ) ;
#742 = VECTOR ( 'NONE', #1497, 1000.000000000000000 ) ;
#743 = CARTESIAN_POINT ( 'NONE',  ( 13.45435605731790929, 1.609999999999999876, 2.500000000000000000 ) ) ;
#744 = VERTEX_POINT ( 'NONE', #762 ) ;
#745 = ORIENTED_EDGE ( 'NONE', *, *, #853, .T. ) ;
#746 = FACE_OUTER_BOUND ( 'NONE', #1938, .T. ) ;
#747 = ORIENTED_EDGE ( 'NONE', *, *, #1026, .T. ) ;
#748 = DIRECTION ( 'NONE',  ( 0.000000000000000000, -1.000000000000000000, 0.000000000000000000 ) ) ;
#749 = CARTESIAN_POINT ( 'NONE',  ( -4.000000000000017764, -1.489999999999999991, -4.000000000000000000 ) ) ;
#750 = EDGE_CURVE ( 'NONE', #1069, #334, #1310, .T. ) ;
#751 = CARTESIAN_POINT ( 'NONE',  ( 0.000000000000000000, 0.000000000000000000, 0.000000000000000000 ) ) ;
#752 = DIRECTION ( 'NONE',  ( -1.249768617711323949E-16, -0.000000000000000000, -1.000000000000000000 ) ) ;
#753 = EDGE_LOOP ( 'NONE', ( #601, #1838, #1042, #1344 ) ) ;
#754 = ORIENTED_EDGE ( 'NONE', *, *, #228, .T. ) ;
#755 = AXIS2_PLACEMENT_3D ( 'NONE', #98, #731, #1349 ) ;
#756 =( BOUNDED_CURVE ( )  B_SPLINE_CURVE ( 3, ( #913, #1249, #1532, #127 ),
 .UNSPECIFIED., .F., .T. ) 
 B_SPLINE_CURVE_WITH_KNOTS ( ( 4, 4 ),
 ( 1.570796326794897002, 3.141592653589793560 ),
 .UNSPECIFIED. ) 
 CURVE ( )  GEOMETRIC_REPRESENTATION_ITEM ( )  RATIONAL_B_SPLINE_CURVE ( ( 1.000000000000000000, 0.8047378541243649375, 0.8047378541243649375, 1.000000000000000000 ) ) 
 REPRESENTATION_ITEM ( '' )  );
#757 = ORIENTED_EDGE ( 'NONE', *, *, #18, .F. ) ;
#758 = DIRECTION ( 'NONE',  ( -0.000000000000000000, -1.000000000000000000, -0.000000000000000000 ) ) ;
#759 = FACE_OUTER_BOUND ( 'NONE', #865, .T. ) ;
#760 = EDGE_CURVE ( 'NONE', #94, #1372, #903, .T. ) ;
#761 = DIRECTION ( 'NONE',  ( 0.000000000000000000, 1.000000000000000000, -0.000000000000000000 ) ) ;
#762 = CARTESIAN_POINT ( 'NONE',  ( -4.000000000000017764, 1.610000000000001430, -2.299999999999999378 ) ) ;
#763 = ORIENTED_EDGE ( 'NONE', *, *, #698, .T. ) ;
#764 = DIRECTION ( 'NONE',  ( -0.000000000000000000, 1.000000000000000000, -0.000000000000000000 ) ) ;
#765 = AXIS2_PLACEMENT_3D ( 'NONE', #163, #34, #311 ) ;
#766 = ORIENTED_EDGE ( 'NONE', *, *, #1432, .T. ) ;
#767 = VERTEX_POINT ( 'NONE', #64 ) ;
#768 = DIRECTION ( 'NONE',  ( -1.000000000000000000, 0.000000000000000000, 1.428306991670084091E-16 ) ) ;
#769 = EDGE_LOOP ( 'NONE', ( #1978, #252, #1513, #383, #562, #1352 ) ) ;
#770 = UNCERTAINTY_MEASURE_WITH_UNIT (LENGTH_MEASURE( 1.000000000000000082E-05 ), #1324, 'distance_accuracy_value', 'NONE');
#771 = DIRECTION ( 'NONE',  ( 1.000000000000000000, 0.000000000000000000, 0.000000000000000000 ) ) ;
#772 = DIRECTION ( 'NONE',  ( 1.304446905552683435E-16, 0.000000000000000000, 1.000000000000000000 ) ) ;
#773 = DIRECTION ( 'NONE',  ( 1.000000000000000000, 0.000000000000000000, -1.224646799147353207E-16 ) ) ;
#774 = LINE ( 'NONE', #478, #57 ) ;
#775 = EDGE_CURVE ( 'NONE', #458, #1988, #530, .T. ) ;
#776 = ORIENTED_EDGE ( 'NONE', *, *, #1116, .T. ) ;
#777 = DIRECTION ( 'NONE',  ( 0.000000000000000000, 0.000000000000000000, 1.000000000000000000 ) ) ;
#778 = VECTOR ( 'NONE', #53, 1000.000000000000000 ) ;
#779 = CIRCLE ( 'NONE', #1917, 2.899999999999999911 ) ;
#780 = EDGE_LOOP ( 'NONE', ( #624, #1016, #971, #232 ) ) ;
#781 = ORIENTED_EDGE ( 'NONE', *, *, #1955, .F. ) ;
#782 = CYLINDRICAL_SURFACE ( 'NONE', #1596, 5.000000000000000000 ) ;
#783 = AXIS2_PLACEMENT_3D ( 'NONE', #672, #1265, #821 ) ;
#784 = ORIENTED_EDGE ( 'NONE', *, *, #1945, .T. ) ;
#785 = CYLINDRICAL_SURFACE ( 'NONE', #410, 2.899999999999999911 ) ;
#786 = DIRECTION ( 'NONE',  ( 0.000000000000000000, 1.000000000000000000, 0.000000000000000000 ) ) ;
#787 = ORIENTED_EDGE ( 'NONE', *, *, #609, .T. ) ;
#788 = EDGE_CURVE ( 'NONE', #892, #1125, #1506, .T. ) ;
#789 = CYLINDRICAL_SURFACE ( 'NONE', #286, 1.700000000000000178 ) ;
#790 = VERTEX_POINT ( 'NONE', #1933 ) ;
#791 =( NAMED_UNIT ( * ) SI_UNIT ( $, .STERADIAN. ) SOLID_ANGLE_UNIT ( ) );
#792 = CARTESIAN_POINT ( 'NONE',  ( 30.58124999999998650, 3.609999999999999876, -5.000000000000004441 ) ) ;
#793 = CARTESIAN_POINT ( 'NONE',  ( 30.58124999999998650, 3.609999999999999876, -5.000000000000004441 ) ) ;
#794 = EDGE_LOOP ( 'NONE', ( #1808, #1664, #1692, #1363 ) ) ;
#795 = VERTEX_POINT ( 'NONE', #1007 ) ;
#796 = CARTESIAN_POINT ( 'NONE',  ( 85.16250000000003695, -10.00513129095886811, 100.1218750000000313 ) ) ;
#797 = AXIS2_PLACEMENT_3D ( 'NONE', #173, #1720, #1573 ) ;
#798 = VERTEX_POINT ( 'NONE', #966 ) ;
#799 = EDGE_CURVE ( 'NONE', #919, #371, #1778, .T. ) ;
#800 = DIRECTION ( 'NONE',  ( -0.000000000000000000, -1.000000000000000000, -0.000000000000000000 ) ) ;
#801 = CARTESIAN_POINT ( 'NONE',  ( 30.58125000000001137, 3.609999999999999876, 103.0218750000000085 ) ) ;
#802 = CARTESIAN_POINT ( 'NONE',  ( 30.58125000000001137, 1.609999999999999876, 103.0218750000000085 ) ) ;
#803 = CARTESIAN_POINT ( 'NONE',  ( 85.16250000000002274, -1.489999999999999991, -4.000000000000010658 ) ) ;
#804 = LINE ( 'NONE', #1422, #1977 ) ;
#805 = CARTESIAN_POINT ( 'NONE',  ( -4.000000000000017764, 1.610000000000001430, 104.7218750000000398 ) ) ;
#806 = VECTOR ( 'NONE', #1776, 1000.000000000000000 ) ;
#807 = ORIENTED_EDGE ( 'NONE', *, *, #1546, .T. ) ;
#808 = ORIENTED_EDGE ( 'NONE', *, *, #499, .T. ) ;
#809 = DIRECTION ( 'NONE',  ( -1.249768617711323703E-16, 0.000000000000000000, -1.000000000000000000 ) ) ;
#810 = AXIS2_PLACEMENT_3D ( 'NONE', #1970, #704, #1321 ) ;
#811 = ORIENTED_EDGE ( 'NONE', *, *, #709, .F. ) ;
#812 = AXIS2_PLACEMENT_3D ( 'NONE', #596, #240, #418 ) ;
#813 = CARTESIAN_POINT ( 'NONE',  ( 85.16250000000002274, 1.610000000000001430, -2.300000000000011369 ) ) ;
#814 = CARTESIAN_POINT ( 'NONE',  ( 81.16250000000002274, 1.610000000000000320, -1.843920519843891939E-14 ) ) ;
#815 = DIRECTION ( 'NONE',  ( 1.000000000000000000, -0.000000000000000000, 0.000000000000000000 ) ) ;
#816 = EDGE_CURVE ( 'NONE', #1084, #1910, #203, .T. ) ;
#817 = VECTOR ( 'NONE', #1755, 1000.000000000000000 ) ;
#818 = CARTESIAN_POINT ( 'NONE',  ( 5.000000000000051514, 0.000000000000000000, 0.000000000000000000 ) ) ;
#819 = PRESENTATION_LAYER_ASSIGNMENT (  '', '', ( #454 ) ) ;
#820 = VERTEX_POINT ( 'NONE', #357 ) ;
#821 = DIRECTION ( 'NONE',  ( 0.000000000000000000, 0.000000000000000000, 1.000000000000000000 ) ) ;
#822 = EDGE_LOOP ( 'NONE', ( #982, #2007, #35 ) ) ;
#823 = PLANE ( 'NONE',  #608 ) ;
#824 = FACE_BOUND ( 'NONE', #155, .T. ) ;
#825 = CIRCLE ( 'NONE', #1606, 1.000000000000000888 ) ;
#826 =( BOUNDED_CURVE ( )  B_SPLINE_CURVE ( 3, ( #960, #1902, #501, #970 ),
 .UNSPECIFIED., .F., .F. ) 
 B_SPLINE_CURVE_WITH_KNOTS ( ( 4, 4 ),
 ( 3.141592653589793116, 6.283185307179586232 ),
 .UNSPECIFIED. ) 
 CURVE ( )  GEOMETRIC_REPRESENTATION_ITEM ( )  RATIONAL_B_SPLINE_CURVE ( ( 1.000000000000000000, 0.3333333333333333703, 0.3333333333333333703, 1.000000000000000000 ) ) 
 REPRESENTATION_ITEM ( '' )  );
#827 = DIRECTION ( 'NONE',  ( -1.000000000000000000, 0.000000000000000000, 1.206534653326982810E-16 ) ) ;
#828 = LINE ( 'NONE', #697, #513 ) ;
#829 = CARTESIAN_POINT ( 'NONE',  ( -9.800000000000016698, -9.497697042508548293, 105.9218750000000284 ) ) ;
#830 = ADVANCED_FACE ( 'NONE', ( #374 ), #1630, .T. ) ;
#831 = EDGE_CURVE ( 'NONE', #744, #1820, #1748, .T. ) ;
#832 = EDGE_LOOP ( 'NONE', ( #1488, #1494, #620, #236 ) ) ;
#833 = FACE_OUTER_BOUND ( 'NONE', #1405, .T. ) ;
#834 = CARTESIAN_POINT ( 'NONE',  ( -2.999999999999992450, 1.609999999999972564, 107.0218750000000369 ) ) ;
#835 = DIRECTION ( 'NONE',  ( 0.000000000000000000, 1.000000000000000000, 0.000000000000000000 ) ) ;
#836 = CARTESIAN_POINT ( 'NONE',  ( 180.8794466933171350, -4.000000000000000000, -2.396294882232237064E-14 ) ) ;
#837 = DIRECTION ( 'NONE',  ( 1.000000000000000000, -0.000000000000000000, 0.000000000000000000 ) ) ;
#838 = EDGE_CURVE ( 'NONE', #345, #1226, #1587, .T. ) ;
#839 = ORIENTED_EDGE ( 'NONE', *, *, #511, .T. ) ;
#840 = ADVANCED_FACE ( 'NONE', ( #1306 ), #1905, .T. ) ;
#841 = EDGE_LOOP ( 'NONE', ( #508, #446, #1328, #273 ) ) ;
#842 = DIRECTION ( 'NONE',  ( 0.000000000000000000, 1.000000000000000000, -0.000000000000000000 ) ) ;
#843 = CARTESIAN_POINT ( 'NONE',  ( 71.68088549413697308, 0.2986270988083662981, -3.799999999999998046 ) ) ;
#844 = CIRCLE ( 'NONE', #214, 5.000000000000000000 ) ;
#845 = CARTESIAN_POINT ( 'NONE',  ( 180.8794466933171350, -4.000000000000000000, -2.396294882232237064E-14 ) ) ;
#846 = DIRECTION ( 'NONE',  ( 0.000000000000000000, 0.000000000000000000, 1.000000000000000000 ) ) ;
#847 = AXIS2_PLACEMENT_3D ( 'NONE', #1369, #1046, #896 ) ;
#848 =( BOUNDED_CURVE ( )  B_SPLINE_CURVE ( 3, ( #1053, #909, #1542, #1715 ),
 .UNSPECIFIED., .F., .T. ) 
 B_SPLINE_CURVE_WITH_KNOTS ( ( 4, 4 ),
 ( 1.323940046656717370E-16, 3.141592653589793116 ),
 .UNSPECIFIED. ) 
 CURVE ( )  GEOMETRIC_REPRESENTATION_ITEM ( )  RATIONAL_B_SPLINE_CURVE ( ( 1.000000000000000000, 0.3333333333333333703, 0.3333333333333333703, 1.000000000000000000 ) ) 
 REPRESENTATION_ITEM ( '' )  );
#849 = PRODUCT_CONTEXT ( 'NONE', #439, 'mechanical' ) ;
#850 = CARTESIAN_POINT ( 'NONE',  ( -7.999999999999991118, -9.838902830259625532, 102.0218750000000512 ) ) ;
#851 = DIRECTION ( 'NONE',  ( 0.000000000000000000, 1.000000000000000000, 1.224646799147353207E-16 ) ) ;
#852 = ORIENTED_EDGE ( 'NONE', *, *, #1392, .T. ) ;
#853 = EDGE_CURVE ( 'NONE', #1171, #592, #1738, .T. ) ;
#854 = LINE ( 'NONE', #1192, #31 ) ;
#855 = CYLINDRICAL_SURFACE ( 'NONE', #373, 1.700000000000000178 ) ;
#856 = DIRECTION ( 'NONE',  ( 0.000000000000000000, 1.000000000000000000, -0.000000000000000000 ) ) ;
#857 = ORIENTED_EDGE ( 'NONE', *, *, #876, .T. ) ;
#858 = DIRECTION ( 'NONE',  ( 0.000000000000000000, 0.000000000000000000, 1.000000000000000000 ) ) ;
#859 = CARTESIAN_POINT ( 'NONE',  ( 85.16250000000003695, -19.46456963262517448, 103.0218750000000227 ) ) ;
#860 = EDGE_LOOP ( 'NONE', ( #150, #1414, #983, #811 ) ) ;
#861 = CARTESIAN_POINT ( 'NONE',  ( 0.000000000000000000, -1.489999999999999991, 0.000000000000000000 ) ) ;
#862 = ADVANCED_FACE ( 'NONE', ( #1600 ), #855, .F. ) ;
#863 = SURFACE_SIDE_STYLE ('',( #1942 ) ) ;
#864 = CARTESIAN_POINT ( 'NONE',  ( 50.58125000000001847, 3.609999999999999876, 103.0218750000000085 ) ) ;
#865 = EDGE_LOOP ( 'NONE', ( #387, #82, #582, #116, #570, #1878, #1553, #579, #106, #301, #492, #1437 ) ) ;
#866 = ORIENTED_EDGE ( 'NONE', *, *, #1645, .F. ) ;
#867 = CARTESIAN_POINT ( 'NONE',  ( 1.799999999999980504, -10.00513129095886811, 100.1218750000000597 ) ) ;
#868 = CARTESIAN_POINT ( 'NONE',  ( 0.000000000000000000, -1.489999999999999991, 0.000000000000000000 ) ) ;
#869 = ORIENTED_EDGE ( 'NONE', *, *, #1732, .F. ) ;
#870 = DIRECTION ( 'NONE',  ( 0.7071067811865536790, 0.000000000000000000, 0.7071067811865414665 ) ) ;
#871 = ORIENTED_EDGE ( 'NONE', *, *, #1993, .F. ) ;
#872 = DIRECTION ( 'NONE',  ( 0.000000000000000000, 1.000000000000000000, 0.000000000000000000 ) ) ;
#873 = VECTOR ( 'NONE', #1597, 1000.000000000000114 ) ;
#874 = CARTESIAN_POINT ( 'NONE',  ( 81.16250000000002274, -4.000000000000000000, -1.536766213772465667E-14 ) ) ;
#875 = AXIS2_PLACEMENT_3D ( 'NONE', #48, #1156, #1631 ) ;
#876 = EDGE_CURVE ( 'NONE', #1530, #1030, #194, .T. ) ;
#877 = VERTEX_POINT ( 'NONE', #1272 ) ;
#878 = EDGE_LOOP ( 'NONE', ( #703, #1095, #509, #1661 ) ) ;
#879 = AXIS2_PLACEMENT_3D ( 'NONE', #436, #758, #124 ) ;
#880 = DIRECTION ( 'NONE',  ( 0.000000000000000000, 0.000000000000000000, 1.000000000000000000 ) ) ;
#881 = CARTESIAN_POINT ( 'NONE',  ( 89.16250000000005116, -9.838902830259625532, 102.0218750000000369 ) ) ;
#882 = ORIENTED_EDGE ( 'NONE', *, *, #609, .F. ) ;
#883 = CARTESIAN_POINT ( 'NONE',  ( 81.16250000000002274, -15.63353755299732839, 1.367757306693951902 ) ) ;
#884 = DIRECTION ( 'NONE',  ( 0.000000000000000000, -1.000000000000000000, 3.491481338843133355E-15 ) ) ;
#885 = CARTESIAN_POINT ( 'NONE',  ( 72.68088549413697308, 1.610000000000000986, -3.799999999999998046 ) ) ;
#886 = EDGE_CURVE ( 'NONE', #1011, #67, #1896, .T. ) ;
#887 = VERTEX_POINT ( 'NONE', #1122 ) ;
#888 = EDGE_CURVE ( 'NONE', #1988, #917, #997, .T. ) ;
#889 = VERTEX_POINT ( 'NONE', #1588 ) ;
#890 = VERTEX_POINT ( 'NONE', #684 ) ;
#891 = DIRECTION ( 'NONE',  ( 0.000000000000000000, 1.000000000000000000, 0.000000000000000000 ) ) ;
#892 = VERTEX_POINT ( 'NONE', #1619 ) ;
#893 = DIRECTION ( 'NONE',  ( 0.000000000000000000, -0.08715574274765156004, -0.9961946980917461003 ) ) ;
#894 = DIRECTION ( 'NONE',  ( -0.000000000000000000, 1.000000000000000000, -0.000000000000000000 ) ) ;
#895 = VECTOR ( 'NONE', #752, 1000.000000000000000 ) ;
#896 = DIRECTION ( 'NONE',  ( 0.000000000000000000, 0.000000000000000000, 1.000000000000000000 ) ) ;
#897 = ORIENTED_EDGE ( 'NONE', *, *, #1626, .T. ) ;
#898 = ADVANCED_FACE ( 'NONE', ( #1609 ), #211, .F. ) ;
#899 = ORIENTED_EDGE ( 'NONE', *, *, #1985, .T. ) ;
#900 = EDGE_CURVE ( 'NONE', #663, #321, #691, .T. ) ;
#901 = CARTESIAN_POINT ( 'NONE',  ( 180.8794466933171350, -15.63353755299732839, 1.367757306693951902 ) ) ;
#902 = ORIENTED_EDGE ( 'NONE', *, *, #432, .F. ) ;
#903 = CIRCLE ( 'NONE', #1065, 1.699999999999999289 ) ;
#904 = CARTESIAN_POINT ( 'NONE',  ( 0.000000000000000000, 1.610000000000000320, -1.843920519843891939E-14 ) ) ;
#905 = LINE ( 'NONE', #1302, #581 ) ;
#906 = VECTOR ( 'NONE', #71, 1000.000000000000000 ) ;
#907 = VERTEX_POINT ( 'NONE', #1195 ) ;
#908 = VERTEX_POINT ( 'NONE', #1509 ) ;
#909 = CARTESIAN_POINT ( 'NONE',  ( 79.36250000000002558, -18.86089785429634702, -1.100000000000010525 ) ) ;
#910 = AXIS2_PLACEMENT_3D ( 'NONE', #381, #1014, #1633 ) ;
#911 = VERTEX_POINT ( 'NONE', #1357 ) ;
#912 = MECHANICAL_DESIGN_GEOMETRIC_PRESENTATION_REPRESENTATION (  '', ( #454 ), #1953 ) ;
#913 = CARTESIAN_POINT ( 'NONE',  ( -8.000000000000005329, -19.02712631499559137, -2.999999999999990674 ) ) ;
#914 = LINE ( 'NONE', #1533, #1133 ) ;
#915 = DIRECTION ( 'NONE',  ( -1.000000000000000000, 0.000000000000000000, 0.000000000000000000 ) ) ;
#916 = DIRECTION ( 'NONE',  ( 0.000000000000000000, -1.000000000000000000, 0.000000000000000000 ) ) ;
#917 = VERTEX_POINT ( 'NONE', #1348 ) ;
#918 = DIRECTION ( 'NONE',  ( 0.000000000000000000, 0.000000000000000000, 1.000000000000000000 ) ) ;
#919 = VERTEX_POINT ( 'NONE', #574 ) ;
#920 = CIRCLE ( 'NONE', #1279, 6.000000000000000888 ) ;
#921 = VERTEX_POINT ( 'NONE', #417 ) ;
#922 = FACE_OUTER_BOUND ( 'NONE', #878, .T. ) ;
#923 = VERTEX_POINT ( 'NONE', #254 ) ;
#924 = LINE ( 'NONE', #1729, #434 ) ;
#925 = EDGE_CURVE ( 'NONE', #1084, #767, #1637, .T. ) ;
#926 = DIRECTION ( 'NONE',  ( 0.000000000000000000, 1.000000000000000000, -0.000000000000000000 ) ) ;
#927 = FACE_OUTER_BOUND ( 'NONE', #1847, .T. ) ;
#928 = CARTESIAN_POINT ( 'NONE',  ( -4.000000000000017764, -19.46456963262517448, -1.100000000000000311 ) ) ;
#929 = ORIENTED_EDGE ( 'NONE', *, *, #1026, .F. ) ;
#930 = CARTESIAN_POINT ( 'NONE',  ( -4.000000000000017764, -19.46456963262517448, 103.0218750000000227 ) ) ;
#931 = AXIS2_PLACEMENT_3D ( 'NONE', #1731, #1908, #1890 ) ;
#932 = VERTEX_POINT ( 'NONE', #1499 ) ;
#933 = EDGE_LOOP ( 'NONE', ( #1662, #423 ) ) ;
#934 = CARTESIAN_POINT ( 'NONE',  ( -4.000000000000017764, -9.497697042508548293, 105.9218750000000284 ) ) ;
#935 = ORIENTED_EDGE ( 'NONE', *, *, #391, .F. ) ;
#936 = CARTESIAN_POINT ( 'NONE',  ( 81.16250000000002274, 1.972152263052530827E-31, -2.165735338457335972E-15 ) ) ;
#937 = DIRECTION ( 'NONE',  ( 0.7071067811865493491, -0.000000000000000000, 0.7071067811865456854 ) ) ;
#938 = EDGE_LOOP ( 'NONE', ( #262, #1486, #1524, #427 ) ) ;
#939 = CARTESIAN_POINT ( 'NONE',  ( -9.800000000000016698, -10.00513129095886811, 100.1218750000000597 ) ) ;
#940 = EDGE_CURVE ( 'NONE', #1894, #795, #646, .T. ) ;
#941 = CIRCLE ( 'NONE', #1750, 1.000000000000000888 ) ;
#942 = VECTOR ( 'NONE', #68, 1000.000000000000000 ) ;
#943 = ORIENTED_EDGE ( 'NONE', *, *, #1683, .F. ) ;
#944 = VERTEX_POINT ( 'NONE', #1174 ) ;
#945 = FACE_OUTER_BOUND ( 'NONE', #622, .T. ) ;
#946 = CARTESIAN_POINT ( 'NONE',  ( -5.204170427930421283E-15, -15.63353755299732839, 1.367757306693975883 ) ) ;
#947 = DIRECTION ( 'NONE',  ( 0.000000000000000000, 0.000000000000000000, 1.000000000000000000 ) ) ;
#948 = CARTESIAN_POINT ( 'NONE',  ( -7.999999999999992895, 1.609999999999972564, 102.0218750000000227 ) ) ;
#949 = CARTESIAN_POINT ( 'NONE',  ( 50.58125000000003268, 3.609999999999999876, 104.0218750000000085 ) ) ;
#950 = ADVANCED_FACE ( 'NONE', ( #586, #1184 ), #1951, .F. ) ;
#951 = EDGE_CURVE ( 'NONE', #1954, #298, #552, .T. ) ;
#952 = ORIENTED_EDGE ( 'NONE', *, *, #1563, .T. ) ;
#953 = ORIENTED_EDGE ( 'NONE', *, *, #1657, .F. ) ;
#954 = ORIENTED_EDGE ( 'NONE', *, *, #838, .F. ) ;
#955 = CARTESIAN_POINT ( 'NONE',  ( 5.249028194387560292E-16, 0.000000000000000000, -3.799999999999998046 ) ) ;
#956 = CARTESIAN_POINT ( 'NONE',  ( 81.16250000000002274, -4.000000000000000000, 94.02187499999998010 ) ) ;
#957 = CARTESIAN_POINT ( 'NONE',  ( 0.000000000000000000, 0.000000000000000000, 0.000000000000000000 ) ) ;
#958 = LINE ( 'NONE', #507, #1615 ) ;
#959 = ORIENTED_EDGE ( 'NONE', *, *, #529, .T. ) ;
#960 = CARTESIAN_POINT ( 'NONE',  ( 85.16250000000002274, -19.36833210274667039, -6.900000000000010125 ) ) ;
#961 = LINE ( 'NONE', #680, #1396 ) ;
#962 = ORIENTED_EDGE ( 'NONE', *, *, #1759, .F. ) ;
#963 = EDGE_CURVE ( 'NONE', #1818, #1957, #239, .T. ) ;
#964 = CARTESIAN_POINT ( 'NONE',  ( 85.16250000000003695, -1.489999999999999991, 103.0218750000000227 ) ) ;
#965 = FACE_OUTER_BOUND ( 'NONE', #647, .T. ) ;
#966 = CARTESIAN_POINT ( 'NONE',  ( 50.58125000000001847, 3.609999999999999876, -5.000000000000000000 ) ) ;
#967 = FACE_BOUND ( 'NONE', #1134, .T. ) ;
#968 = DIRECTION ( 'NONE',  ( 0.000000000000000000, -1.000000000000000000, 0.000000000000000000 ) ) ;
#969 = ORIENTED_EDGE ( 'NONE', *, *, #1149, .F. ) ;
#970 = CARTESIAN_POINT ( 'NONE',  ( 85.16250000000002274, -18.86089785429634702, -1.100000000000010747 ) ) ;
#971 = ORIENTED_EDGE ( 'NONE', *, *, #228, .F. ) ;
#972 = AXIS2_PLACEMENT_3D ( 'NONE', #1768, #375, #65 ) ;
#973 = FACE_OUTER_BOUND ( 'NONE', #1528, .T. ) ;
#974 = DIRECTION ( 'NONE',  ( 0.000000000000000000, -1.000000000000000000, 0.000000000000000000 ) ) ;
#975 = EDGE_CURVE ( 'NONE', #729, #1244, #1789, .T. ) ;
#976 = EDGE_CURVE ( 'NONE', #877, #908, #394, .T. ) ;
#977 = CARTESIAN_POINT ( 'NONE',  ( -4.000000000000017764, 1.610000000000001430, -2.299999999999999822 ) ) ;
#978 = CYLINDRICAL_SURFACE ( 'NONE', #612, 1.699999999999999289 ) ;
#979 = VECTOR ( 'NONE', #1880, 1000.000000000000000 ) ;
#980 = DIRECTION ( 'NONE',  ( -0.000000000000000000, -1.000000000000000000, -0.000000000000000000 ) ) ;
#981 = VECTOR ( 'NONE', #1872, 1000.000000000000000 ) ;
#982 = ORIENTED_EDGE ( 'NONE', *, *, #1285, .F. ) ;
#983 = ORIENTED_EDGE ( 'NONE', *, *, #477, .T. ) ;
#984 = LINE ( 'NONE', #1903, #380 ) ;
#985 = CARTESIAN_POINT ( 'NONE',  ( -9.800000000000016698, -19.36833210274667039, -6.899999999999998579 ) ) ;
#986 = FACE_OUTER_BOUND ( 'NONE', #1191, .T. ) ;
#987 = EDGE_CURVE ( 'NONE', #921, #917, #385, .T. ) ;
#988 = DIRECTION ( 'NONE',  ( -1.000000000000000000, 0.000000000000000000, 0.000000000000000000 ) ) ;
#989 = FACE_OUTER_BOUND ( 'NONE', #1106, .T. ) ;
#990 = APPLICATION_PROTOCOL_DEFINITION ( 'draft international standard', 'automotive_design', 1998, #439 ) ;
#991 = EDGE_CURVE ( 'NONE', #1173, #1780, #1330, .T. ) ;
#992 = ORIENTED_EDGE ( 'NONE', *, *, #1921, .F. ) ;
#993 = CYLINDRICAL_SURFACE ( 'NONE', #416, 1.700000000000007061 ) ;
#994 = ORIENTED_EDGE ( 'NONE', *, *, #1102, .F. ) ;
#995 = AXIS2_PLACEMENT_3D ( 'NONE', #213, #243, #1445 ) ;
#996 = DIRECTION ( 'NONE',  ( -1.000000000000000000, 0.000000000000000000, 1.301042606982603349E-16 ) ) ;
#997 = LINE ( 'NONE', #39, #1514 ) ;
#998 = CARTESIAN_POINT ( 'NONE',  ( 85.16250000000003695, -10.00513129095886811, 100.1218750000000313 ) ) ;
#999 = EDGE_CURVE ( 'NONE', #919, #887, #88, .T. ) ;
#1000 = EDGE_CURVE ( 'NONE', #1507, #113, #265, .T. ) ;
#1001 = AXIS2_PLACEMENT_3D ( 'NONE', #1462, #827, #667 ) ;
#1002 = LINE ( 'NONE', #1625, #1109 ) ;
#1003 = ORIENTED_EDGE ( 'NONE', *, *, #1034, .F. ) ;
#1004 = VERTEX_POINT ( 'NONE', #1810 ) ;
#1005 = VECTOR ( 'NONE', #665, 1000.000000000000000 ) ;
#1006 = CARTESIAN_POINT ( 'NONE',  ( 87.09143218813454723, -9.401459512630042425, 107.0218750000000085 ) ) ;
#1007 = CARTESIAN_POINT ( 'NONE',  ( 30.58124999999998650, 3.609999999999999876, 104.0218750000000085 ) ) ;
#1008 = CARTESIAN_POINT ( 'NONE',  ( 50.58125000000001847, 3.609999999999999876, 103.0218750000000085 ) ) ;
#1009 = MANIFOLD_SOLID_BREP ( 'Fillet2', #413 ) ;
#1010 = CYLINDRICAL_SURFACE ( 'NONE', #732, 5.000000000000004441 ) ;
#1011 = VERTEX_POINT ( 'NONE', #1860 ) ;
#1012 = VECTOR ( 'NONE', #1101, 1000.000000000000000 ) ;
#1013 = ADVANCED_FACE ( 'NONE', ( #759 ), #1678, .F. ) ;
#1014 = DIRECTION ( 'NONE',  ( 0.000000000000000000, 1.000000000000000000, 1.224646799147353207E-16 ) ) ;
#1015 = CYLINDRICAL_SURFACE ( 'NONE', #1326, 2.899999999999999911 ) ;
#1016 = ORIENTED_EDGE ( 'NONE', *, *, #1921, .T. ) ;
#1017 = PLANE ( 'NONE',  #708 ) ;
#1018 = DIRECTION ( 'NONE',  ( 0.000000000000000000, 0.000000000000000000, 1.000000000000000000 ) ) ;
#1019 = CARTESIAN_POINT ( 'NONE',  ( 85.16250000000003695, -19.46456963262517448, 100.1218750000000313 ) ) ;
#1020 = CIRCLE ( 'NONE', #1537, 1.699999999999993072 ) ;
#1021 = ORIENTED_EDGE ( 'NONE', *, *, #987, .F. ) ;
#1022 = ORIENTED_EDGE ( 'NONE', *, *, #642, .F. ) ;
#1023 = ORIENTED_EDGE ( 'NONE', *, *, #876, .F. ) ;
#1024 = CARTESIAN_POINT ( 'NONE',  ( 89.16249999999999432, -9.582654467561697587, 104.9508071881345614 ) ) ;
#1025 = VERTEX_POINT ( 'NONE', #1078 ) ;
#1026 = EDGE_CURVE ( 'NONE', #264, #1332, #1220, .T. ) ;
#1027 = SURFACE_STYLE_USAGE ( .BOTH. , #863 ) ;
#1028 = DIRECTION ( 'NONE',  ( 0.000000000000000000, 1.224646799147353207E-16, -1.000000000000000000 ) ) ;
#1029 = ORIENTED_EDGE ( 'NONE', *, *, #627, .T. ) ;
#1030 = VERTEX_POINT ( 'NONE', #1229 ) ;
#1031 = CARTESIAN_POINT ( 'NONE',  ( 30.58125000000001137, 3.609999999999999876, 102.0218750000000227 ) ) ;
#1032 = ORIENTED_EDGE ( 'NONE', *, *, #1304, .T. ) ;
#1033 = CARTESIAN_POINT ( 'NONE',  ( 5.000000000000051514, -4.000000000000000000, 1.301042606982605321E-15 ) ) ;
#1034 = EDGE_CURVE ( 'NONE', #282, #483, #1544, .T. ) ;
#1035 = VECTOR ( 'NONE', #1123, 1000.000000000000000 ) ;
#1036 = EDGE_CURVE ( 'NONE', #354, #298, #756, .T. ) ;
#1037 = CARTESIAN_POINT ( 'NONE',  ( 85.16250000000002274, -19.46456963262517448, -4.000000000000010658 ) ) ;
#1038 = VECTOR ( 'NONE', #407, 1000.000000000000000 ) ;
#1039 = VECTOR ( 'NONE', #858, 1000.000000000000000 ) ;
#1040 = ORIENTED_EDGE ( 'NONE', *, *, #295, .T. ) ;
#1041 = FACE_OUTER_BOUND ( 'NONE', #537, .T. ) ;
#1042 = ORIENTED_EDGE ( 'NONE', *, *, #271, .F. ) ;
#1043 = DIRECTION ( 'NONE',  ( -0.000000000000000000, -1.000000000000000000, -0.000000000000000000 ) ) ;
#1044 = CARTESIAN_POINT ( 'NONE',  ( -4.000000000000017764, -19.46456963262517448, -4.000000000000000000 ) ) ;
#1045 = EDGE_CURVE ( 'NONE', #1705, #722, #121, .T. ) ;
#1046 = DIRECTION ( 'NONE',  ( -0.000000000000000000, 1.000000000000000000, -0.000000000000000000 ) ) ;
#1047 = DIRECTION ( 'NONE',  ( -0.000000000000000000, 1.000000000000000000, -0.000000000000000000 ) ) ;
#1048 = ORIENTED_EDGE ( 'NONE', *, *, #987, .T. ) ;
#1049 = EDGE_CURVE ( 'NONE', #767, #399, #118, .T. ) ;
#1050 = LINE ( 'NONE', #1331, #1039 ) ;
#1051 =( BOUNDED_CURVE ( )  B_SPLINE_CURVE ( 3, ( #1342, #580, #1206, #425 ),
 .UNSPECIFIED., .F., .T. ) 
 B_SPLINE_CURVE_WITH_KNOTS ( ( 4, 4 ),
 ( 1.323940046656717370E-16, 3.141592653589793116 ),
 .UNSPECIFIED. ) 
 CURVE ( )  GEOMETRIC_REPRESENTATION_ITEM ( )  RATIONAL_B_SPLINE_CURVE ( ( 1.000000000000000000, 0.3333333333333333703, 0.3333333333333333703, 1.000000000000000000 ) ) 
 REPRESENTATION_ITEM ( '' )  );
#1052 = ORIENTED_EDGE ( 'NONE', *, *, #940, .F. ) ;
#1053 = CARTESIAN_POINT ( 'NONE',  ( 85.16250000000002274, -18.86089785429634702, -1.100000000000010747 ) ) ;
#1054 = VERTEX_POINT ( 'NONE', #328 ) ;
#1055 = CARTESIAN_POINT ( 'NONE',  ( 0.000000000000000000, 152.1775367891951589, 99.02187500000000853 ) ) ;
#1056 = LINE ( 'NONE', #1033, #126 ) ;
#1057 = CIRCLE ( 'NONE', #1504, 1.699999999999999289 ) ;
#1058 = DIRECTION ( 'NONE',  ( 0.7071067811865536790, 0.000000000000000000, 0.7071067811865414665 ) ) ;
#1059 = VERTEX_POINT ( 'NONE', #2002 ) ;
#1060 = EDGE_CURVE ( 'NONE', #1171, #354, #1111, .T. ) ;
#1061 = EDGE_CURVE ( 'NONE', #767, #727, #476, .T. ) ;
#1062 = ORIENTED_EDGE ( 'NONE', *, *, #643, .T. ) ;
#1063 = CARTESIAN_POINT ( 'NONE',  ( 65.38088549413696171, 0.2986270988083662981, -7.999999999999998224 ) ) ;
#1064 = ORIENTED_EDGE ( 'NONE', *, *, #1446, .T. ) ;
#1065 = AXIS2_PLACEMENT_3D ( 'NONE', #803, #926, #947 ) ;
#1066 = FACE_OUTER_BOUND ( 'NONE', #1850, .T. ) ;
#1067 = VECTOR ( 'NONE', #974, 1000.000000000000000 ) ;
#1068 = DIRECTION ( 'NONE',  ( 0.000000000000000000, 1.000000000000000000, -0.000000000000000000 ) ) ;
#1069 = VERTEX_POINT ( 'NONE', #1717 ) ;
#1070 = AXIS2_PLACEMENT_3D ( 'NONE', #515, #1788, #846 ) ;
#1071 = FACE_OUTER_BOUND ( 'NONE', #1998, .T. ) ;
#1072 = ORIENTED_EDGE ( 'NONE', *, *, #775, .T. ) ;
#1073 = EDGE_CURVE ( 'NONE', #1182, #727, #317, .T. ) ;
#1074 = ORIENTED_EDGE ( 'NONE', *, *, #1623, .T. ) ;
#1075 = FACE_OUTER_BOUND ( 'NONE', #1930, .T. ) ;
#1076 = CIRCLE ( 'NONE', #1757, 1.700000000000007061 ) ;
#1077 = AXIS2_PLACEMENT_3D ( 'NONE', #305, #1398, #1375 ) ;
#1078 = CARTESIAN_POINT ( 'NONE',  ( 85.16250000000002274, -19.36833210274667039, -6.900000000000010125 ) ) ;
#1079 = CARTESIAN_POINT ( 'NONE',  ( 5.000000000000077272, -4.000000000000000000, 99.02187500000005116 ) ) ;
#1080 = DIRECTION ( 'NONE',  ( 0.000000000000000000, 0.000000000000000000, 1.000000000000000000 ) ) ;
#1081 = CARTESIAN_POINT ( 'NONE',  ( 85.16250000000002274, -1.489999999999999991, -6.900000000000010125 ) ) ;
#1082 = ORIENTED_EDGE ( 'NONE', *, *, #1845, .T. ) ;
#1083 = FACE_OUTER_BOUND ( 'NONE', #7, .T. ) ;
#1084 = VERTEX_POINT ( 'NONE', #1569 ) ;
#1085 = CIRCLE ( 'NONE', #724, 1.000000000000000888 ) ;
#1086 = ORIENTED_EDGE ( 'NONE', *, *, #419, .T. ) ;
#1087 = DIRECTION ( 'NONE',  ( 1.301042606982603349E-16, -0.000000000000000000, 1.000000000000000000 ) ) ;
#1088 = VERTEX_POINT ( 'NONE', #159 ) ;
#1089 = DIRECTION ( 'NONE',  ( 0.000000000000000000, -1.000000000000000000, 0.000000000000000000 ) ) ;
#1090 = DIRECTION ( 'NONE',  ( -1.000000000000000000, 0.000000000000000000, 0.000000000000000000 ) ) ;
#1091 = DIRECTION ( 'NONE',  ( -0.000000000000000000, -0.000000000000000000, -1.000000000000000000 ) ) ;
#1092 = EDGE_CURVE ( 'NONE', #1954, #664, #210, .T. ) ;
#1093 = DIRECTION ( 'NONE',  ( 0.000000000000000000, 0.000000000000000000, 1.000000000000000000 ) ) ;
#1094 = LINE ( 'NONE', #1700, #895 ) ;
#1095 = ORIENTED_EDGE ( 'NONE', *, *, #1955, .T. ) ;
#1096 = DIRECTION ( 'NONE',  ( 1.000000000000000000, 0.000000000000000000, 0.000000000000000000 ) ) ;
#1097 = VERTEX_POINT ( 'NONE', #1841 ) ;
#1098 = ORIENTED_EDGE ( 'NONE', *, *, #1900, .F. ) ;
#1099 = FACE_OUTER_BOUND ( 'NONE', #1685, .T. ) ;
#1100 = VERTEX_POINT ( 'NONE', #1256 ) ;
#1101 = DIRECTION ( 'NONE',  ( -1.000000000000000000, -0.000000000000000000, 1.323940046656717123E-16 ) ) ;
#1102 = EDGE_CURVE ( 'NONE', #400, #17, #438, .T. ) ;
#1103 = EDGE_CURVE ( 'NONE', #1507, #663, #169, .T. ) ;
#1104 = FACE_OUTER_BOUND ( 'NONE', #1881, .T. ) ;
#1105 = CARTESIAN_POINT ( 'NONE',  ( -7.999999999999991118, -9.838902830259625532, 102.0218750000000512 ) ) ;
#1106 = EDGE_LOOP ( 'NONE', ( #1876, #1650, #207, #10 ) ) ;
#1107 = ORIENTED_EDGE ( 'NONE', *, *, #543, .F. ) ;
#1108 = CARTESIAN_POINT ( 'NONE',  ( 85.16250000000003695, -9.497697042508548293, 105.9218750000000284 ) ) ;
#1109 = VECTOR ( 'NONE', #1511, 1000.000000000000000 ) ;
#1110 = ORIENTED_EDGE ( 'NONE', *, *, #1935, .T. ) ;
#1111 = LINE ( 'NONE', #628, #981 ) ;
#1112 = DIRECTION ( 'NONE',  ( 1.000000000000000000, 0.000000000000000000, 0.000000000000000000 ) ) ;
#1113 = DIRECTION ( 'NONE',  ( -1.224646799147353207E-16, 0.000000000000000000, -1.000000000000000000 ) ) ;
#1114 = DIRECTION ( 'NONE',  ( -0.000000000000000000, 1.000000000000000000, -0.000000000000000000 ) ) ;
#1115 = CARTESIAN_POINT ( 'NONE',  ( -4.000000000000017764, -1.489999999999999991, -5.700000000000000178 ) ) ;
#1116 = EDGE_CURVE ( 'NONE', #483, #1957, #1291, .T. ) ;
#1117 = VERTEX_POINT ( 'NONE', #191 ) ;
#1118 = ORIENTED_EDGE ( 'NONE', *, *, #558, .F. ) ;
#1119 = LINE ( 'NONE', #1735, #1922 ) ;
#1120 = EDGE_LOOP ( 'NONE', ( #224, #1216 ) ) ;
#1121 = CYLINDRICAL_SURFACE ( 'NONE', #1386, 0.9999999999999965583 ) ;
#1122 = CARTESIAN_POINT ( 'NONE',  ( 89.16250000000003695, 1.609999999999987663, 102.0218750000000085 ) ) ;
#1123 = DIRECTION ( 'NONE',  ( 0.000000000000000000, 0.000000000000000000, -1.000000000000000000 ) ) ;
#1124 = CARTESIAN_POINT ( 'NONE',  ( 30.58124999999998650, 3.609999999999999876, 104.0218750000000085 ) ) ;
#1125 = VERTEX_POINT ( 'NONE', #1152 ) ;
#1126 = ORIENTED_EDGE ( 'NONE', *, *, #206, .T. ) ;
#1127 = EDGE_CURVE ( 'NONE', #887, #634, #1923, .T. ) ;
#1128 = LINE ( 'NONE', #170, #541 ) ;
#1129 = CARTESIAN_POINT ( 'NONE',  ( 0.000000000000000000, 0.000000000000000000, 0.000000000000000000 ) ) ;
#1130 = LINE ( 'NONE', #1463, #2 ) ;
#1131 = DIRECTION ( 'NONE',  ( -1.000000000000000000, -1.530525137354984684E-32, 1.249768617711323703E-16 ) ) ;
#1132 = ORIENTED_EDGE ( 'NONE', *, *, #678, .F. ) ;
#1133 = VECTOR ( 'NONE', #772, 1000.000000000000000 ) ;
#1134 = EDGE_LOOP ( 'NONE', ( #954, #485 ) ) ;
#1135 = AXIS2_PLACEMENT_3D ( 'NONE', #1399, #761, #1410 ) ;
#1136 = LINE ( 'NONE', #1266, #817 ) ;
#1137 = ORIENTED_EDGE ( 'NONE', *, *, #1534, .F. ) ;
#1138 = EDGE_CURVE ( 'NONE', #354, #639, #347, .T. ) ;
#1139 = CIRCLE ( 'NONE', #1070, 1.699999999999993072 ) ;
#1140 = CYLINDRICAL_SURFACE ( 'NONE', #1591, 1.699999999999993072 ) ;
#1141 = DIRECTION ( 'NONE',  ( 0.000000000000000000, -0.000000000000000000, -1.000000000000000000 ) ) ;
#1142 = DIRECTION ( 'NONE',  ( 0.000000000000000000, -1.000000000000000000, 0.000000000000000000 ) ) ;
#1143 = AXIS2_PLACEMENT_3D ( 'NONE', #9, #1693, #2008 ) ;
#1144 = ORIENTED_EDGE ( 'NONE', *, *, #999, .T. ) ;
#1145 = CARTESIAN_POINT ( 'NONE',  ( 3.530241980935349209E-15, -4.000000000000000000, 94.02187500000000853 ) ) ;
#1146 = CARTESIAN_POINT ( 'NONE',  ( 30.58125000000001137, 3.609999999999999876, 102.0218750000000227 ) ) ;
#1147 = CARTESIAN_POINT ( 'NONE',  ( 85.16250000000002274, 1.610000000000001430, -4.000000000000010658 ) ) ;
#1148 = CARTESIAN_POINT ( 'NONE',  ( 85.16250000000002274, 1.610000000000001430, -5.700000000000009948 ) ) ;
#1149 = EDGE_CURVE ( 'NONE', #1125, #892, #421, .T. ) ;
#1150 = DIRECTION ( 'NONE',  ( 0.000000000000000000, 0.000000000000000000, -1.000000000000000000 ) ) ;
#1151 = DIRECTION ( 'NONE',  ( 0.000000000000000000, -1.000000000000000000, 0.000000000000000000 ) ) ;
#1152 = CARTESIAN_POINT ( 'NONE',  ( -4.000000000000017764, -18.86089785429634702, -1.100000000000000311 ) ) ;
#1153 = PRODUCT_DEFINITION_FORMATION_WITH_SPECIFIED_SOURCE ( 'ANY', '', #1427, .NOT_KNOWN. ) ;
#1154 = CARTESIAN_POINT ( 'NONE',  ( 84.16250000000002274, -4.000000000000000000, 102.0218750000000085 ) ) ;
#1155 = DIRECTION ( 'NONE',  ( 1.000000000000000000, -0.000000000000000000, 0.000000000000000000 ) ) ;
#1156 = DIRECTION ( 'NONE',  ( 0.000000000000000000, -1.000000000000000000, 0.000000000000000000 ) ) ;
#1157 = ADVANCED_FACE ( 'NONE', ( #973 ), #823, .F. ) ;
#1158 = AXIS2_PLACEMENT_3D ( 'NONE', #1961, #872, #696 ) ;
#1159 = ORIENTED_EDGE ( 'NONE', *, *, #1994, .T. ) ;
#1160 = ORIENTED_EDGE ( 'NONE', *, *, #241, .F. ) ;
#1161 = VECTOR ( 'NONE', #728, 1000.000000000000000 ) ;
#1162 = DIRECTION ( 'NONE',  ( -1.000000000000000000, -0.000000000000000000, 1.323940046656717123E-16 ) ) ;
#1163 = AXIS2_PLACEMENT_3D ( 'NONE', #204, #524, #1300 ) ;
#1164 = DIRECTION ( 'NONE',  ( 0.000000000000000000, -1.000000000000000000, 0.000000000000000000 ) ) ;
#1165 = CARTESIAN_POINT ( 'NONE',  ( 81.16250000000002274, 1.610000000000000320, 0.000000000000000000 ) ) ;
#1166 = AXIS2_PLACEMENT_3D ( 'NONE', #559, #1190, #726 ) ;
#1167 = VERTEX_POINT ( 'NONE', #834 ) ;
#1168 = ADVANCED_FACE ( 'NONE', ( #1441 ), #1774, .F. ) ;
#1169 = LINE ( 'NONE', #401, #546 ) ;
#1170 = DIRECTION ( 'NONE',  ( 2.465190328815661892E-32, 1.000000000000000000, -3.263764198949895232E-48 ) ) ;
#1171 = VERTEX_POINT ( 'NONE', #1570 ) ;
#1172 = DIRECTION ( 'NONE',  ( 0.000000000000000000, 0.000000000000000000, -1.000000000000000000 ) ) ;
#1173 = VERTEX_POINT ( 'NONE', #160 ) ;
#1174 = CARTESIAN_POINT ( 'NONE',  ( 30.58124999999998650, 1.609999999999999876, -5.000000000000004441 ) ) ;
#1175 = LINE ( 'NONE', #1019, #293 ) ;
#1176 = VECTOR ( 'NONE', #1656, 1000.000000000000000 ) ;
#1177 = CARTESIAN_POINT ( 'NONE',  ( 76.16249999999993747, -4.000000000000000000, 0.000000000000000000 ) ) ;
#1178 = ORIENTED_EDGE ( 'NONE', *, *, #698, .F. ) ;
#1179 = VERTEX_POINT ( 'NONE', #640 ) ;
#1180 = EDGE_CURVE ( 'NONE', #1711, #334, #1520, .T. ) ;
#1181 = DIRECTION ( 'NONE',  ( 1.000000000000000000, -0.000000000000000000, 0.000000000000000000 ) ) ;
#1182 = VERTEX_POINT ( 'NONE', #294 ) ;
#1183 = CIRCLE ( 'NONE', #1347, 1.000000000000000888 ) ;
#1184 = FACE_OUTER_BOUND ( 'NONE', #1225, .T. ) ;
#1185 = LINE ( 'NONE', #1211, #1798 ) ;
#1186 = CARTESIAN_POINT ( 'NONE',  ( 0.000000000000000000, 0.000000000000000000, 0.000000000000000000 ) ) ;
#1187 = LINE ( 'NONE', #1813, #1411 ) ;
#1188 = ORIENTED_EDGE ( 'NONE', *, *, #2004, .T. ) ;
#1189 = ORIENTED_EDGE ( 'NONE', *, *, #1779, .F. ) ;
#1190 = DIRECTION ( 'NONE',  ( -0.7071067811865439090, 0.000000000000000000, -0.7071067811865512365 ) ) ;
#1191 = EDGE_LOOP ( 'NONE', ( #435, #198, #1132, #568 ) ) ;
#1192 = CARTESIAN_POINT ( 'NONE',  ( 38.08124999999930083, 0.000000000000000000, -38.08124999999996874 ) ) ;
#1193 = EDGE_CURVE ( 'NONE', #1704, #717, #914, .T. ) ;
#1194 = EDGE_LOOP ( 'NONE', ( #952, #142, #1870, #1498 ) ) ;
#1195 = CARTESIAN_POINT ( 'NONE',  ( 72.68088549413697308, 1.610000000000000986, -7.999999999999998224 ) ) ;
#1196 = VECTOR ( 'NONE', #1257, 1000.000000000000000 ) ;
#1197 = LINE ( 'NONE', #904, #1425 ) ;
#1198 = VECTOR ( 'NONE', #1897, 1000.000000000000000 ) ;
#1199 = EDGE_CURVE ( 'NONE', #1791, #1167, #128, .T. ) ;
#1200 = CARTESIAN_POINT ( 'NONE',  ( 38.08124999999930083, -4.000000000000000000, -38.08124999999996874 ) ) ;
#1201 = VECTOR ( 'NONE', #576, 1000.000000000000000 ) ;
#1202 = LINE ( 'NONE', #1668, #1769 ) ;
#1203 = ORIENTED_EDGE ( 'NONE', *, *, #129, .F. ) ;
#1204 = EDGE_LOOP ( 'NONE', ( #1723, #1472 ) ) ;
#1205 = VECTOR ( 'NONE', #1744, 1000.000000000000000 ) ;
#1206 = CARTESIAN_POINT ( 'NONE',  ( 79.36250000000003979, -10.00513129095886811, 100.1218750000000597 ) ) ;
#1207 = ORIENTED_EDGE ( 'NONE', *, *, #1945, .F. ) ;
#1208 = CARTESIAN_POINT ( 'NONE',  ( 84.16250000000002274, -9.401459512630037096, 107.0218750000000369 ) ) ;
#1209 = ORIENTED_EDGE ( 'NONE', *, *, #1212, .F. ) ;
#1210 = DIRECTION ( 'NONE',  ( -1.000000000000000000, -0.000000000000000000, 1.323940046656717370E-16 ) ) ;
#1211 = CARTESIAN_POINT ( 'NONE',  ( 30.58124999999998650, 3.609999999999999876, 104.0218750000000085 ) ) ;
#1212 = EDGE_CURVE ( 'NONE', #424, #1030, #941, .T. ) ;
#1213 = EDGE_CURVE ( 'NONE', #598, #67, #1707, .T. ) ;
#1214 = DIRECTION ( 'NONE',  ( 0.000000000000000000, 0.000000000000000000, 1.000000000000000000 ) ) ;
#1215 = LINE ( 'NONE', #928, #1936 ) ;
#1216 = ORIENTED_EDGE ( 'NONE', *, *, #1823, .F. ) ;
#1217 = ORIENTED_EDGE ( 'NONE', *, *, #963, .F. ) ;
#1218 = DIRECTION ( 'NONE',  ( -1.249768617711323949E-16, 0.000000000000000000, -1.000000000000000000 ) ) ;
#1219 = ORIENTED_EDGE ( 'NONE', *, *, #1258, .F. ) ;
#1220 = LINE ( 'NONE', #1696, #1431 ) ;
#1221 = CARTESIAN_POINT ( 'NONE',  ( 65.38088549413696171, 0.2986270988083662981, -7.999999999999998224 ) ) ;
#1222 = CARTESIAN_POINT ( 'NONE',  ( 0.000000000000000000, 152.1775367891951589, 0.000000000000000000 ) ) ;
#1223 = ADVANCED_FACE ( 'NONE', ( #486 ), #1618, .T. ) ;
#1224 = ORIENTED_EDGE ( 'NONE', *, *, #670, .F. ) ;
#1225 = EDGE_LOOP ( 'NONE', ( #556, #247 ) ) ;
#1226 = VERTEX_POINT ( 'NONE', #813 ) ;
#1227 = CARTESIAN_POINT ( 'NONE',  ( 71.68088549413697308, -0.7013729011916337575, -7.999999999999998224 ) ) ;
#1228 = ORIENTED_EDGE ( 'NONE', *, *, #679, .F. ) ;
#1229 = CARTESIAN_POINT ( 'NONE',  ( 66.38088549413696171, -0.7013729011916337575, -7.999999999999998224 ) ) ;
#1230 = LINE ( 'NONE', #948, #245 ) ;
#1231 = ORIENTED_EDGE ( 'NONE', *, *, #643, .F. ) ;
#1232 = AXIS2_PLACEMENT_3D ( 'NONE', #1283, #856, #1307 ) ;
#1233 = EDGE_LOOP ( 'NONE', ( #226, #1540, #1126, #649 ) ) ;
#1234 = ADVANCED_FACE ( 'NONE', ( #192 ), #1121, .T. ) ;
#1235 = CARTESIAN_POINT ( 'NONE',  ( 85.16250000000002274, -1.489999999999999991, -4.000000000000010658 ) ) ;
#1236 = CIRCLE ( 'NONE', #1726, 2.899999999999999911 ) ;
#1237 = PRODUCT_DEFINITION_CONTEXT ( 'detailed design', #1311, 'design' ) ;
#1238 = CARTESIAN_POINT ( 'NONE',  ( 1.528600923241418358E-14, 1.609999999999972564, 107.0218750000000369 ) ) ;
#1239 = LINE ( 'NONE', #258, #471 ) ;
#1240 = FACE_BOUND ( 'NONE', #246, .T. ) ;
#1241 = ORIENTED_EDGE ( 'NONE', *, *, #1766, .F. ) ;
#1242 = DIRECTION ( 'NONE',  ( -0.000000000000000000, 1.000000000000000000, -0.000000000000000000 ) ) ;
#1243 = ORIENTED_EDGE ( 'NONE', *, *, #462, .F. ) ;
#1244 = VERTEX_POINT ( 'NONE', #1442 ) ;
#1245 = DIRECTION ( 'NONE',  ( -1.153889781197266334E-17, 0.9961946980917461003, -0.08715574274765156004 ) ) ;
#1246 = ORIENTED_EDGE ( 'NONE', *, *, #940, .T. ) ;
#1247 = ADVANCED_FACE ( 'NONE', ( #965 ), #1884, .F. ) ;
#1248 = EDGE_CURVE ( 'NONE', #798, #1582, #520, .T. ) ;
#1249 = CARTESIAN_POINT ( 'NONE',  ( -8.000000000000005329, -19.28337467769352287, -5.928932188134515613 ) ) ;
#1250 = DIRECTION ( 'NONE',  ( -0.000000000000000000, 1.000000000000000000, -0.000000000000000000 ) ) ;
#1251 = VECTOR ( 'NONE', #1928, 1000.000000000000000 ) ;
#1252 = AXIS2_PLACEMENT_3D ( 'NONE', #2006, #569, #402 ) ;
#1253 = VERTEX_POINT ( 'NONE', #1461 ) ;
#1254 = ORIENTED_EDGE ( 'NONE', *, *, #588, .F. ) ;
#1255 = CARTESIAN_POINT ( 'NONE',  ( 0.000000000000000000, 1.610000000000000320, 0.000000000000000000 ) ) ;
#1256 = CARTESIAN_POINT ( 'NONE',  ( 50.58125000000001847, 1.609999999999999876, 102.0218750000000227 ) ) ;
#1257 = DIRECTION ( 'NONE',  ( 1.000000000000000000, -0.000000000000000000, 0.000000000000000000 ) ) ;
#1258 = EDGE_CURVE ( 'NONE', #338, #1705, #209, .T. ) ;
#1259 =( BOUNDED_CURVE ( )  B_SPLINE_CURVE ( 3, ( #196, #829, #939, #151 ),
 .UNSPECIFIED., .F., .T. ) 
 B_SPLINE_CURVE_WITH_KNOTS ( ( 4, 4 ),
 ( 1.323940046656717370E-16, 3.141592653589793116 ),
 .UNSPECIFIED. ) 
 CURVE ( )  GEOMETRIC_REPRESENTATION_ITEM ( )  RATIONAL_B_SPLINE_CURVE ( ( 1.000000000000000000, 0.3333333333333333703, 0.3333333333333333703, 1.000000000000000000 ) ) 
 REPRESENTATION_ITEM ( '' )  );
#1260 = VECTOR ( 'NONE', #893, 1000.000000000000114 ) ;
#1261 = LINE ( 'NONE', #644, #1198 ) ;
#1262 = ADVANCED_FACE ( 'NONE', ( #1430, #674, #824, #681, #1737 ), #1904, .T. ) ;
#1263 = CARTESIAN_POINT ( 'NONE',  ( -4.000000000000017764, -1.489999999999999991, 101.3218750000000199 ) ) ;
#1264 = ORIENTED_EDGE ( 'NONE', *, *, #1315, .T. ) ;
#1265 = DIRECTION ( 'NONE',  ( 0.000000000000000000, 1.000000000000000000, -0.000000000000000000 ) ) ;
#1266 = CARTESIAN_POINT ( 'NONE',  ( 30.58124999999998650, 1.609999999999999876, -3.000000000000011546 ) ) ;
#1267 = ORIENTED_EDGE ( 'NONE', *, *, #491, .F. ) ;
#1268 = CARTESIAN_POINT ( 'NONE',  ( -9.800000000000016698, -18.86089785429634702, -1.100000000000000089 ) ) ;
#1269 = CARTESIAN_POINT ( 'NONE',  ( 50.58125000000001847, 3.609999999999999876, -4.000000000000003553 ) ) ;
#1270 = CARTESIAN_POINT ( 'NONE',  ( 85.16250000000002274, -1.489999999999999991, -4.000000000000010658 ) ) ;
#1271 = VECTOR ( 'NONE', #1164, 1000.000000000000000 ) ;
#1272 = CARTESIAN_POINT ( 'NONE',  ( -4.000000000000017764, -10.00513129095886811, 100.1218750000000313 ) ) ;
#1273 = FACE_BOUND ( 'NONE', #938, .T. ) ;
#1274 = CARTESIAN_POINT ( 'NONE',  ( 84.16250000000000853, -19.46456963262517093, -8.000000000000001776 ) ) ;
#1275 = ADVANCED_FACE ( 'NONE', ( #689 ), #1140, .F. ) ;
#1276 = ADVANCED_FACE ( 'NONE', ( #1747 ), #329, .T. ) ;
#1277 = ORIENTED_EDGE ( 'NONE', *, *, #1888, .F. ) ;
#1278 = ORIENTED_EDGE ( 'NONE', *, *, #1045, .T. ) ;
#1279 = AXIS2_PLACEMENT_3D ( 'NONE', #564, #429, #884 ) ;
#1280 = DIRECTION ( 'NONE',  ( 1.000000000000000000, -0.000000000000000000, 0.000000000000000000 ) ) ;
#1281 = CARTESIAN_POINT ( 'NONE',  ( 85.16250000000003695, 1.610000000000001430, 103.0218750000000227 ) ) ;
#1282 = CARTESIAN_POINT ( 'NONE',  ( -47.01093749999999716, 0.000000000000000000, 47.01093749999984794 ) ) ;
#1283 = CARTESIAN_POINT ( 'NONE',  ( 50.58125000000001847, 1.609999999999999876, -4.000000000000003553 ) ) ;
#1284 = CARTESIAN_POINT ( 'NONE',  ( 30.58125000000001137, 3.609999999999999876, 102.0218750000000227 ) ) ;
#1285 = EDGE_CURVE ( 'NONE', #113, #1011, #1577, .T. ) ;
#1286 = VECTOR ( 'NONE', #968, 1000.000000000000000 ) ;
#1287 = CARTESIAN_POINT ( 'NONE',  ( -4.000000000000017764, 1.610000000000001430, 101.3218750000000199 ) ) ;
#1288 = CARTESIAN_POINT ( 'NONE',  ( 71.68088549413697308, -0.7013729011916337575, -7.999999999999998224 ) ) ;
#1289 = DIRECTION ( 'NONE',  ( 1.249768617711323949E-16, 0.000000000000000000, 1.000000000000000000 ) ) ;
#1290 = CARTESIAN_POINT ( 'NONE',  ( -8.000000000000005329, -19.02712631499559137, -2.999999999999990674 ) ) ;
#1291 = CIRCLE ( 'NONE', #145, 1.699999999999993072 ) ;
#1292 = ORIENTED_EDGE ( 'NONE', *, *, #1138, .T. ) ;
#1293 = AXIS2_PLACEMENT_3D ( 'NONE', #1186, #1710, #1093 ) ;
#1294 = DIRECTION ( 'NONE',  ( -0.000000000000000000, -1.000000000000000000, -0.000000000000000000 ) ) ;
#1295 = ORIENTED_EDGE ( 'NONE', *, *, #419, .F. ) ;
#1296 = EDGE_CURVE ( 'NONE', #1894, #820, #356, .T. ) ;
#1297 = AXIS2_PLACEMENT_3D ( 'NONE', #1037, #1995, #1689 ) ;
#1298 = CARTESIAN_POINT ( 'NONE',  ( 0.000000000000000000, 0.000000000000000000, 0.000000000000000000 ) ) ;
#1299 = CARTESIAN_POINT ( 'NONE',  ( 1.799999999999980504, -19.36833210274667039, -6.900000000000001243 ) ) ;
#1300 = DIRECTION ( 'NONE',  ( 0.7071067811865464625, 0.000000000000000000, 0.7071067811865486830 ) ) ;
#1301 = AXIS2_PLACEMENT_3D ( 'NONE', #614, #459, #302 ) ;
#1302 = CARTESIAN_POINT ( 'NONE',  ( 72.68088549413697308, -0.7013729011916337575, -3.799999999999998046 ) ) ;
#1303 = CARTESIAN_POINT ( 'NONE',  ( 180.8794466933171350, -4.000000000000000000, 99.02187500000000853 ) ) ;
#1304 = EDGE_CURVE ( 'NONE', #399, #264, #1128, .T. ) ;
#1305 = ADVANCED_FACE ( 'NONE', ( #986 ), #362, .F. ) ;
#1306 = FACE_OUTER_BOUND ( 'NONE', #1426, .T. ) ;
#1307 = DIRECTION ( 'NONE',  ( 0.000000000000000000, 0.000000000000000000, -1.000000000000000000 ) ) ;
#1308 = CARTESIAN_POINT ( 'NONE',  ( 81.16250000000002274, 1.609999999999972564, 99.02187500000000853 ) ) ;
#1309 = VERTEX_POINT ( 'NONE', #654 ) ;
#1310 = CIRCLE ( 'NONE', #1944, 6.000000000000000888 ) ;
#1311 = APPLICATION_CONTEXT ( 'automotive_design' ) ;
#1312 = DIRECTION ( 'NONE',  ( 0.000000000000000000, 0.000000000000000000, 1.000000000000000000 ) ) ;
#1313 =( NAMED_UNIT ( * ) PLANE_ANGLE_UNIT ( ) SI_UNIT ( $, .RADIAN. ) );
#1314 = DIRECTION ( 'NONE',  ( 0.000000000000000000, 0.000000000000000000, -1.000000000000000000 ) ) ;
#1315 = EDGE_CURVE ( 'NONE', #1226, #1372, #1895, .T. ) ;
#1316 = ORIENTED_EDGE ( 'NONE', *, *, #678, .T. ) ;
#1317 =( BOUNDED_CURVE ( )  B_SPLINE_CURVE ( 3, ( #1319, #867, #1473, #1483 ),
 .UNSPECIFIED., .F., .T. ) 
 B_SPLINE_CURVE_WITH_KNOTS ( ( 4, 4 ),
 ( 3.141592653589793116, 6.283185307179586232 ),
 .UNSPECIFIED. ) 
 CURVE ( )  GEOMETRIC_REPRESENTATION_ITEM ( )  RATIONAL_B_SPLINE_CURVE ( ( 1.000000000000000000, 0.3333333333333333703, 0.3333333333333333703, 1.000000000000000000 ) ) 
 REPRESENTATION_ITEM ( '' )  );
#1318 = AXIS2_PLACEMENT_3D ( 'NONE', #845, #1914, #221 ) ;
#1319 = CARTESIAN_POINT ( 'NONE',  ( -4.000000000000017764, -10.00513129095886811, 100.1218750000000313 ) ) ;
#1320 = EDGE_LOOP ( 'NONE', ( #754, #1403 ) ) ;
#1321 = DIRECTION ( 'NONE',  ( 0.000000000000000000, 0.000000000000000000, 1.000000000000000000 ) ) ;
#1322 = ORIENTED_EDGE ( 'NONE', *, *, #1824, .T. ) ;
#1323 = CIRCLE ( 'NONE', #445, 1.699999999999993072 ) ;
#1324 =( LENGTH_UNIT ( ) NAMED_UNIT ( * ) SI_UNIT ( .MILLI., .METRE. ) );
#1325 = DIRECTION ( 'NONE',  ( -0.000000000000000000, -1.000000000000000000, -0.000000000000000000 ) ) ;
#1326 = AXIS2_PLACEMENT_3D ( 'NONE', #859, #607, #880 ) ;
#1327 = EDGE_CURVE ( 'NONE', #1820, #1919, #1686, .T. ) ;
#1328 = ORIENTED_EDGE ( 'NONE', *, *, #709, .T. ) ;
#1329 = ADVANCED_FACE ( 'NONE', ( #1644, #571 ), #1017, .F. ) ;
#1330 = CIRCLE ( 'NONE', #1527, 2.899999999999999911 ) ;
#1331 = CARTESIAN_POINT ( 'NONE',  ( 81.16250000000002274, -4.000000000000000000, -2.396294882232237064E-14 ) ) ;
#1332 = VERTEX_POINT ( 'NONE', #538 ) ;
#1333 = DIRECTION ( 'NONE',  ( 0.000000000000000000, -1.000000000000000000, 0.000000000000000000 ) ) ;
#1334 = ORIENTED_EDGE ( 'NONE', *, *, #951, .F. ) ;
#1335 = CARTESIAN_POINT ( 'NONE',  ( 66.38088549413696171, -0.7013729011916337575, -3.799999999999998046 ) ) ;
#1336 = VECTOR ( 'NONE', #1491, 1000.000000000000000 ) ;
#1337 = CARTESIAN_POINT ( 'NONE',  ( 65.38088549413697592, 1.610000000000000542, -3.799999999999998046 ) ) ;
#1338 = CARTESIAN_POINT ( 'NONE',  ( 89.16250000000003695, -19.02712631499559137, -3.000000000000002665 ) ) ;
#1339 = EDGE_LOOP ( 'NONE', ( #1814, #1231, #175, #747 ) ) ;
#1340 = EDGE_LOOP ( 'NONE', ( #1246, #1736, #1802, #705 ) ) ;
#1341 = EDGE_CURVE ( 'NONE', #1088, #1332, #854, .T. ) ;
#1342 = CARTESIAN_POINT ( 'NONE',  ( 85.16250000000003695, -9.497697042508548293, 105.9218750000000284 ) ) ;
#1343 = CARTESIAN_POINT ( 'NONE',  ( 84.16250000000002274, 1.609999999999972564, 107.0218750000000227 ) ) ;
#1344 = ORIENTED_EDGE ( 'NONE', *, *, #1671, .F. ) ;
#1345 = CARTESIAN_POINT ( 'NONE',  ( 85.16250000000003695, 1.610000000000001430, 103.0218750000000227 ) ) ;
#1346 = VERTEX_POINT ( 'NONE', #1932 ) ;
#1347 = AXIS2_PLACEMENT_3D ( 'NONE', #669, #1412, #24 ) ;
#1348 = CARTESIAN_POINT ( 'NONE',  ( 0.000000000000000000, 0.000000000000000000, 5.000000000000000888 ) ) ;
#1349 = DIRECTION ( 'NONE',  ( 0.000000000000000000, 0.000000000000000000, 1.000000000000000000 ) ) ;
#1350 = PLANE ( 'NONE',  #1982 ) ;
#1351 = FACE_OUTER_BOUND ( 'NONE', #1806, .T. ) ;
#1352 = ORIENTED_EDGE ( 'NONE', *, *, #1180, .T. ) ;
#1353 = FACE_OUTER_BOUND ( 'NONE', #1194, .T. ) ;
#1354 = EDGE_LOOP ( 'NONE', ( #1784, #776 ) ) ;
#1355 = EDGE_CURVE ( 'NONE', #584, #908, #1782, .T. ) ;
#1356 = EDGE_CURVE ( 'NONE', #723, #1346, #1819, .T. ) ;
#1357 = CARTESIAN_POINT ( 'NONE',  ( -4.000000000000017764, -1.489999999999999991, -1.100000000000000311 ) ) ;
#1358 = CARTESIAN_POINT ( 'NONE',  ( 89.16250000000002274, 1.610000000000001208, -3.000000000000000444 ) ) ;
#1359 = CARTESIAN_POINT ( 'NONE',  ( 5.000000000000009770, 0.000000000000000000, 99.02187500000000853 ) ) ;
#1360 = AXIS2_PLACEMENT_3D ( 'NONE', #216, #851, #109 ) ;
#1361 = CARTESIAN_POINT ( 'NONE',  ( -4.000000000000017764, 1.610000000000001430, -4.000000000000000000 ) ) ;
#1362 = ORIENTED_EDGE ( 'NONE', *, *, #1611, .T. ) ;
#1363 = ORIENTED_EDGE ( 'NONE', *, *, #307, .T. ) ;
#1364 = CARTESIAN_POINT ( 'NONE',  ( 81.16250000000002274, 0.000000000000000000, 94.02187499999995168 ) ) ;
#1365 = EDGE_LOOP ( 'NONE', ( #1865, #1541 ) ) ;
#1366 = CARTESIAN_POINT ( 'NONE',  ( 87.09143218813453302, -19.46456963262517803, -7.999999999999998224 ) ) ;
#1367 = LINE ( 'NONE', #1984, #1336 ) ;
#1368 = EDGE_CURVE ( 'NONE', #1100, #820, #716, .T. ) ;
#1369 = CARTESIAN_POINT ( 'NONE',  ( 85.16250000000003695, -19.46456963262517448, 103.0218750000000227 ) ) ;
#1370 = EDGE_LOOP ( 'NONE', ( #1003, #544, #735, #594 ) ) ;
#1371 = EDGE_LOOP ( 'NONE', ( #1144, #1413, #869, #1086 ) ) ;
#1372 = VERTEX_POINT ( 'NONE', #1636 ) ;
#1373 = CARTESIAN_POINT ( 'NONE',  ( 72.68088549413697308, 0.2986270988083662981, -3.799999999999998046 ) ) ;
#1374 = ORIENTED_EDGE ( 'NONE', *, *, #1824, .F. ) ;
#1375 = DIRECTION ( 'NONE',  ( 0.000000000000000000, 0.000000000000000000, 1.000000000000000000 ) ) ;
#1376 = DIRECTION ( 'NONE',  ( -1.000000000000000000, -1.749171585548553729E-32, 1.428306991670084091E-16 ) ) ;
#1377 = DIRECTION ( 'NONE',  ( -1.000000000000000000, -0.000000000000000000, 1.301042606982603349E-16 ) ) ;
#1378 = DIRECTION ( 'NONE',  ( 0.000000000000000000, 1.000000000000000000, -0.000000000000000000 ) ) ;
#1379 = ORIENTED_EDGE ( 'NONE', *, *, #1516, .T. ) ;
#1380 = FACE_BOUND ( 'NONE', #1365, .T. ) ;
#1381 = EDGE_CURVE ( 'NONE', #889, #1894, #1949, .T. ) ;
#1382 = EDGE_LOOP ( 'NONE', ( #100, #1964, #36 ) ) ;
#1383 = CARTESIAN_POINT ( 'NONE',  ( 0.000000000000000000, 1.610000000000000320, 99.02187500000000853 ) ) ;
#1384 = ORIENTED_EDGE ( 'NONE', *, *, #1341, .T. ) ;
#1385 = DIRECTION ( 'NONE',  ( 0.000000000000000000, 0.000000000000000000, 1.000000000000000000 ) ) ;
#1386 = AXIS2_PLACEMENT_3D ( 'NONE', #1269, #1924, #1586 ) ;
#1387 = AXIS2_PLACEMENT_3D ( 'NONE', #3, #618, #1863 ) ;
#1388 = PLANE ( 'NONE',  #1387 ) ;
#1389 = ORIENTED_EDGE ( 'NONE', *, *, #1837, .T. ) ;
#1390 = PLANE ( 'NONE',  #931 ) ;
#1391 = VECTOR ( 'NONE', #1058, 1000.000000000000000 ) ;
#1392 = EDGE_CURVE ( 'NONE', #1910, #723, #414, .T. ) ;
#1393 = ADVANCED_FACE ( 'NONE', ( #1041 ), #1785, .F. ) ;
#1394 = ORIENTED_EDGE ( 'NONE', *, *, #925, .F. ) ;
#1395 = CARTESIAN_POINT ( 'NONE',  ( 50.58125000000003268, 3.609999999999999876, 104.0218750000000085 ) ) ;
#1396 = VECTOR ( 'NONE', #1294, 1000.000000000000000 ) ;
#1397 = EDGE_LOOP ( 'NONE', ( #929, #158, #600, #1394, #1734, #962, #1455, #70, #1868, #469, #1064, #1160 ) ) ;
#1398 = DIRECTION ( 'NONE',  ( 0.000000000000000000, 1.000000000000000000, -0.000000000000000000 ) ) ;
#1399 = CARTESIAN_POINT ( 'NONE',  ( -4.000000000000017764, -1.489999999999999991, 103.0218750000000227 ) ) ;
#1400 = LINE ( 'NONE', #645, #303 ) ;
#1401 = EDGE_LOOP ( 'NONE', ( #1803, #648, #1481 ) ) ;
#1402 = EDGE_CURVE ( 'NONE', #567, #1550, #227, .T. ) ;
#1403 = ORIENTED_EDGE ( 'NONE', *, *, #1760, .T. ) ;
#1404 = CARTESIAN_POINT ( 'NONE',  ( -4.000000000000017764, -1.489999999999999991, -6.899999999999999467 ) ) ;
#1405 = EDGE_LOOP ( 'NONE', ( #953, #715, #1502, #1448, #1855, #994, #164, #125, #1023, #631 ) ) ;
#1406 = ADVANCED_FACE ( 'NONE', ( #527 ), #1797, .T. ) ;
#1407 = CARTESIAN_POINT ( 'NONE',  ( 0.000000000000000000, -4.000000000000000000, 99.02187500000000853 ) ) ;
#1408 = CARTESIAN_POINT ( 'NONE',  ( 0.000000000000000000, 1.610000000000000320, 0.000000000000000000 ) ) ;
#1409 = DIRECTION ( 'NONE',  ( -0.000000000000000000, -1.000000000000000000, -0.000000000000000000 ) ) ;
#1410 = DIRECTION ( 'NONE',  ( 0.000000000000000000, 0.000000000000000000, 1.000000000000000000 ) ) ;
#1411 = VECTOR ( 'NONE', #408, 1000.000000000000000 ) ;
#1412 = DIRECTION ( 'NONE',  ( -0.000000000000000000, -0.000000000000000000, -1.000000000000000000 ) ) ;
#1413 = ORIENTED_EDGE ( 'NONE', *, *, #1127, .T. ) ;
#1414 = ORIENTED_EDGE ( 'NONE', *, *, #154, .T. ) ;
#1415 = PLANE ( 'NONE',  #1658 ) ;
#1416 = EDGE_LOOP ( 'NONE', ( #333, #2001, #852 ) ) ;
#1417 = DIRECTION ( 'NONE',  ( 0.000000000000000000, 0.000000000000000000, 1.000000000000000000 ) ) ;
#1418 = CARTESIAN_POINT ( 'NONE',  ( 81.16250000000002274, 0.000000000000000000, 0.000000000000000000 ) ) ;
#1419 = EDGE_CURVE ( 'NONE', #634, #1583, #638, .T. ) ;
#1420 = EDGE_CURVE ( 'NONE', #1704, #1011, #1629, .T. ) ;
#1421 = AXIS2_PLACEMENT_3D ( 'NONE', #836, #514, #1141 ) ;
#1422 = CARTESIAN_POINT ( 'NONE',  ( 85.16250000000003695, -19.46456963262517448, 105.9218750000000284 ) ) ;
#1423 = LINE ( 'NONE', #1866, #637 ) ;
#1424 = VECTOR ( 'NONE', #1765, 1000.000000000000000 ) ;
#1425 = VECTOR ( 'NONE', #1028, 1000.000000000000000 ) ;
#1426 = EDGE_LOOP ( 'NONE', ( #1635, #1594, #1909 ) ) ;
#1427 = PRODUCT ( 'Part5^Lucky15', 'Part5^Lucky15', '', ( #849 ) ) ;
#1428 = DIRECTION ( 'NONE',  ( -1.000000000000000000, 0.000000000000000000, 1.249768617711323703E-16 ) ) ;
#1429 = CIRCLE ( 'NONE', #323, 2.899999999999999911 ) ;
#1430 = FACE_BOUND ( 'NONE', #1616, .T. ) ;
#1431 = VECTOR ( 'NONE', #1554, 1000.000000000000000 ) ;
#1432 = EDGE_CURVE ( 'NONE', #1309, #921, #220, .T. ) ;
#1433 = CARTESIAN_POINT ( 'NONE',  ( 1.799999999999981837, -18.86089785429634702, -1.100000000000001199 ) ) ;
#1434 = FACE_OUTER_BOUND ( 'NONE', #1713, .T. ) ;
#1435 = CARTESIAN_POINT ( 'NONE',  ( -4.000000000000017764, 1.610000000000001430, -5.700000000000000178 ) ) ;
#1436 = ORIENTED_EDGE ( 'NONE', *, *, #1968, .T. ) ;
#1437 = ORIENTED_EDGE ( 'NONE', *, *, #1456, .F. ) ;
#1438 = CARTESIAN_POINT ( 'NONE',  ( 90.96250000000004832, -10.00513129095886811, 100.1218750000000597 ) ) ;
#1439 = VECTOR ( 'NONE', #1409, 1000.000000000000000 ) ;
#1440 = ORIENTED_EDGE ( 'NONE', *, *, #1779, .T. ) ;
#1441 = FACE_OUTER_BOUND ( 'NONE', #1815, .T. ) ;
#1442 = CARTESIAN_POINT ( 'NONE',  ( -4.000000000000017764, 1.610000000000001430, 104.7218750000000398 ) ) ;
#1443 = CARTESIAN_POINT ( 'NONE',  ( -8.000000000000005329, 1.610000000000000320, -1.747397747577733532E-14 ) ) ;
#1444 = DIRECTION ( 'NONE',  ( -0.000000000000000000, -1.000000000000000000, -0.000000000000000000 ) ) ;
#1445 = DIRECTION ( 'NONE',  ( 1.000000000000000000, 0.000000000000000000, 0.000000000000000000 ) ) ;
#1446 = EDGE_CURVE ( 'NONE', #321, #549, #695, .T. ) ;
#1447 = VECTOR ( 'NONE', #1703, 1000.000000000000114 ) ;
#1448 = ORIENTED_EDGE ( 'NONE', *, *, #951, .T. ) ;
#1449 = DIRECTION ( 'NONE',  ( 0.000000000000000000, -1.000000000000000000, 0.000000000000000000 ) ) ;
#1450 = CARTESIAN_POINT ( 'NONE',  ( 0.000000000000000000, 1.609999999999972564, 99.02187500000000853 ) ) ;
#1451 = DIRECTION ( 'NONE',  ( 0.000000000000000000, -0.000000000000000000, 1.000000000000000000 ) ) ;
#1452 = DIRECTION ( 'NONE',  ( 0.000000000000000000, 0.000000000000000000, -1.000000000000000000 ) ) ;
#1453 = PLANE ( 'NONE',  #1653 ) ;
#1454 = VECTOR ( 'NONE', #1883, 1000.000000000000114 ) ;
#1455 = ORIENTED_EDGE ( 'NONE', *, *, #1402, .T. ) ;
#1456 = EDGE_CURVE ( 'NONE', #1346, #1054, #1958, .T. ) ;
#1457 = VECTOR ( 'NONE', #488, 1000.000000000000000 ) ;
#1458 = ADVANCED_FACE ( 'NONE', ( #1807 ), #403, .F. ) ;
#1459 = CARTESIAN_POINT ( 'NONE',  ( 89.16250000000003695, -4.000000000000000000, 102.0218750000000085 ) ) ;
#1460 = AXIS2_PLACEMENT_3D ( 'NONE', #751, #420, #287 ) ;
#1461 = CARTESIAN_POINT ( 'NONE',  ( -4.000000000000017764, -1.489999999999999991, 104.7218750000000398 ) ) ;
#1462 = CARTESIAN_POINT ( 'NONE',  ( 89.16250000000002274, -4.000000000000000000, -1.075776460272671336E-14 ) ) ;
#1463 = CARTESIAN_POINT ( 'NONE',  ( 0.000000000000000000, 0.000000000000000000, 99.02187500000000853 ) ) ;
#1464 = AXIS2_PLACEMENT_3D ( 'NONE', #1675, #1087, #1706 ) ;
#1465 = CARTESIAN_POINT ( 'NONE',  ( 180.8794466933171350, -4.000000000000000000, 99.02187500000000853 ) ) ;
#1466 = CARTESIAN_POINT ( 'NONE',  ( -4.000000000000017764, 1.610000000000001430, -5.700000000000000178 ) ) ;
#1467 = ORIENTED_EDGE ( 'NONE', *, *, #599, .F. ) ;
#1468 = CARTESIAN_POINT ( 'NONE',  ( -5.204170427930421283E-15, -4.000000000000000000, -1.559451288322614309E-17 ) ) ;
#1469 = ADVANCED_FACE ( 'NONE', ( #1353 ), #473, .F. ) ;
#1470 = DIRECTION ( 'NONE',  ( 0.000000000000000000, -1.301042606982605321E-16, 1.000000000000000000 ) ) ;
#1471 = CARTESIAN_POINT ( 'NONE',  ( 84.16250000000000853, 1.610000000000000320, -8.000000000000000000 ) ) ;
#1472 = ORIENTED_EDGE ( 'NONE', *, *, #1515, .F. ) ;
#1473 = CARTESIAN_POINT ( 'NONE',  ( 1.799999999999981837, -9.497697042508548293, 105.9218750000000284 ) ) ;
#1474 = DIRECTION ( 'NONE',  ( -0.000000000000000000, 1.000000000000000000, -0.000000000000000000 ) ) ;
#1475 = ORIENTED_EDGE ( 'NONE', *, *, #853, .F. ) ;
#1476 = DIRECTION ( 'NONE',  ( 0.000000000000000000, 0.000000000000000000, 1.000000000000000000 ) ) ;
#1477 = ORIENTED_EDGE ( 'NONE', *, *, #1355, .T. ) ;
#1478 = DIRECTION ( 'NONE',  ( 0.000000000000000000, 1.000000000000000000, 0.000000000000000000 ) ) ;
#1479 = ADVANCED_FACE ( 'NONE', ( #291 ), #782, .T. ) ;
#1480 = CARTESIAN_POINT ( 'NONE',  ( 87.59218750000022169, -4.000000000000000000, 87.59218749999976694 ) ) ;
#1481 = ORIENTED_EDGE ( 'NONE', *, *, #888, .F. ) ;
#1482 = ORIENTED_EDGE ( 'NONE', *, *, #1368, .F. ) ;
#1483 = CARTESIAN_POINT ( 'NONE',  ( -4.000000000000017764, -9.497697042508548293, 105.9218750000000284 ) ) ;
#1484 = FACE_OUTER_BOUND ( 'NONE', #411, .T. ) ;
#1485 = VECTOR ( 'NONE', #800, 1000.000000000000000 ) ;
#1486 = ORIENTED_EDGE ( 'NONE', *, *, #1563, .F. ) ;
#1487 = CARTESIAN_POINT ( 'NONE',  ( 81.16250000000002274, 152.1775367891951589, 0.000000000000000000 ) ) ;
#1488 = ORIENTED_EDGE ( 'NONE', *, *, #1368, .T. ) ;
#1489 = VECTOR ( 'NONE', #553, 1000.000000000000000 ) ;
#1490 = DIRECTION ( 'NONE',  ( 0.000000000000000000, 1.000000000000000000, -0.000000000000000000 ) ) ;
#1491 = DIRECTION ( 'NONE',  ( 0.7071067811865464625, 0.000000000000000000, 0.7071067811865486830 ) ) ;
#1492 = ADVANCED_FACE ( 'NONE', ( #922 ), #1858, .F. ) ;
#1493 = VECTOR ( 'NONE', #1783, 1000.000000000000000 ) ;
#1494 = ORIENTED_EDGE ( 'NONE', *, *, #1296, .F. ) ;
#1495 = PRODUCT_DEFINITION ( 'UNKNOWN', '', #1153, #1237 ) ;
#1496 = EDGE_LOOP ( 'NONE', ( #360, #781, #1203, #1640 ) ) ;
#1497 = DIRECTION ( 'NONE',  ( 1.304446905552683435E-16, 0.000000000000000000, 1.000000000000000000 ) ) ;
#1498 = ORIENTED_EDGE ( 'NONE', *, *, #1248, .T. ) ;
#1499 = CARTESIAN_POINT ( 'NONE',  ( 30.58124999999998650, 1.609999999999999876, -3.000000000000011546 ) ) ;
#1500 = CYLINDRICAL_SURFACE ( 'NONE', #755, 2.899999999999999911 ) ;
#1501 = CARTESIAN_POINT ( 'NONE',  ( 85.16250000000002274, -1.489999999999999991, -5.700000000000009948 ) ) ;
#1502 = ORIENTED_EDGE ( 'NONE', *, *, #1602, .T. ) ;
#1503 = ADVANCED_FACE ( 'NONE', ( #1075 ), #1831, .T. ) ;
#1504 = AXIS2_PLACEMENT_3D ( 'NONE', #1270, #1, #616 ) ;
#1505 = DIRECTION ( 'NONE',  ( 0.000000000000000000, 1.000000000000000000, -0.000000000000000000 ) ) ;
#1506 =( BOUNDED_CURVE ( )  B_SPLINE_CURVE ( 3, ( #47, #1299, #1433, #364 ),
 .UNSPECIFIED., .F., .F. ) 
 B_SPLINE_CURVE_WITH_KNOTS ( ( 4, 4 ),
 ( 3.141592653589793116, 6.283185307179586232 ),
 .UNSPECIFIED. ) 
 CURVE ( )  GEOMETRIC_REPRESENTATION_ITEM ( )  RATIONAL_B_SPLINE_CURVE ( ( 1.000000000000000000, 0.3333333333333333703, 0.3333333333333333703, 1.000000000000000000 ) ) 
 REPRESENTATION_ITEM ( '' )  );
#1507 = VERTEX_POINT ( 'NONE', #1383 ) ;
#1508 = VECTOR ( 'NONE', #980, 1000.000000000000000 ) ;
#1509 = CARTESIAN_POINT ( 'NONE',  ( -4.000000000000017764, -1.489999999999999991, 100.1218750000000313 ) ) ;
#1510 = DIRECTION ( 'NONE',  ( 0.000000000000000000, 0.000000000000000000, 1.000000000000000000 ) ) ;
#1511 = DIRECTION ( 'NONE',  ( -1.000000000000000000, -0.000000000000000000, 1.323940046656717370E-16 ) ) ;
#1512 = DIRECTION ( 'NONE',  ( 1.000000000000000000, -0.000000000000000000, 0.000000000000000000 ) ) ;
#1513 = ORIENTED_EDGE ( 'NONE', *, *, #900, .F. ) ;
#1514 = VECTOR ( 'NONE', #1926, 1000.000000000000000 ) ;
#1515 = EDGE_CURVE ( 'NONE', #722, #1705, #1429, .T. ) ;
#1516 = EDGE_CURVE ( 'NONE', #338, #1025, #848, .T. ) ;
#1517 = EDGE_LOOP ( 'NONE', ( #1518, #1440, #250, #1477 ) ) ;
#1518 = ORIENTED_EDGE ( 'NONE', *, *, #976, .F. ) ;
#1519 = AXIS2_PLACEMENT_3D ( 'NONE', #1598, #1663, #1476 ) ;
#1520 = LINE ( 'NONE', #1408, #1196 ) ;
#1521 = FACE_OUTER_BOUND ( 'NONE', #1233, .T. ) ;
#1522 = LINE ( 'NONE', #1200, #1391 ) ;
#1523 = DIRECTION ( 'NONE',  ( 0.000000000000000000, 0.000000000000000000, -1.000000000000000000 ) ) ;
#1524 = ORIENTED_EDGE ( 'NONE', *, *, #346, .F. ) ;
#1525 = ORIENTED_EDGE ( 'NONE', *, *, #1102, .T. ) ;
#1526 = AXIS2_PLACEMENT_3D ( 'NONE', #1979, #144, #583 ) ;
#1527 = AXIS2_PLACEMENT_3D ( 'NONE', #428, #1490, #1018 ) ;
#1528 = EDGE_LOOP ( 'NONE', ( #1997, #449, #871, #1969 ) ) ;
#1529 = FACE_OUTER_BOUND ( 'NONE', #83, .T. ) ;
#1530 = VERTEX_POINT ( 'NONE', #1227 ) ;
#1531 =( BOUNDED_CURVE ( )  B_SPLINE_CURVE ( 3, ( #796, #1438, #1920, #1108 ),
 .UNSPECIFIED., .F., .F. ) 
 B_SPLINE_CURVE_WITH_KNOTS ( ( 4, 4 ),
 ( 3.141592653589793116, 6.283185307179586232 ),
 .UNSPECIFIED. ) 
 CURVE ( )  GEOMETRIC_REPRESENTATION_ITEM ( )  RATIONAL_B_SPLINE_CURVE ( ( 1.000000000000000000, 0.3333333333333333703, 0.3333333333333333703, 1.000000000000000000 ) ) 
 REPRESENTATION_ITEM ( '' )  );
#1532 = CARTESIAN_POINT ( 'NONE',  ( -5.928932188134529824, -19.46456963262517803, -7.999999999999989342 ) ) ;
#1533 = CARTESIAN_POINT ( 'NONE',  ( -5.204170427930421283E-15, -4.000000000000000000, -1.559451288322614309E-17 ) ) ;
#1534 = EDGE_CURVE ( 'NONE', #1004, #424, #593, .T. ) ;
#1535 = PLANE ( 'NONE',  #1722 ) ;
#1536 = DIRECTION ( 'NONE',  ( 0.000000000000000000, 0.000000000000000000, 1.000000000000000000 ) ) ;
#1537 = AXIS2_PLACEMENT_3D ( 'NONE', #330, #604, #138 ) ;
#1538 = ORIENTED_EDGE ( 'NONE', *, *, #1770, .T. ) ;
#1539 = CARTESIAN_POINT ( 'NONE',  ( -5.204170427930421283E-15, 1.972152263052530827E-31, 8.579693065220249008E-15 ) ) ;
#1540 = ORIENTED_EDGE ( 'NONE', *, *, #1534, .T. ) ;
#1541 = ORIENTED_EDGE ( 'NONE', *, *, #1327, .T. ) ;
#1542 = CARTESIAN_POINT ( 'NONE',  ( 79.36250000000002558, -19.36833210274667039, -6.900000000000008349 ) ) ;
#1543 = ORIENTED_EDGE ( 'NONE', *, *, #1900, .T. ) ;
#1544 = LINE ( 'NONE', #147, #548 ) ;
#1545 = DIRECTION ( 'NONE',  ( 0.000000000000000000, 1.000000000000000000, 0.000000000000000000 ) ) ;
#1546 = EDGE_CURVE ( 'NONE', #2010, #890, #136, .T. ) ;
#1547 = ADVANCED_FACE ( 'NONE', ( #746 ), #274, .F. ) ;
#1548 = DIRECTION ( 'NONE',  ( 0.000000000000000000, 1.000000000000000000, 0.000000000000000000 ) ) ;
#1549 = DIRECTION ( 'NONE',  ( 0.000000000000000000, 0.000000000000000000, 1.000000000000000000 ) ) ;
#1550 = VERTEX_POINT ( 'NONE', #1364 ) ;
#1551 = ORIENTED_EDGE ( 'NONE', *, *, #888, .T. ) ;
#1552 = LINE ( 'NONE', #1989, #187 ) ;
#1553 = ORIENTED_EDGE ( 'NONE', *, *, #1213, .T. ) ;
#1554 = DIRECTION ( 'NONE',  ( 0.000000000000000000, 1.000000000000000000, 0.000000000000000000 ) ) ;
#1555 = AXIS2_PLACEMENT_3D ( 'NONE', #450, #748, #1697 ) ;
#1556 = VECTOR ( 'NONE', #1699, 1000.000000000000000 ) ;
#1557 = DIRECTION ( 'NONE',  ( 0.7071067811865456854, 0.000000000000000000, -0.7071067811865493491 ) ) ;
#1558 = FACE_OUTER_BOUND ( 'NONE', #1999, .T. ) ;
#1559 = ADVANCED_FACE ( 'NONE', ( #1099 ), #1869, .F. ) ;
#1560 = VERTEX_POINT ( 'NONE', #934 ) ;
#1561 = DIRECTION ( 'NONE',  ( -0.7071067811865512365, 0.000000000000000000, 0.7071067811865439090 ) ) ;
#1562 = VECTOR ( 'NONE', #440, 1000.000000000000000 ) ;
#1563 = EDGE_CURVE ( 'NONE', #1582, #944, #1552, .T. ) ;
#1564 = ORIENTED_EDGE ( 'NONE', *, *, #346, .T. ) ;
#1565 = ORIENTED_EDGE ( 'NONE', *, *, #610, .F. ) ;
#1566 = CYLINDRICAL_SURFACE ( 'NONE', #1526, 0.9999999999999965583 ) ;
#1567 = AXIS2_PLACEMENT_3D ( 'NONE', #1939, #1976, #1804 ) ;
#1568 = ORIENTED_EDGE ( 'NONE', *, *, #999, .F. ) ;
#1569 = CARTESIAN_POINT ( 'NONE',  ( 81.16250000000002274, -7.089909308207343663, 99.02187500000002274 ) ) ;
#1570 = CARTESIAN_POINT ( 'NONE',  ( -8.000000000000005329, 1.610000000000000764, -2.999999999999988898 ) ) ;
#1571 = DIRECTION ( 'NONE',  ( -1.000000000000000000, 0.000000000000000000, 0.000000000000000000 ) ) ;
#1572 = FACE_OUTER_BOUND ( 'NONE', #1517, .T. ) ;
#1573 = DIRECTION ( 'NONE',  ( 0.000000000000000000, 0.000000000000000000, -1.000000000000000000 ) ) ;
#1574 = ORIENTED_EDGE ( 'NONE', *, *, #33, .F. ) ;
#1575 = ADVANCED_FACE ( 'NONE', ( #945 ), #1566, .T. ) ;
#1576 = DIRECTION ( 'NONE',  ( 0.000000000000000000, -1.000000000000000000, 0.000000000000000000 ) ) ;
#1577 = LINE ( 'NONE', #1298, #1005 ) ;
#1578 = CARTESIAN_POINT ( 'NONE',  ( 71.68088549413697308, 0.2986270988083662981, -7.999999999999998224 ) ) ;
#1579 = DIRECTION ( 'NONE',  ( 0.000000000000000000, 1.000000000000000000, -0.000000000000000000 ) ) ;
#1580 = AXIS2_PLACEMENT_3D ( 'NONE', #131, #1512, #297 ) ;
#1581 = LINE ( 'NONE', #621, #366 ) ;
#1582 = VERTEX_POINT ( 'NONE', #1839 ) ;
#1583 = VERTEX_POINT ( 'NONE', #1208 ) ;
#1584 = LINE ( 'NONE', #1595, #585 ) ;
#1585 = ADVANCED_FACE ( 'NONE', ( #1529 ), #426, .T. ) ;
#1586 = DIRECTION ( 'NONE',  ( 0.000000000000000000, 0.000000000000000000, -1.000000000000000000 ) ) ;
#1587 = CIRCLE ( 'NONE', #1681, 1.699999999999999289 ) ;
#1588 = CARTESIAN_POINT ( 'NONE',  ( 50.58125000000001847, 3.609999999999999876, 102.0218750000000227 ) ) ;
#1589 = CARTESIAN_POINT ( 'NONE',  ( -3.000000000000002665, -19.46456963262517093, -7.999999999999989342 ) ) ;
#1590 = DIRECTION ( 'NONE',  ( 0.000000000000000000, 0.000000000000000000, -1.000000000000000000 ) ) ;
#1591 = AXIS2_PLACEMENT_3D ( 'NONE', #1281, #504, #339 ) ;
#1592 = VECTOR ( 'NONE', #1648, 1000.000000000000000 ) ;
#1593 = VERTEX_POINT ( 'NONE', #1373 ) ;
#1594 = ORIENTED_EDGE ( 'NONE', *, *, #141, .T. ) ;
#1595 = CARTESIAN_POINT ( 'NONE',  ( 65.38088549413696171, 1.610000000000000986, -3.799999999999998046 ) ) ;
#1596 = AXIS2_PLACEMENT_3D ( 'NONE', #448, #625, #602 ) ;
#1597 = DIRECTION ( 'NONE',  ( 1.299483091253767798E-16, 0.08715574274765168494, 0.9961946980917461003 ) ) ;
#1598 = CARTESIAN_POINT ( 'NONE',  ( -4.000000000000017764, -1.489999999999999991, -4.000000000000000000 ) ) ;
#1599 = AXIS2_PLACEMENT_3D ( 'NONE', #1983, #1833, #97 ) ;
#1600 = FACE_OUTER_BOUND ( 'NONE', #1799, .T. ) ;
#1601 = DIRECTION ( 'NONE',  ( 0.000000000000000000, 0.000000000000000000, 1.000000000000000000 ) ) ;
#1602 = EDGE_CURVE ( 'NONE', #371, #1954, #984, .T. ) ;
#1603 = LINE ( 'NONE', #805, #1286 ) ;
#1604 = ORIENTED_EDGE ( 'NONE', *, *, #1193, .T. ) ;
#1605 = FACE_OUTER_BOUND ( 'NONE', #780, .T. ) ;
#1606 = AXIS2_PLACEMENT_3D ( 'NONE', #864, #1478, #1510 ) ;
#1607 = CARTESIAN_POINT ( 'NONE',  ( -8.000000000000005329, -18.62212164727257147, 1.629224534936934532 ) ) ;
#1608 = CARTESIAN_POINT ( 'NONE',  ( 30.58124999999998650, 3.609999999999999876, -3.000000000000011546 ) ) ;
#1609 = FACE_OUTER_BOUND ( 'NONE', #1371, .T. ) ;
#1610 = PLANE ( 'NONE',  #1163 ) ;
#1611 = EDGE_CURVE ( 'NONE', #146, #400, #1584, .T. ) ;
#1612 = PRODUCT_DEFINITION_SHAPE ( 'NONE', 'NONE',  #1495 ) ;
#1613 = ADVANCED_FACE ( 'NONE', ( #833 ), #1415, .T. ) ;
#1614 = VECTOR ( 'NONE', #1771, 1000.000000000000000 ) ;
#1615 = VECTOR ( 'NONE', #1131, 1000.000000000000000 ) ;
#1616 = EDGE_LOOP ( 'NONE', ( #1628, #1189 ) ) ;
#1617 = ORIENTED_EDGE ( 'NONE', *, *, #8, .T. ) ;
#1618 = PLANE ( 'NONE',  #349 ) ;
#1619 = CARTESIAN_POINT ( 'NONE',  ( -4.000000000000017764, -19.36833210274667039, -6.899999999999999467 ) ) ;
#1620 = CARTESIAN_POINT ( 'NONE',  ( 50.58125000000001847, 1.609999999999999876, -3.000000000000013767 ) ) ;
#1621 = VECTOR ( 'NONE', #1155, 1000.000000000000000 ) ;
#1622 =( NAMED_UNIT ( * ) SI_UNIT ( $, .STERADIAN. ) SOLID_ANGLE_UNIT ( ) );
#1623 = EDGE_CURVE ( 'NONE', #289, #1530, #518, .T. ) ;
#1624 = AXIS2_PLACEMENT_3D ( 'NONE', #1154, #1775, #251 ) ;
#1625 = CARTESIAN_POINT ( 'NONE',  ( 89.16250000000005116, -9.401459512630037096, 107.0218750000000369 ) ) ;
#1626 = EDGE_CURVE ( 'NONE', #345, #94, #1119, .T. ) ;
#1627 = ORIENTED_EDGE ( 'NONE', *, *, #1925, .T. ) ;
#1628 = ORIENTED_EDGE ( 'NONE', *, *, #1994, .F. ) ;
#1629 = LINE ( 'NONE', #1941, #444 ) ;
#1630 = PLANE ( 'NONE',  #1318 ) ;
#1631 = DIRECTION ( 'NONE',  ( 0.000000000000000000, -0.000000000000000000, -1.000000000000000000 ) ) ;
#1632 =( NAMED_UNIT ( * ) PLANE_ANGLE_UNIT ( ) SI_UNIT ( $, .RADIAN. ) );
#1633 = DIRECTION ( 'NONE',  ( 0.000000000000000000, -1.301042606982604088E-16, 1.000000000000000000 ) ) ;
#1634 = EDGE_CURVE ( 'NONE', #908, #584, #253, .T. ) ;
#1635 = ORIENTED_EDGE ( 'NONE', *, *, #479, .T. ) ;
#1636 = CARTESIAN_POINT ( 'NONE',  ( 85.16250000000002274, -1.489999999999999991, -2.300000000000011369 ) ) ;
#1637 = LINE ( 'NONE', #883, #1260 ) ;
#1638 = DIRECTION ( 'NONE',  ( 0.000000000000000000, 0.000000000000000000, 1.000000000000000000 ) ) ;
#1639 = ORIENTED_EDGE ( 'NONE', *, *, #1967, .T. ) ;
#1640 = ORIENTED_EDGE ( 'NONE', *, *, #168, .F. ) ;
#1641 = AXIS2_PLACEMENT_3D ( 'NONE', #868, #1853, #1549 ) ;
#1642 = CYLINDRICAL_SURFACE ( 'NONE', #452, 2.899999999999999911 ) ;
#1643 = VERTEX_POINT ( 'NONE', #1404 ) ;
#1644 = FACE_BOUND ( 'NONE', #1354, .T. ) ;
#1645 = EDGE_CURVE ( 'NONE', #325, #1059, #1531, .T. ) ;
#1646 = EDGE_LOOP ( 'NONE', ( #969, #494 ) ) ;
#1647 = DIRECTION ( 'NONE',  ( 0.000000000000000000, 0.000000000000000000, 1.000000000000000000 ) ) ;
#1648 = DIRECTION ( 'NONE',  ( 1.000000000000000000, -0.000000000000000000, 0.000000000000000000 ) ) ;
#1649 = ORIENTED_EDGE ( 'NONE', *, *, #1327, .F. ) ;
#1650 = ORIENTED_EDGE ( 'NONE', *, *, #1213, .F. ) ;
#1651 = CARTESIAN_POINT ( 'NONE',  ( 0.000000000000000000, 0.000000000000000000, 0.000000000000000000 ) ) ;
#1652 = VECTOR ( 'NONE', #46, 1000.000000000000000 ) ;
#1653 = AXIS2_PLACEMENT_3D ( 'NONE', #692, #837, #1777 ) ;
#1654 = DIRECTION ( 'NONE',  ( 0.000000000000000000, 0.000000000000000000, 1.000000000000000000 ) ) ;
#1655 = ORIENTED_EDGE ( 'NONE', *, *, #8, .F. ) ;
#1656 = DIRECTION ( 'NONE',  ( 1.249768617711323949E-16, -0.000000000000000000, 1.000000000000000000 ) ) ;
#1657 = EDGE_CURVE ( 'NONE', #907, #1179, #502, .T. ) ;
#1658 = AXIS2_PLACEMENT_3D ( 'NONE', #189, #809, #1428 ) ;
#1659 = LINE ( 'NONE', #885, #1562 ) ;
#1660 = CARTESIAN_POINT ( 'NONE',  ( 30.58124999999998650, 3.609999999999999876, -3.000000000000011546 ) ) ;
#1661 = ORIENTED_EDGE ( 'NONE', *, *, #1980, .T. ) ;
#1662 = ORIENTED_EDGE ( 'NONE', *, *, #760, .T. ) ;
#1663 = DIRECTION ( 'NONE',  ( 0.000000000000000000, 1.000000000000000000, -0.000000000000000000 ) ) ;
#1664 = ORIENTED_EDGE ( 'NONE', *, *, #1645, .T. ) ;
#1665 = FILL_AREA_STYLE_COLOUR ( '', #190 ) ;
#1666 = DIRECTION ( 'NONE',  ( -0.000000000000000000, 1.000000000000000000, -0.000000000000000000 ) ) ;
#1667 = FACE_OUTER_BOUND ( 'NONE', #1948, .T. ) ;
#1668 = CARTESIAN_POINT ( 'NONE',  ( 0.000000000000000000, 1.610000000000000320, 0.000000000000000000 ) ) ;
#1669 = EDGE_CURVE ( 'NONE', #932, #312, #1136, .T. ) ;
#1670 = EDGE_LOOP ( 'NONE', ( #59, #1627, #455, #288, #122, #143 ) ) ;
#1671 = EDGE_CURVE ( 'NONE', #298, #17, #326, .T. ) ;
#1672 = CARTESIAN_POINT ( 'NONE',  ( -2.999999999999988898, -9.401459512630037096, 107.0218750000000512 ) ) ;
#1673 = AXIS2_PLACEMENT_3D ( 'NONE', #802, #1545, #1385 ) ;
#1674 = EDGE_LOOP ( 'NONE', ( #1207, #1032, #1574 ) ) ;
#1675 = CARTESIAN_POINT ( 'NONE',  ( 30.58124999999998650, 3.609999999999999876, -5.000000000000004441 ) ) ;
#1676 = ORIENTED_EDGE ( 'NONE', *, *, #1925, .F. ) ;
#1677 = AXIS2_PLACEMENT_3D ( 'NONE', #84, #764, #777 ) ;
#1678 = PLANE ( 'NONE',  #714 ) ;
#1679 = FACE_OUTER_BOUND ( 'NONE', #860, .T. ) ;
#1680 = FACE_OUTER_BOUND ( 'NONE', #1204, .T. ) ;
#1681 = AXIS2_PLACEMENT_3D ( 'NONE', #1147, #523, #657 ) ;
#1682 = EDGE_LOOP ( 'NONE', ( #1940, #1960, #412, #1716 ) ) ;
#1683 = EDGE_CURVE ( 'NONE', #911, #1643, #1236, .T. ) ;
#1684 = DIRECTION ( 'NONE',  ( 0.000000000000000000, 1.000000000000000000, -0.000000000000000000 ) ) ;
#1685 = EDGE_LOOP ( 'NONE', ( #1543, #1316, #1639, #1987 ) ) ;
#1686 = CIRCLE ( 'NONE', #1519, 1.700000000000000178 ) ;
#1687 = DIRECTION ( 'NONE',  ( -1.000000000000000000, 0.000000000000000000, 0.000000000000000000 ) ) ;
#1688 = CIRCLE ( 'NONE', #1232, 0.9999999999999965583 ) ;
#1689 = DIRECTION ( 'NONE',  ( 0.000000000000000000, 0.000000000000000000, 1.000000000000000000 ) ) ;
#1690 = VECTOR ( 'NONE', #563, 1000.000000000000000 ) ;
#1691 = ORIENTED_EDGE ( 'NONE', *, *, #925, .T. ) ;
#1692 = ORIENTED_EDGE ( 'NONE', *, *, #270, .T. ) ;
#1693 = DIRECTION ( 'NONE',  ( 0.000000000000000000, -1.000000000000000000, 0.000000000000000000 ) ) ;
#1694 = ADVANCED_FACE ( 'NONE', ( #1605 ), #993, .F. ) ;
#1695 = EDGE_CURVE ( 'NONE', #889, #1100, #961, .T. ) ;
#1696 = CARTESIAN_POINT ( 'NONE',  ( 81.16250000000002274, -4.000000000000000000, 4.999999999999997335 ) ) ;
#1697 = DIRECTION ( 'NONE',  ( 0.000000000000000000, -0.000000000000000000, -1.000000000000000000 ) ) ;
#1698 = CARTESIAN_POINT ( 'NONE',  ( -7.999999999999992895, 1.609999999999987663, 102.0218750000000227 ) ) ;
#1699 = DIRECTION ( 'NONE',  ( 0.000000000000000000, 0.000000000000000000, -1.000000000000000000 ) ) ;
#1700 = CARTESIAN_POINT ( 'NONE',  ( 72.68088549413697308, 1.610000000000000986, -3.799999999999998046 ) ) ;
#1701 = VECTOR ( 'NONE', #641, 1000.000000000000000 ) ;
#1702 = ORIENTED_EDGE ( 'NONE', *, *, #1248, .F. ) ;
#1703 = DIRECTION ( 'NONE',  ( 0.7071067811865456854, 0.000000000000000000, -0.7071067811865493491 ) ) ;
#1704 = VERTEX_POINT ( 'NONE', #1145 ) ;
#1705 = VERTEX_POINT ( 'NONE', #1764 ) ;
#1706 = DIRECTION ( 'NONE',  ( 1.000000000000000000, 0.000000000000000000, -1.301042606982603349E-16 ) ) ;
#1707 = LINE ( 'NONE', #202, #2009 ) ;
#1708 = ADVANCED_FACE ( 'NONE', ( #157 ), #789, .F. ) ;
#1709 = CIRCLE ( 'NONE', #765, 0.9999999999999965583 ) ;
#1710 = DIRECTION ( 'NONE',  ( 0.000000000000000000, 1.000000000000000000, -0.000000000000000000 ) ) ;
#1711 = VERTEX_POINT ( 'NONE', #1255 ) ;
#1712 = CARTESIAN_POINT ( 'NONE',  ( 2.500000000000000000, -4.000000000000000000, 2.500000000000026201 ) ) ;
#1713 = EDGE_LOOP ( 'NONE', ( #1676, #671, #1209, #1137 ) ) ;
#1714 = ORIENTED_EDGE ( 'NONE', *, *, #1456, .T. ) ;
#1715 = CARTESIAN_POINT ( 'NONE',  ( 85.16250000000002274, -19.36833210274667039, -6.900000000000010125 ) ) ;
#1716 = ORIENTED_EDGE ( 'NONE', *, *, #1980, .F. ) ;
#1717 = CARTESIAN_POINT ( 'NONE',  ( 18.90871211463576884, 1.610000000000000098, -1.301042606982605321E-15 ) ) ;
#1718 = AXIS2_PLACEMENT_3D ( 'NONE', #957, #1579, #1080 ) ;
#1719 = DIRECTION ( 'NONE',  ( -0.000000000000000000, 1.000000000000000000, -0.000000000000000000 ) ) ;
#1720 = DIRECTION ( 'NONE',  ( 0.000000000000000000, 1.000000000000000000, -0.000000000000000000 ) ) ;
#1721 = ADVANCED_FACE ( 'NONE', ( #484 ), #69, .T. ) ;
#1722 = AXIS2_PLACEMENT_3D ( 'NONE', #687, #99, #526 ) ;
#1723 = ORIENTED_EDGE ( 'NONE', *, *, #1045, .F. ) ;
#1724 = VERTEX_POINT ( 'NONE', #234 ) ;
#1725 = DIRECTION ( 'NONE',  ( 0.000000000000000000, -1.000000000000000000, 0.000000000000000000 ) ) ;
#1726 = AXIS2_PLACEMENT_3D ( 'NONE', #337, #361, #493 ) ;
#1727 = CARTESIAN_POINT ( 'NONE',  ( 84.16250000000000853, -19.46456963262517093, -8.000000000000001776 ) ) ;
#1728 = DIRECTION ( 'NONE',  ( 0.000000000000000000, -0.08715574274765168494, -0.9961946980917461003 ) ) ;
#1729 = CARTESIAN_POINT ( 'NONE',  ( 72.68088549413697308, 0.2986270988083662981, -3.799999999999998046 ) ) ;
#1730 = FACE_OUTER_BOUND ( 'NONE', #822, .T. ) ;
#1731 = CARTESIAN_POINT ( 'NONE',  ( 72.68088549413697308, 1.610000000000000986, -3.799999999999998046 ) ) ;
#1732 = EDGE_CURVE ( 'NONE', #664, #634, #1169, .T. ) ;
#1733 = ORIENTED_EDGE ( 'NONE', *, *, #1420, .F. ) ;
#1734 = ORIENTED_EDGE ( 'NONE', *, *, #816, .T. ) ;
#1735 = CARTESIAN_POINT ( 'NONE',  ( 85.16250000000002274, 1.610000000000001430, -5.700000000000009948 ) ) ;
#1736 = ORIENTED_EDGE ( 'NONE', *, *, #1993, .T. ) ;
#1737 = FACE_OUTER_BOUND ( 'NONE', #50, .T. ) ;
#1738 = LINE ( 'NONE', #1443, #481 ) ;
#1739 = LINE ( 'NONE', #341, #1457 ) ;
#1740 = CARTESIAN_POINT ( 'NONE',  ( -2.999999999999988898, -9.401459512630037096, 107.0218750000000512 ) ) ;
#1741 =( BOUNDED_CURVE ( )  B_SPLINE_CURVE ( 3, ( #1740, #186, #5, #1105 ),
 .UNSPECIFIED., .F., .F. ) 
 B_SPLINE_CURVE_WITH_KNOTS ( ( 4, 4 ),
 ( 3.141592653589792672, 4.712388980384684345 ),
 .UNSPECIFIED. ) 
 CURVE ( )  GEOMETRIC_REPRESENTATION_ITEM ( )  RATIONAL_B_SPLINE_CURVE ( ( 1.000000000000000000, 0.8047378541243661587, 0.8047378541243661587, 1.000000000000000000 ) ) 
 REPRESENTATION_ITEM ( '' )  );
#1742 = ORIENTED_EDGE ( 'NONE', *, *, #241, .T. ) ;
#1743 = ORIENTED_EDGE ( 'NONE', *, *, #19, .T. ) ;
#1744 = DIRECTION ( 'NONE',  ( 0.000000000000000000, -1.000000000000000000, 0.000000000000000000 ) ) ;
#1745 = ORIENTED_EDGE ( 'NONE', *, *, #1626, .F. ) ;
#1746 = EDGE_CURVE ( 'NONE', #1059, #325, #1051, .T. ) ;
#1747 = FACE_OUTER_BOUND ( 'NONE', #1670, .T. ) ;
#1748 = LINE ( 'NONE', #977, #442 ) ;
#1749 = FACE_OUTER_BOUND ( 'NONE', #1416, .T. ) ;
#1750 = AXIS2_PLACEMENT_3D ( 'NONE', #1861, #466, #1090 ) ;
#1751 = CARTESIAN_POINT ( 'NONE',  ( 50.58125000000001847, 1.609999999999999876, 103.0218750000000085 ) ) ;
#1752 = AXIS2_PLACEMENT_3D ( 'NONE', #1008, #1444, #1314 ) ;
#1753 = EDGE_LOOP ( 'NONE', ( #343, #555, #534, #763 ) ) ;
#1754 = ORIENTED_EDGE ( 'NONE', *, *, #760, .F. ) ;
#1755 = DIRECTION ( 'NONE',  ( 1.000000000000000000, 0.000000000000000000, -1.301042606982603349E-16 ) ) ;
#1756 = ORIENTED_EDGE ( 'NONE', *, *, #1402, .F. ) ;
#1757 = AXIS2_PLACEMENT_3D ( 'NONE', #76, #1805, #918 ) ;
#1758 = DIRECTION ( 'NONE',  ( -0.000000000000000000, 0.000000000000000000, -1.000000000000000000 ) ) ;
#1759 = EDGE_CURVE ( 'NONE', #567, #1910, #1050, .T. ) ;
#1760 = EDGE_CURVE ( 'NONE', #1253, #1946, #659, .T. ) ;
#1761 = DIRECTION ( 'NONE',  ( 1.206534653326982810E-16, -1.224646799147353207E-16, 1.000000000000000000 ) ) ;
#1762 = DIRECTION ( 'NONE',  ( 0.000000000000000000, 0.000000000000000000, -1.000000000000000000 ) ) ;
#1763 = VERTEX_POINT ( 'NONE', #1672 ) ;
#1764 = CARTESIAN_POINT ( 'NONE',  ( 85.16250000000002274, -1.489999999999999991, -1.100000000000010747 ) ) ;
#1765 = DIRECTION ( 'NONE',  ( -0.000000000000000000, -1.000000000000000000, -0.000000000000000000 ) ) ;
#1766 = EDGE_CURVE ( 'NONE', #1901, #1919, #272, .T. ) ;
#1767 = CARTESIAN_POINT ( 'NONE',  ( -4.000000000000017764, 1.610000000000001430, -4.000000000000000000 ) ) ;
#1768 = CARTESIAN_POINT ( 'NONE',  ( 0.000000000000000000, -4.000000000000000000, 0.000000000000000000 ) ) ;
#1769 = VECTOR ( 'NONE', #468, 1000.000000000000000 ) ;
#1770 = EDGE_CURVE ( 'NONE', #1791, #887, #617, .T. ) ;
#1771 = DIRECTION ( 'NONE',  ( 1.000000000000000000, 0.000000000000000000, -1.301042606982603349E-16 ) ) ;
#1772 = AXIS2_PLACEMENT_3D ( 'NONE', #1651, #1794, #389 ) ;
#1773 = CARTESIAN_POINT ( 'NONE',  ( 50.58125000000001847, 3.609999999999999876, -3.000000000000013767 ) ) ;
#1774 = PLANE ( 'NONE',  #1555 ) ;
#1775 = DIRECTION ( 'NONE',  ( 0.000000000000000000, 1.000000000000000000, 0.000000000000000000 ) ) ;
#1776 = DIRECTION ( 'NONE',  ( 0.000000000000000000, 1.000000000000000000, -0.000000000000000000 ) ) ;
#1777 = DIRECTION ( 'NONE',  ( 0.000000000000000000, 0.000000000000000000, -1.000000000000000000 ) ) ;
#1778 = CIRCLE ( 'NONE', #177, 5.000000000000000000 ) ;
#1779 = EDGE_CURVE ( 'NONE', #877, #1560, #1317, .T. ) ;
#1780 = VERTEX_POINT ( 'NONE', #225 ) ;
#1781 = ADVANCED_FACE ( 'NONE', ( #712 ), #1956, .F. ) ;
#1782 = CIRCLE ( 'NONE', #810, 2.899999999999999911 ) ;
#1783 = DIRECTION ( 'NONE',  ( 0.000000000000000000, -1.000000000000000000, 0.000000000000000000 ) ) ;
#1784 = ORIENTED_EDGE ( 'NONE', *, *, #558, .T. ) ;
#1785 = CYLINDRICAL_SURFACE ( 'NONE', #182, 1.699999999999993072 ) ;
#1786 = AXIS2_PLACEMENT_3D ( 'NONE', #1793, #536, #249 ) ;
#1787 = CARTESIAN_POINT ( 'NONE',  ( 4.336808689942017736E-16, -4.000000000000000000, 4.999999999999999112 ) ) ;
#1788 = DIRECTION ( 'NONE',  ( 0.000000000000000000, 1.000000000000000000, -0.000000000000000000 ) ) ;
#1789 = CIRCLE ( 'NONE', #1599, 1.700000000000007061 ) ;
#1790 = APPLICATION_PROTOCOL_DEFINITION ( 'draft international standard', 'automotive_design', 1998, #1311 ) ;
#1791 = VERTEX_POINT ( 'NONE', #1343 ) ;
#1792 = ADVANCED_FACE ( 'NONE', ( #1083 ), #1015, .F. ) ;
#1793 = CARTESIAN_POINT ( 'NONE',  ( -4.000000000000017764, -1.489999999999999991, 103.0218750000000227 ) ) ;
#1794 = DIRECTION ( 'NONE',  ( 0.000000000000000000, 1.000000000000000000, -0.000000000000000000 ) ) ;
#1795 = ORIENTED_EDGE ( 'NONE', *, *, #545, .F. ) ;
#1796 = PRODUCT_RELATED_PRODUCT_CATEGORY ( 'part', '', ( #1427 ) ) ;
#1797 = CYLINDRICAL_SURFACE ( 'NONE', #1624, 5.000000000000004441 ) ;
#1798 = VECTOR ( 'NONE', #1325, 1000.000000000000000 ) ;
#1799 = EDGE_LOOP ( 'NONE', ( #1828, #1857, #500, #1649 ) ) ;
#1800 = CARTESIAN_POINT ( 'NONE',  ( 85.16250000000003695, 1.610000000000001430, 101.3218750000000341 ) ) ;
#1801 = DIRECTION ( 'NONE',  ( 0.000000000000000000, 1.000000000000000000, 0.000000000000000000 ) ) ;
#1802 = ORIENTED_EDGE ( 'NONE', *, *, #522, .T. ) ;
#1803 = ORIENTED_EDGE ( 'NONE', *, *, #775, .F. ) ;
#1804 = DIRECTION ( 'NONE',  ( 0.7071067811865536790, 0.000000000000000000, 0.7071067811865414665 ) ) ;
#1805 = DIRECTION ( 'NONE',  ( 0.000000000000000000, 1.000000000000000000, -0.000000000000000000 ) ) ;
#1806 = EDGE_LOOP ( 'NONE', ( #1733, #1604, #1565, #137, #1389, #766, #1048, #1040, #26, #902, #200, #393 ) ) ;
#1807 = FACE_OUTER_BOUND ( 'NONE', #832, .T. ) ;
#1808 = ORIENTED_EDGE ( 'NONE', *, *, #521, .F. ) ;
#1809 = ADVANCED_FACE ( 'NONE', ( #560 ), #1642, .F. ) ;
#1810 = CARTESIAN_POINT ( 'NONE',  ( 65.38088549413696171, 0.2986270988083662981, -3.799999999999998046 ) ) ;
#1811 = LINE ( 'NONE', #1822, #1592 ) ;
#1812 = DIRECTION ( 'NONE',  ( -0.000000000000000000, -1.000000000000000000, -0.000000000000000000 ) ) ;
#1813 = CARTESIAN_POINT ( 'NONE',  ( 72.68088549413697308, 1.610000000000000986, -3.799999999999998046 ) ) ;
#1814 = ORIENTED_EDGE ( 'NONE', *, *, #1341, .F. ) ;
#1815 = EDGE_LOOP ( 'NONE', ( #857, #808, #1844, #1074 ) ) ;
#1816 = VECTOR ( 'NONE', #1376, 1000.000000000000000 ) ;
#1817 = CIRCLE ( 'NONE', #1135, 1.700000000000007061 ) ;
#1818 = VERTEX_POINT ( 'NONE', #547 ) ;
#1819 = LINE ( 'NONE', #550, #651 ) ;
#1820 = VERTEX_POINT ( 'NONE', #443 ) ;
#1821 = DIRECTION ( 'NONE',  ( 0.000000000000000000, 1.000000000000000000, -0.000000000000000000 ) ) ;
#1822 = CARTESIAN_POINT ( 'NONE',  ( 0.000000000000000000, 0.000000000000000000, 0.000000000000000000 ) ) ;
#1823 = EDGE_CURVE ( 'NONE', #1244, #729, #1076, .T. ) ;
#1824 = EDGE_CURVE ( 'NONE', #1346, #1550, #235, .T. ) ;
#1825 = VECTOR ( 'NONE', #1218, 1000.000000000000000 ) ;
#1826 = CARTESIAN_POINT ( 'NONE',  ( 180.8794466933171350, -4.000000000000000000, -2.396294882232237064E-14 ) ) ;
#1827 = CYLINDRICAL_SURFACE ( 'NONE', #633, 1.700000000000007061 ) ;
#1828 = ORIENTED_EDGE ( 'NONE', *, *, #831, .F. ) ;
#1829 = ORIENTED_EDGE ( 'NONE', *, *, #522, .F. ) ;
#1830 = ORIENTED_EDGE ( 'NONE', *, *, #1634, .T. ) ;
#1831 = PLANE ( 'NONE',  #711 ) ;
#1832 = ORIENTED_EDGE ( 'NONE', *, *, #725, .F. ) ;
#1833 = DIRECTION ( 'NONE',  ( 0.000000000000000000, 1.000000000000000000, -0.000000000000000000 ) ) ;
#1834 = CARTESIAN_POINT ( 'NONE',  ( 5.000000000000056843, -4.000000000000000000, 3.742021086448839110E-15 ) ) ;
#1835 = FACE_OUTER_BOUND ( 'NONE', #290, .T. ) ;
#1836 = ORIENTED_EDGE ( 'NONE', *, *, #1073, .F. ) ;
#1837 = EDGE_CURVE ( 'NONE', #727, #1309, #1966, .T. ) ;
#1838 = ORIENTED_EDGE ( 'NONE', *, *, #1060, .F. ) ;
#1839 = CARTESIAN_POINT ( 'NONE',  ( 50.58125000000001847, 1.609999999999999876, -5.000000000000000000 ) ) ;
#1840 = ORIENTED_EDGE ( 'NONE', *, *, #72, .T. ) ;
#1841 = CARTESIAN_POINT ( 'NONE',  ( 30.58124999999998650, 1.609999999999999876, 104.0218750000000085 ) ) ;
#1842 = LINE ( 'NONE', #1358, #184 ) ;
#1843 = PLANE ( 'NONE',  #487 ) ;
#1844 = ORIENTED_EDGE ( 'NONE', *, *, #92, .F. ) ;
#1845 = EDGE_CURVE ( 'NONE', #1226, #345, #397, .T. ) ;
#1846 = ADVANCED_FACE ( 'NONE', ( #1380, #133 ), #93, .F. ) ;
#1847 = EDGE_LOOP ( 'NONE', ( #1224, #1362, #1525, #433, #745, #111, #238, #1538, #1568, #166, #1436, #1178 ) ) ;
#1848 = ORIENTED_EDGE ( 'NONE', *, *, #2004, .F. ) ;
#1849 = DIRECTION ( 'NONE',  ( -0.000000000000000000, -1.000000000000000000, -0.000000000000000000 ) ) ;
#1850 = EDGE_LOOP ( 'NONE', ( #1379, #313, #652, #1219 ) ) ;
#1851 = VECTOR ( 'NONE', #676, 1000.000000000000000 ) ;
#1852 = CARTESIAN_POINT ( 'NONE',  ( -4.000000000000017764, -19.46456963262517448, 103.0218750000000227 ) ) ;
#1853 = DIRECTION ( 'NONE',  ( 0.000000000000000000, 1.000000000000000000, -0.000000000000000000 ) ) ;
#1854 = VECTOR ( 'NONE', #1849, 1000.000000000000000 ) ;
#1855 = ORIENTED_EDGE ( 'NONE', *, *, #1671, .T. ) ;
#1856 = ADVANCED_FACE ( 'NONE', ( #1071 ), #456, .T. ) ;
#1857 = ORIENTED_EDGE ( 'NONE', *, *, #725, .T. ) ;
#1858 = PLANE ( 'NONE',  #686 ) ;
#1859 = ORIENTED_EDGE ( 'NONE', *, *, #1092, .F. ) ;
#1860 = CARTESIAN_POINT ( 'NONE',  ( 0.000000000000000000, 0.000000000000000000, 94.02187499999998010 ) ) ;
#1861 = CARTESIAN_POINT ( 'NONE',  ( 66.38088549413696171, 0.2986270988083662981, -7.999999999999998224 ) ) ;
#1862 = LINE ( 'NONE', #30, #20 ) ;
#1863 = DIRECTION ( 'NONE',  ( 1.000000000000000000, 0.000000000000000000, 0.000000000000000000 ) ) ;
#1864 = TOROIDAL_SURFACE ( 'NONE', #1899, -2.500000000000000888, 6.000000000000000888 ) ;
#1865 = ORIENTED_EDGE ( 'NONE', *, *, #461, .T. ) ;
#1866 = CARTESIAN_POINT ( 'NONE',  ( 84.16250000000002274, -4.000000000000000000, 107.0218750000000227 ) ) ;
#1867 = ORIENTED_EDGE ( 'NONE', *, *, #690, .F. ) ;
#1868 = ORIENTED_EDGE ( 'NONE', *, *, #217, .F. ) ;
#1869 = PLANE ( 'NONE',  #1301 ) ;
#1870 = ORIENTED_EDGE ( 'NONE', *, *, #193, .F. ) ;
#1871 = CIRCLE ( 'NONE', #101, 1.700000000000000178 ) ;
#1872 = DIRECTION ( 'NONE',  ( -0.000000000000000000, -1.000000000000000000, -0.000000000000000000 ) ) ;
#1873 = ADVANCED_FACE ( 'NONE', ( #1484 ), #299, .F. ) ;
#1874 = AXIS2_PLACEMENT_3D ( 'NONE', #1751, #786, #14 ) ;
#1875 = CARTESIAN_POINT ( 'NONE',  ( 85.16250000000003695, 1.610000000000001430, 104.7218750000000256 ) ) ;
#1876 = ORIENTED_EDGE ( 'NONE', *, *, #886, .T. ) ;
#1877 =( LENGTH_UNIT ( ) NAMED_UNIT ( * ) SI_UNIT ( .MILLI., .METRE. ) );
#1878 = ORIENTED_EDGE ( 'NONE', *, *, #141, .F. ) ;
#1879 = EDGE_LOOP ( 'NONE', ( #132, #304 ) ) ;
#1880 = DIRECTION ( 'NONE',  ( -1.249768617711323949E-16, 0.000000000000000000, -1.000000000000000000 ) ) ;
#1881 = EDGE_LOOP ( 'NONE', ( #1322, #1756, #1022, #259 ) ) ;
#1882 = VECTOR ( 'NONE', #988, 1000.000000000000000 ) ;
#1883 = DIRECTION ( 'NONE',  ( -1.299483091253767798E-16, -0.08715574274765154617, -0.9961946980917461003 ) ) ;
#1884 = CYLINDRICAL_SURFACE ( 'NONE', #56, 1.000000000000000888 ) ;
#1885 = DIRECTION ( 'NONE',  ( 1.249768617711323703E-16, -0.000000000000000000, 1.000000000000000000 ) ) ;
#1886 = VECTOR ( 'NONE', #86, 1000.000000000000000 ) ;
#1887 = ADVANCED_FACE ( 'NONE', ( #713 ), #1390, .F. ) ;
#1888 = EDGE_CURVE ( 'NONE', #1560, #584, #1581, .T. ) ;
#1889 = CARTESIAN_POINT ( 'NONE',  ( 87.59218750000022169, -4.000000000000000000, 87.59218749999976694 ) ) ;
#1890 = DIRECTION ( 'NONE',  ( -1.249768617711323949E-16, 0.000000000000000000, -1.000000000000000000 ) ) ;
#1891 = CARTESIAN_POINT ( 'NONE',  ( -3.000000000000006217, 1.610000000000000320, -7.999999999999989342 ) ) ;
#1892 = DIRECTION ( 'NONE',  ( 0.000000000000000000, 1.000000000000000000, 0.000000000000000000 ) ) ;
#1893 = VECTOR ( 'NONE', #11, 1000.000000000000000 ) ;
#1894 = VERTEX_POINT ( 'NONE', #1284 ) ;
#1895 = LINE ( 'NONE', #348, #1067 ) ;
#1896 = LINE ( 'NONE', #1282, #28 ) ;
#1897 = DIRECTION ( 'NONE',  ( -0.000000000000000000, 1.000000000000000000, -0.000000000000000000 ) ) ;
#1898 = CARTESIAN_POINT ( 'NONE',  ( 85.16250000000003695, -1.489999999999999991, 101.3218750000000341 ) ) ;
#1899 = AXIS2_PLACEMENT_3D ( 'NONE', #285, #773, #1113 ) ;
#1900 = EDGE_CURVE ( 'NONE', #1724, #25, #1907, .T. ) ;
#1901 = VERTEX_POINT ( 'NONE', #1435 ) ;
#1902 = CARTESIAN_POINT ( 'NONE',  ( 90.96250000000003411, -19.36833210274667039, -6.900000000000011902 ) ) ;
#1903 = CARTESIAN_POINT ( 'NONE',  ( 84.16250000000000853, -19.46456963262517093, -8.000000000000000000 ) ) ;
#1904 = PLANE ( 'NONE',  #1916 ) ;
#1905 = PLANE ( 'NONE',  #1421 ) ;
#1906 = DIRECTION ( 'NONE',  ( 1.249768617711323949E-16, 0.000000000000000000, 1.000000000000000000 ) ) ;
#1907 = CIRCLE ( 'NONE', #797, 0.9999999999999965583 ) ;
#1908 = DIRECTION ( 'NONE',  ( 1.000000000000000000, 0.000000000000000000, -1.249768617711323949E-16 ) ) ;
#1909 = ORIENTED_EDGE ( 'NONE', *, *, #1193, .F. ) ;
#1910 = VERTEX_POINT ( 'NONE', #660 ) ;
#1911 = EDGE_CURVE ( 'NONE', #517, #921, #342, .T. ) ;
#1912 = DIRECTION ( 'NONE',  ( 0.000000000000000000, 0.000000000000000000, 1.000000000000000000 ) ) ;
#1913 = CARTESIAN_POINT ( 'NONE',  ( 89.16250000000003695, -18.62212164727257147, 1.629224534936921653 ) ) ;
#1914 = DIRECTION ( 'NONE',  ( 0.000000000000000000, -1.000000000000000000, 0.000000000000000000 ) ) ;
#1915 = CARTESIAN_POINT ( 'NONE',  ( 66.38088549413696171, 0.2986270988083662981, -3.799999999999998046 ) ) ;
#1916 = AXIS2_PLACEMENT_3D ( 'NONE', #1913, #512, #1728 ) ;
#1917 = AXIS2_PLACEMENT_3D ( 'NONE', #358, #185, #1601 ) ;
#1918 = VECTOR ( 'NONE', #1812, 1000.000000000000000 ) ;
#1919 = VERTEX_POINT ( 'NONE', #1115 ) ;
#1920 = CARTESIAN_POINT ( 'NONE',  ( 90.96250000000004832, -9.497697042508548293, 105.9218750000000284 ) ) ;
#1921 = EDGE_CURVE ( 'NONE', #1244, #1253, #1603, .T. ) ;
#1922 = VECTOR ( 'NONE', #1449, 1000.000000000000000 ) ;
#1923 = LINE ( 'NONE', #1459, #1485 ) ;
#1924 = DIRECTION ( 'NONE',  ( -0.000000000000000000, -1.000000000000000000, -0.000000000000000000 ) ) ;
#1925 = EDGE_CURVE ( 'NONE', #415, #1004, #1183, .T. ) ;
#1926 = DIRECTION ( 'NONE',  ( -0.7071067811865512365, 0.000000000000000000, 0.7071067811865439090 ) ) ;
#1927 = LINE ( 'NONE', #230, #1489 ) ;
#1928 = DIRECTION ( 'NONE',  ( 0.000000000000000000, 1.000000000000000000, 0.000000000000000000 ) ) ;
#1929 = PLANE ( 'NONE',  #1460 ) ;
#1930 = EDGE_LOOP ( 'NONE', ( #1691, #327, #1836, #1107 ) ) ;
#1931 = DIRECTION ( 'NONE',  ( -1.000000000000000000, -1.530525137354984684E-32, 1.249768617711323703E-16 ) ) ;
#1932 = CARTESIAN_POINT ( 'NONE',  ( 76.16250000000002274, 0.000000000000000000, 99.02187500000000853 ) ) ;
#1933 = CARTESIAN_POINT ( 'NONE',  ( 50.58125000000001847, 3.609999999999999876, -3.000000000000013767 ) ) ;
#1934 = CYLINDRICAL_SURFACE ( 'NONE', #248, 1.000000000000000888 ) ;
#1935 = EDGE_CURVE ( 'NONE', #944, #932, #1709, .T. ) ;
#1936 = VECTOR ( 'NONE', #1047, 1000.000000000000000 ) ;
#1937 = DIRECTION ( 'NONE',  ( -1.000000000000000000, -0.000000000000000000, 1.323940046656717123E-16 ) ) ;
#1938 = EDGE_LOOP ( 'NONE', ( #694, #1264, #1754, #1745 ) ) ;
#1939 = CARTESIAN_POINT ( 'NONE',  ( 38.08124999999930083, -4.000000000000000000, -38.08124999999996874 ) ) ;
#1940 = ORIENTED_EDGE ( 'NONE', *, *, #1419, .F. ) ;
#1941 = CARTESIAN_POINT ( 'NONE',  ( -6.938893903907228378E-15, -4.000000000000000000, 94.02187499999998010 ) ) ;
#1942 = SURFACE_STYLE_FILL_AREA ( #229 ) ;
#1943 = CARTESIAN_POINT ( 'NONE',  ( 71.68088549413697308, -0.7013729011916337575, -3.799999999999998046 ) ) ;
#1944 = AXIS2_PLACEMENT_3D ( 'NONE', #743, #1378, #318 ) ;
#1945 = EDGE_CURVE ( 'NONE', #399, #1117, #1400, .T. ) ;
#1946 = VERTEX_POINT ( 'NONE', #1263 ) ;
#1947 = VECTOR ( 'NONE', #891, 1000.000000000000000 ) ;
#1948 = EDGE_LOOP ( 'NONE', ( #1384, #1742, #75 ) ) ;
#1949 = LINE ( 'NONE', #105, #906 ) ;
#1950 = EDGE_LOOP ( 'NONE', ( #1188, #677, #1829, #807 ) ) ;
#1951 = PLANE ( 'NONE',  #278 ) ;
#1952 = LINE ( 'NONE', #1962, #1176 ) ;
#1953 =( GEOMETRIC_REPRESENTATION_CONTEXT ( 3 ) GLOBAL_UNCERTAINTY_ASSIGNED_CONTEXT ( ( #770 ) ) GLOBAL_UNIT_ASSIGNED_CONTEXT ( ( #1324, #1313, #791 ) ) REPRESENTATION_CONTEXT ( 'NONE', 'WORKASPACE' ) );
#1954 = VERTEX_POINT ( 'NONE', #1274 ) ;
#1955 = EDGE_CURVE ( 'NONE', #1167, #1763, #480, .T. ) ;
#1956 = PLANE ( 'NONE',  #1166 ) ;
#1957 = VERTEX_POINT ( 'NONE', #1898 ) ;
#1958 = LINE ( 'NONE', #561, #409 ) ;
#1959 = AXIS2_PLACEMENT_3D ( 'NONE', #629, #1091, #1571 ) ;
#1960 = ORIENTED_EDGE ( 'NONE', *, *, #1127, .F. ) ;
#1961 = CARTESIAN_POINT ( 'NONE',  ( 30.58125000000001137, 3.609999999999999876, 103.0218750000000085 ) ) ;
#1962 = CARTESIAN_POINT ( 'NONE',  ( 66.38088549413696171, -0.7013729011916337575, -3.799999999999998046 ) ) ;
#1963 = FACE_OUTER_BOUND ( 'NONE', #1401, .T. ) ;
#1964 = ORIENTED_EDGE ( 'NONE', *, *, #1432, .F. ) ;
#1965 = ORIENTED_EDGE ( 'NONE', *, *, #1092, .T. ) ;
#1966 = LINE ( 'NONE', #1539, #566 ) ;
#1967 = EDGE_CURVE ( 'NONE', #790, #798, #474, .T. ) ;
#1968 = EDGE_CURVE ( 'NONE', #371, #907, #958, .T. ) ;
#1969 = ORIENTED_EDGE ( 'NONE', *, *, #491, .T. ) ;
#1970 = CARTESIAN_POINT ( 'NONE',  ( -4.000000000000017764, -1.489999999999999991, 103.0218750000000227 ) ) ;
#1971 = ORIENTED_EDGE ( 'NONE', *, *, #1911, .F. ) ;
#1972 = CARTESIAN_POINT ( 'NONE',  ( 89.16250000000002274, 1.610000000000000320, -2.919696980116563433E-14 ) ) ;
#1973 = LINE ( 'NONE', #12, #1701 ) ;
#1974 = FACE_OUTER_BOUND ( 'NONE', #794, .T. ) ;
#1975 = CARTESIAN_POINT ( 'NONE',  ( 76.16250000000005116, -4.000000000000000000, 99.02187500000000853 ) ) ;
#1976 = DIRECTION ( 'NONE',  ( -0.7071067811865414665, 0.000000000000000000, 0.7071067811865536790 ) ) ;
#1977 = VECTOR ( 'NONE', #1250, 1000.000000000000000 ) ;
#1978 = ORIENTED_EDGE ( 'NONE', *, *, #750, .F. ) ;
#1979 = CARTESIAN_POINT ( 'NONE',  ( 30.58124999999998650, 3.609999999999999876, -4.000000000000000888 ) ) ;
#1980 = EDGE_CURVE ( 'NONE', #1583, #1791, #1423, .T. ) ;
#1981 = EDGE_LOOP ( 'NONE', ( #1655, #1832 ) ) ;
#1982 = AXIS2_PLACEMENT_3D ( 'NONE', #1826, #1151, #370 ) ;
#1983 = CARTESIAN_POINT ( 'NONE',  ( -4.000000000000017764, 1.610000000000001430, 103.0218750000000227 ) ) ;
#1984 = CARTESIAN_POINT ( 'NONE',  ( -47.01093749999999716, -4.000000000000000000, 47.01093749999984794 ) ) ;
#1985 = EDGE_CURVE ( 'NONE', #1763, #639, #1741, .T. ) ;
#1986 = LINE ( 'NONE', #1465, #942 ) ;
#1987 = ORIENTED_EDGE ( 'NONE', *, *, #193, .T. ) ;
#1988 = VERTEX_POINT ( 'NONE', #818 ) ;
#1989 = CARTESIAN_POINT ( 'NONE',  ( 30.58124999999998650, 1.609999999999999876, -5.000000000000004441 ) ) ;
#1990 = ORIENTED_EDGE ( 'NONE', *, *, #799, .F. ) ;
#1991 = CARTESIAN_POINT ( 'NONE',  ( 89.16250000000002274, -19.28337467769351932, -5.928932188134526271 ) ) ;
#1992 = DIRECTION ( 'NONE',  ( 0.000000000000000000, 1.000000000000000000, -0.000000000000000000 ) ) ;
#1993 = EDGE_CURVE ( 'NONE', #795, #2010, #322, .T. ) ;
#1994 = EDGE_CURVE ( 'NONE', #1560, #877, #1259, .T. ) ;
#1995 = DIRECTION ( 'NONE',  ( -0.000000000000000000, 1.000000000000000000, -0.000000000000000000 ) ) ;
#1996 = DIRECTION ( 'NONE',  ( 0.000000000000000000, 0.000000000000000000, -1.000000000000000000 ) ) ;
#1997 = ORIENTED_EDGE ( 'NONE', *, *, #679, .T. ) ;
#1998 = EDGE_LOOP ( 'NONE', ( #1714, #300, #1374 ) ) ;
#1999 = EDGE_LOOP ( 'NONE', ( #992, #268, #1743, #460 ) ) ;
#2000 = CARTESIAN_POINT ( 'NONE',  ( 1.528600923241418042E-14, -4.000000000000000000, 107.0218750000000369 ) ) ;
#2001 = ORIENTED_EDGE ( 'NONE', *, *, #1759, .T. ) ;
#2002 = CARTESIAN_POINT ( 'NONE',  ( 85.16250000000003695, -9.497697042508548293, 105.9218750000000284 ) ) ;
#2003 = FACE_BOUND ( 'NONE', #260, .T. ) ;
#2004 = EDGE_CURVE ( 'NONE', #890, #1100, #734, .T. ) ;
#2005 = EDGE_LOOP ( 'NONE', ( #1564, #1702, #275, #44 ) ) ;
#2006 = CARTESIAN_POINT ( 'NONE',  ( 85.16250000000002274, 1.610000000000001430, -4.000000000000010658 ) ) ;
#2007 = ORIENTED_EDGE ( 'NONE', *, *, #359, .T. ) ;
#2008 = DIRECTION ( 'NONE',  ( 0.000000000000000000, 0.000000000000000000, -1.000000000000000000 ) ) ;
#2009 = VECTOR ( 'NONE', #179, 1000.000000000000000 ) ;
#2010 = VERTEX_POINT ( 'NONE', #949 ) ;
ENDSEC;
END-ISO-10303-21;
