ISO-10303-21;
HEADER;
FILE_DESCRIPTION (( 'STEP AP214' ),
    '1' );
FILE_NAME ('Lucky15_Bottom.STEP',
    '2026-08-24T04:22:20',
    ( '' ),
    ( '' ),
    'SwSTEP 2.0',
    'SolidWorks 2026',
    '' );
FILE_SCHEMA (( 'AUTOMOTIVE_DESIGN' ));
ENDSEC;

DATA;
#1 = EDGE_CURVE ( 'NONE', #1006, #168, #149, .T. ) ;
#2 = ORIENTED_EDGE ( 'NONE', *, *, #1204, .T. ) ;
#3 = DIRECTION ( 'NONE',  ( -1.000000000000000000, -0.000000000000000000, 1.323940046656717123E-16 ) ) ;
#4 = EDGE_LOOP ( 'NONE', ( #81, #1246 ) ) ;
#5 = AXIS2_PLACEMENT_3D ( 'NONE', #867, #618, #1716 ) ;
#6 = CARTESIAN_POINT ( 'NONE',  ( -2.999999999999993339, -4.000000000000000000, 102.0218750000000227 ) ) ;
#7 = CARTESIAN_POINT ( 'NONE',  ( -4.000000000000017764, 1.510000000000000009, -5.700000000000000178 ) ) ;
#8 = CARTESIAN_POINT ( 'NONE',  ( -5.204170427930421283E-15, -4.000000000000000000, -1.112753158059952524E-17 ) ) ;
#9 = EDGE_CURVE ( 'NONE', #1062, #1735, #577, .T. ) ;
#10 = VECTOR ( 'NONE', #767, 1000.000000000000000 ) ;
#11 = EDGE_LOOP ( 'NONE', ( #593, #1468, #154, #494 ) ) ;
#12 = ORIENTED_EDGE ( 'NONE', *, *, #1, .T. ) ;
#13 = CARTESIAN_POINT ( 'NONE',  ( 5.000000000000051514, -4.000000000000000000, 1.301042606982605321E-15 ) ) ;
#14 = FACE_OUTER_BOUND ( 'NONE', #1030, .T. ) ;
#15 = VECTOR ( 'NONE', #946, 1000.000000000000000 ) ;
#16 = DIRECTION ( 'NONE',  ( 0.000000000000000000, -1.000000000000000000, 0.000000000000000000 ) ) ;
#17 = DIRECTION ( 'NONE',  ( 1.000000000000000000, -0.000000000000000000, 0.000000000000000000 ) ) ;
#18 = ADVANCED_FACE ( 'NONE', ( #1391 ), #308, .T. ) ;
#19 = DIRECTION ( 'NONE',  ( 0.7071067811865464625, 0.000000000000000000, 0.7071067811865486830 ) ) ;
#20 = EDGE_LOOP ( 'NONE', ( #1622, #185, #842, #597, #528, #1697, #447, #1656 ) ) ;
#21 = DIRECTION ( 'NONE',  ( -1.000000000000000000, 0.000000000000000000, 1.249768617711323703E-16 ) ) ;
#22 = CIRCLE ( 'NONE', #249, 2.899999999999999911 ) ;
#23 = CARTESIAN_POINT ( 'NONE',  ( 30.58124999999998650, 3.510000000000000231, -3.000000000000011546 ) ) ;
#24 = EDGE_CURVE ( 'NONE', #1164, #1533, #1112, .T. ) ;
#25 = AXIS2_PLACEMENT_3D ( 'NONE', #1458, #1172, #325 ) ;
#26 = EDGE_LOOP ( 'NONE', ( #442, #1669, #150, #938 ) ) ;
#27 = PLANE ( 'NONE',  #53 ) ;
#28 = DIRECTION ( 'NONE',  ( 0.000000000000000000, -0.000000000000000000, -1.000000000000000000 ) ) ;
#29 = ORIENTED_EDGE ( 'NONE', *, *, #1390, .F. ) ;
#30 = DIRECTION ( 'NONE',  ( 0.000000000000000000, 0.000000000000000000, -1.000000000000000000 ) ) ;
#31 = LINE ( 'NONE', #456, #1094 ) ;
#32 = VECTOR ( 'NONE', #1338, 1000.000000000000000 ) ;
#33 = ORIENTED_EDGE ( 'NONE', *, *, #1619, .T. ) ;
#34 = CARTESIAN_POINT ( 'NONE',  ( -8.000000000000005329, -4.000000000000000000, -2.999999999999988898 ) ) ;
#35 = VECTOR ( 'NONE', #724, 1000.000000000000000 ) ;
#36 = DIRECTION ( 'NONE',  ( 0.000000000000000000, 1.000000000000000000, 0.000000000000000000 ) ) ;
#37 = LINE ( 'NONE', #1532, #957 ) ;
#38 = CARTESIAN_POINT ( 'NONE',  ( 85.16250000000003695, 1.510000000000000009, 101.3218750000000341 ) ) ;
#39 = ORIENTED_EDGE ( 'NONE', *, *, #169, .T. ) ;
#40 = CARTESIAN_POINT ( 'NONE',  ( -4.000000000000017764, 1.510000000000000009, -4.000000000000000000 ) ) ;
#41 = VERTEX_POINT ( 'NONE', #1144 ) ;
#42 = ADVANCED_FACE ( 'NONE', ( #1403 ), #1546, .T. ) ;
#43 = CARTESIAN_POINT ( 'NONE',  ( 180.8912826958707285, -4.000000000000000000, -2.396004885679705148E-14 ) ) ;
#44 = ORIENTED_EDGE ( 'NONE', *, *, #1346, .F. ) ;
#45 = LINE ( 'NONE', #912, #741 ) ;
#46 = DIRECTION ( 'NONE',  ( 0.000000000000000000, 1.000000000000000000, -0.000000000000000000 ) ) ;
#47 = CARTESIAN_POINT ( 'NONE',  ( -4.000000000000017764, -18.96089785429633423, -1.100000000000000311 ) ) ;
#48 = EDGE_CURVE ( 'NONE', #1271, #1738, #1415, .T. ) ;
#49 = DIRECTION ( 'NONE',  ( 0.000000000000000000, 1.000000000000000000, -0.000000000000000000 ) ) ;
#50 = CARTESIAN_POINT ( 'NONE',  ( 89.16250000000002274, 1.510000000000000009, -3.000000000000000444 ) ) ;
#51 = ORIENTED_EDGE ( 'NONE', *, *, #1288, .T. ) ;
#52 = EDGE_CURVE ( 'NONE', #1751, #277, #1683, .T. ) ;
#53 = AXIS2_PLACEMENT_3D ( 'NONE', #443, #1021, #599 ) ;
#54 = CARTESIAN_POINT ( 'NONE',  ( 85.16250000000003695, -9.597697042508531950, 105.9218750000000284 ) ) ;
#55 = DIRECTION ( 'NONE',  ( -1.000000000000000000, 0.000000000000000000, 1.249768617711323703E-16 ) ) ;
#56 = CARTESIAN_POINT ( 'NONE',  ( 50.58125000000001847, 3.510000000000000231, -3.000000000000013767 ) ) ;
#57 = CARTESIAN_POINT ( 'NONE',  ( 30.58124999999998650, 3.510000000000000231, -5.000000000000004441 ) ) ;
#58 = EDGE_CURVE ( 'NONE', #797, #1735, #718, .T. ) ;
#59 = LINE ( 'NONE', #907, #336 ) ;
#60 = SHAPE_DEFINITION_REPRESENTATION ( #1095, #376 ) ;
#61 = ORIENTED_EDGE ( 'NONE', *, *, #935, .F. ) ;
#62 = VECTOR ( 'NONE', #172, 1000.000000000000000 ) ;
#63 = CARTESIAN_POINT ( 'NONE',  ( -2.999999999999992450, 1.510000000000000009, 107.0218750000000369 ) ) ;
#64 = CARTESIAN_POINT ( 'NONE',  ( 85.16250000000002274, -19.56456963262515814, -4.000000000000010658 ) ) ;
#65 = DIRECTION ( 'NONE',  ( 0.000000000000000000, 0.000000000000000000, 1.000000000000000000 ) ) ;
#66 = PLANE ( 'NONE',  #1397 ) ;
#67 = FACE_OUTER_BOUND ( 'NONE', #11, .T. ) ;
#68 = DIRECTION ( 'NONE',  ( 1.000000000000000000, 0.000000000000000000, 0.000000000000000000 ) ) ;
#69 = ORIENTED_EDGE ( 'NONE', *, *, #285, .F. ) ;
#70 = AXIS2_PLACEMENT_3D ( 'NONE', #532, #648, #541 ) ;
#71 = DIRECTION ( 'NONE',  ( 0.000000000000000000, 0.000000000000000000, 1.000000000000000000 ) ) ;
#72 = EDGE_CURVE ( 'NONE', #1607, #1511, #31, .T. ) ;
#73 = DIRECTION ( 'NONE',  ( 0.000000000000000000, -0.000000000000000000, -1.000000000000000000 ) ) ;
#74 = EDGE_LOOP ( 'NONE', ( #490, #1769 ) ) ;
#75 = LINE ( 'NONE', #903, #10 ) ;
#76 = CARTESIAN_POINT ( 'NONE',  ( 1.528600923241418042E-14, 1.510000000000000009, 107.0218750000000369 ) ) ;
#77 = EDGE_CURVE ( 'NONE', #1497, #1488, #306, .T. ) ;
#78 = DIRECTION ( 'NONE',  ( 0.000000000000000000, 0.000000000000000000, 1.000000000000000000 ) ) ;
#79 = EDGE_CURVE ( 'NONE', #1751, #989, #191, .T. ) ;
#80 =( NAMED_UNIT ( * ) SI_UNIT ( $, .STERADIAN. ) SOLID_ANGLE_UNIT ( ) );
#81 = ORIENTED_EDGE ( 'NONE', *, *, #179, .F. ) ;
#82 = VECTOR ( 'NONE', #709, 1000.000000000000000 ) ;
#83 = VECTOR ( 'NONE', #144, 1000.000000000000000 ) ;
#84 = ADVANCED_FACE ( 'NONE', ( #769 ), #66, .T. ) ;
#85 = CARTESIAN_POINT ( 'NONE',  ( 87.59218750000022169, -4.000000000000000000, 87.59218749999976694 ) ) ;
#86 = DIRECTION ( 'NONE',  ( 0.000000000000000000, 0.000000000000000000, -1.000000000000000000 ) ) ;
#87 = CARTESIAN_POINT ( 'NONE',  ( 50.58125000000001847, 1.510000000000000009, 103.0218750000000085 ) ) ;
#88 = EDGE_LOOP ( 'NONE', ( #1290, #1368, #1303, #1046 ) ) ;
#89 = DIRECTION ( 'NONE',  ( -0.000000000000000000, -1.000000000000000000, -0.000000000000000000 ) ) ;
#90 = CARTESIAN_POINT ( 'NONE',  ( -4.000000000000017764, -1.489999999999999991, 103.0218750000000227 ) ) ;
#91 = EDGE_LOOP ( 'NONE', ( #1382, #1054, #1706, #1337 ) ) ;
#92 = AXIS2_PLACEMENT_3D ( 'NONE', #763, #1319, #452 ) ;
#93 = CARTESIAN_POINT ( 'NONE',  ( 89.16250000000003695, -19.56456963262516169, -8.000000000000000000 ) ) ;
#94 = VECTOR ( 'NONE', #280, 1000.000000000000000 ) ;
#95 = LINE ( 'NONE', #263, #540 ) ;
#96 = LINE ( 'NONE', #651, #1048 ) ;
#97 = ADVANCED_FACE ( 'NONE', ( #1171, #603 ), #1711, .F. ) ;
#98 = DIRECTION ( 'NONE',  ( -1.000000000000000000, 0.000000000000000000, -0.000000000000000000 ) ) ;
#99 = ORIENTED_EDGE ( 'NONE', *, *, #310, .T. ) ;
#100 = VERTEX_POINT ( 'NONE', #182 ) ;
#101 = EDGE_CURVE ( 'NONE', #723, #964, #1586, .T. ) ;
#102 = CARTESIAN_POINT ( 'NONE',  ( -4.000000000000017764, -1.489999999999999991, 101.3218750000000199 ) ) ;
#103 = EDGE_CURVE ( 'NONE', #1751, #953, #1448, .T. ) ;
#104 = CARTESIAN_POINT ( 'NONE',  ( -8.000000000000005329, -18.72136203492316753, 1.637906943820279349 ) ) ;
#105 = DIRECTION ( 'NONE',  ( 0.000000000000000000, 1.000000000000000000, -0.000000000000000000 ) ) ;
#106 = DIRECTION ( 'NONE',  ( -1.000000000000000000, 0.000000000000000000, 1.206534653326982810E-16 ) ) ;
#107 = ORIENTED_EDGE ( 'NONE', *, *, #223, .T. ) ;
#108 = VERTEX_POINT ( 'NONE', #485 ) ;
#109 = EDGE_CURVE ( 'NONE', #350, #1473, #1036, .T. ) ;
#110 = CARTESIAN_POINT ( 'NONE',  ( 38.08124999999930083, -4.000000000000000000, -38.08124999999996874 ) ) ;
#111 = ADVANCED_FACE ( 'NONE', ( #1457 ), #464, .T. ) ;
#112 = VECTOR ( 'NONE', #365, 1000.000000000000000 ) ;
#113 = ORIENTED_EDGE ( 'NONE', *, *, #935, .T. ) ;
#114 = CARTESIAN_POINT ( 'NONE',  ( 85.16250000000002274, -1.489999999999999991, -2.300000000000011369 ) ) ;
#115 = ORIENTED_EDGE ( 'NONE', *, *, #1390, .T. ) ;
#116 = FACE_OUTER_BOUND ( 'NONE', #917, .T. ) ;
#117 = CARTESIAN_POINT ( 'NONE',  ( 89.16250000000002274, -4.000000000000000000, -1.075776460272671336E-14 ) ) ;
#118 = ORIENTED_EDGE ( 'NONE', *, *, #1332, .T. ) ;
#119 = VERTEX_POINT ( 'NONE', #495 ) ;
#120 = VECTOR ( 'NONE', #1736, 1000.000000000000000 ) ;
#121 = DIRECTION ( 'NONE',  ( 0.000000000000000000, 0.000000000000000000, 1.000000000000000000 ) ) ;
#122 = VECTOR ( 'NONE', #364, 1000.000000000000000 ) ;
#123 = CARTESIAN_POINT ( 'NONE',  ( 87.09143218813453302, -19.56456963262516169, -7.999999999999998224 ) ) ;
#124 = CARTESIAN_POINT ( 'NONE',  ( -4.000000000000017764, -19.56456963262515814, -6.899999999999999467 ) ) ;
#125 = ORIENTED_EDGE ( 'NONE', *, *, #334, .F. ) ;
#126 = ORIENTED_EDGE ( 'NONE', *, *, #921, .T. ) ;
#127 = DIRECTION ( 'NONE',  ( -0.000000000000000000, 0.000000000000000000, 1.000000000000000000 ) ) ;
#128 = DIRECTION ( 'NONE',  ( 0.7071067811865464625, 0.000000000000000000, 0.7071067811865486830 ) ) ;
#129 = CARTESIAN_POINT ( 'NONE',  ( 0.000000000000000000, 0.000000000000000000, 0.000000000000000000 ) ) ;
#130 = CIRCLE ( 'NONE', #1314, 1.699999999999999289 ) ;
#131 =( NAMED_UNIT ( * ) PLANE_ANGLE_UNIT ( ) SI_UNIT ( $, .RADIAN. ) );
#132 = ORIENTED_EDGE ( 'NONE', *, *, #231, .T. ) ;
#133 = ADVANCED_FACE ( 'NONE', ( #760, #1574, #214, #1026, #333, #1563, #1316, #883 ), #915, .T. ) ;
#134 = CARTESIAN_POINT ( 'NONE',  ( 85.16250000000002274, 1.510000000000000009, -4.000000000000010658 ) ) ;
#135 = CARTESIAN_POINT ( 'NONE',  ( 76.16249999999992326, -4.000000000000000000, -4.221329609518096287E-15 ) ) ;
#136 = CARTESIAN_POINT ( 'NONE',  ( -4.000000000000017764, -19.56456963262515814, 100.1218750000000313 ) ) ;
#137 = VECTOR ( 'NONE', #850, 1000.000000000000000 ) ;
#138 = PLANE ( 'NONE',  #1715 ) ;
#139 = ORIENTED_EDGE ( 'NONE', *, *, #563, .T. ) ;
#140 = AXIS2_PLACEMENT_3D ( 'NONE', #40, #165, #317 ) ;
#141 = DIRECTION ( 'NONE',  ( 0.000000000000000000, -1.000000000000000000, 0.000000000000000000 ) ) ;
#142 = CARTESIAN_POINT ( 'NONE',  ( 50.58125000000001847, 3.510000000000000231, 102.0218750000000227 ) ) ;
#143 = LINE ( 'NONE', #307, #82 ) ;
#144 = DIRECTION ( 'NONE',  ( 0.000000000000000000, -1.000000000000000000, 0.000000000000000000 ) ) ;
#145 = ADVANCED_FACE ( 'NONE', ( #1184 ), #1050, .F. ) ;
#146 = DIRECTION ( 'NONE',  ( 0.000000000000000000, 1.000000000000000000, 0.000000000000000000 ) ) ;
#147 = AXIS2_PLACEMENT_3D ( 'NONE', #652, #1750, #955 ) ;
#148 = DIRECTION ( 'NONE',  ( 0.000000000000000000, 0.000000000000000000, -1.000000000000000000 ) ) ;
#149 = LINE ( 'NONE', #1522, #1236 ) ;
#150 = ORIENTED_EDGE ( 'NONE', *, *, #1369, .F. ) ;
#151 = DIRECTION ( 'NONE',  ( 0.000000000000000000, 0.000000000000000000, 1.000000000000000000 ) ) ;
#152 = ORIENTED_EDGE ( 'NONE', *, *, #427, .F. ) ;
#153 = CYLINDRICAL_SURFACE ( 'NONE', #1417, 5.000000000000000000 ) ;
#154 = ORIENTED_EDGE ( 'NONE', *, *, #1640, .F. ) ;
#155 = CARTESIAN_POINT ( 'NONE',  ( 79.36250000000003979, -10.10513129095885176, 100.1218750000000597 ) ) ;
#156 = CARTESIAN_POINT ( 'NONE',  ( 180.8912826958707285, -7.189909308207336203, 99.02187500000000853 ) ) ;
#157 = CARTESIAN_POINT ( 'NONE',  ( 0.000000000000000000, -4.000000000000000000, 0.000000000000000000 ) ) ;
#158 = CARTESIAN_POINT ( 'NONE',  ( -4.000000000000017764, -19.56456963262515814, 105.9218750000000284 ) ) ;
#159 = ORIENTED_EDGE ( 'NONE', *, *, #294, .T. ) ;
#160 = VECTOR ( 'NONE', #729, 1000.000000000000000 ) ;
#161 = FACE_OUTER_BOUND ( 'NONE', #561, .T. ) ;
#162 = ORIENTED_EDGE ( 'NONE', *, *, #717, .F. ) ;
#163 = CARTESIAN_POINT ( 'NONE',  ( 85.16250000000003695, -10.10513129095885176, 100.1218750000000313 ) ) ;
#164 = ORIENTED_EDGE ( 'NONE', *, *, #611, .F. ) ;
#165 = DIRECTION ( 'NONE',  ( 0.000000000000000000, -1.000000000000000000, 0.000000000000000000 ) ) ;
#166 = VECTOR ( 'NONE', #1070, 1000.000000000000000 ) ;
#167 = LINE ( 'NONE', #1310, #1685 ) ;
#168 = VERTEX_POINT ( 'NONE', #905 ) ;
#169 = EDGE_CURVE ( 'NONE', #1003, #1084, #1292, .T. ) ;
#170 = LINE ( 'NONE', #609, #1493 ) ;
#171 = ORIENTED_EDGE ( 'NONE', *, *, #589, .T. ) ;
#172 = DIRECTION ( 'NONE',  ( -0.000000000000000000, -1.000000000000000000, -0.000000000000000000 ) ) ;
#173 = AXIS2_PLACEMENT_3D ( 'NONE', #1348, #1634, #790 ) ;
#174 = DIRECTION ( 'NONE',  ( 0.000000000000000000, 1.000000000000000000, -0.000000000000000000 ) ) ;
#175 = DIRECTION ( 'NONE',  ( 0.000000000000000000, 0.000000000000000000, -1.000000000000000000 ) ) ;
#176 = ORIENTED_EDGE ( 'NONE', *, *, #711, .T. ) ;
#177 = LINE ( 'NONE', #187, #1227 ) ;
#178 = ORIENTED_EDGE ( 'NONE', *, *, #1670, .T. ) ;
#179 = EDGE_CURVE ( 'NONE', #1203, #987, #990, .T. ) ;
#180 = DIRECTION ( 'NONE',  ( 0.000000000000000000, 1.000000000000000000, -0.000000000000000000 ) ) ;
#181 = ORIENTED_EDGE ( 'NONE', *, *, #696, .F. ) ;
#182 = CARTESIAN_POINT ( 'NONE',  ( 85.16250000000002274, -18.96089785429633423, -1.100000000000010747 ) ) ;
#183 = FACE_OUTER_BOUND ( 'NONE', #352, .T. ) ;
#184 = CIRCLE ( 'NONE', #882, 1.700000000000000178 ) ;
#185 = ORIENTED_EDGE ( 'NONE', *, *, #236, .T. ) ;
#186 = ORIENTED_EDGE ( 'NONE', *, *, #429, .F. ) ;
#187 = CARTESIAN_POINT ( 'NONE',  ( 180.8912826958707285, -4.000000000000000000, -1.536922825999620261E-14 ) ) ;
#188 = CARTESIAN_POINT ( 'NONE',  ( 85.16250000000002274, -19.46833210274665760, -6.900000000000010125 ) ) ;
#189 = DIRECTION ( 'NONE',  ( 0.000000000000000000, 0.000000000000000000, -1.000000000000000000 ) ) ;
#190 = ORIENTED_EDGE ( 'NONE', *, *, #292, .T. ) ;
#191 = LINE ( 'NONE', #1307, #1548 ) ;
#192 = CARTESIAN_POINT ( 'NONE',  ( 5.000000000000056843, -4.000000000000000000, 3.742021086448839110E-15 ) ) ;
#193 = VECTOR ( 'NONE', #1633, 1000.000000000000000 ) ;
#194 = EDGE_LOOP ( 'NONE', ( #1282, #747, #1561, #1260 ) ) ;
#195 = ADVANCED_FACE ( 'NONE', ( #1190 ), #612, .F. ) ;
#196 = CARTESIAN_POINT ( 'NONE',  ( 84.16250000000000853, -19.56456963262516169, -8.000000000000000000 ) ) ;
#197 = ORIENTED_EDGE ( 'NONE', *, *, #1601, .T. ) ;
#198 = EDGE_CURVE ( 'NONE', #1609, #989, #1626, .T. ) ;
#199 = ADVANCED_FACE ( 'NONE', ( #116 ), #1216, .F. ) ;
#200 = DIRECTION ( 'NONE',  ( 0.000000000000000000, 1.000000000000000000, 0.000000000000000000 ) ) ;
#201 = LINE ( 'NONE', #759, #1699 ) ;
#202 = CARTESIAN_POINT ( 'NONE',  ( 30.58125000000001137, 3.510000000000000231, 103.0218750000000085 ) ) ;
#203 = CARTESIAN_POINT ( 'NONE',  ( 89.16250000000005116, -9.938902830259610965, 102.0218750000000085 ) ) ;
#204 = EDGE_LOOP ( 'NONE', ( #1637, #656, #1446 ) ) ;
#205 = ORIENTED_EDGE ( 'NONE', *, *, #1075, .F. ) ;
#206 = VECTOR ( 'NONE', #1221, 1000.000000000000000 ) ;
#207 = EDGE_CURVE ( 'NONE', #896, #1760, #1466, .T. ) ;
#208 = CARTESIAN_POINT ( 'NONE',  ( 84.16250000000000853, 1.510000000000000009, -8.000000000000000000 ) ) ;
#209 = EDGE_LOOP ( 'NONE', ( #1708, #1648, #238, #1012, #287, #2, #606, #1520 ) ) ;
#210 = DIRECTION ( 'NONE',  ( 0.000000000000000000, 0.000000000000000000, 1.000000000000000000 ) ) ;
#211 = ORIENTED_EDGE ( 'NONE', *, *, #1487, .F. ) ;
#212 = CARTESIAN_POINT ( 'NONE',  ( 30.58124999999998650, 1.510000000000000009, 104.0218750000000085 ) ) ;
#213 = EDGE_LOOP ( 'NONE', ( #458, #1690 ) ) ;
#214 = FACE_BOUND ( 'NONE', #686, .T. ) ;
#215 = CARTESIAN_POINT ( 'NONE',  ( 85.16250000000002274, -1.489999999999999991, -1.100000000000010747 ) ) ;
#216 = ORIENTED_EDGE ( 'NONE', *, *, #1075, .T. ) ;
#217 = ORIENTED_EDGE ( 'NONE', *, *, #1008, .F. ) ;
#218 = CIRCLE ( 'NONE', #455, 1.000000000000000888 ) ;
#219 = FACE_OUTER_BOUND ( 'NONE', #91, .T. ) ;
#220 = ORIENTED_EDGE ( 'NONE', *, *, #921, .F. ) ;
#221 = DIRECTION ( 'NONE',  ( 0.000000000000000000, 0.000000000000000000, -1.000000000000000000 ) ) ;
#222 = EDGE_LOOP ( 'NONE', ( #1124, #880 ) ) ;
#223 = EDGE_CURVE ( 'NONE', #650, #1211, #1749, .T. ) ;
#224 = ORIENTED_EDGE ( 'NONE', *, *, #294, .F. ) ;
#225 = DIRECTION ( 'NONE',  ( 0.000000000000000000, 1.000000000000000000, -0.000000000000000000 ) ) ;
#226 = LINE ( 'NONE', #916, #1120 ) ;
#227 = CARTESIAN_POINT ( 'NONE',  ( 0.000000000000000000, 0.000000000000000000, 0.000000000000000000 ) ) ;
#228 = ORIENTED_EDGE ( 'NONE', *, *, #838, .T. ) ;
#229 = VERTEX_POINT ( 'NONE', #675 ) ;
#230 = VECTOR ( 'NONE', #1187, 1000.000000000000000 ) ;
#231 = EDGE_CURVE ( 'NONE', #987, #871, #1396, .T. ) ;
#232 = CARTESIAN_POINT ( 'NONE',  ( 85.16250000000002274, -1.489999999999999991, -5.700000000000009948 ) ) ;
#233 = VECTOR ( 'NONE', #503, 1000.000000000000000 ) ;
#234 = ORIENTED_EDGE ( 'NONE', *, *, #273, .T. ) ;
#235 = CARTESIAN_POINT ( 'NONE',  ( -7.999999999999991118, -9.938902830259610965, 102.0218750000000227 ) ) ;
#236 = EDGE_CURVE ( 'NONE', #347, #1473, #1131, .T. ) ;
#237 = VERTEX_POINT ( 'NONE', #1772 ) ;
#238 = ORIENTED_EDGE ( 'NONE', *, *, #1145, .F. ) ;
#239 = LINE ( 'NONE', #388, #1503 ) ;
#240 = EDGE_CURVE ( 'NONE', #658, #1511, #1217, .T. ) ;
#241 = CYLINDRICAL_SURFACE ( 'NONE', #484, 1.699999999999993072 ) ;
#242 = ORIENTED_EDGE ( 'NONE', *, *, #450, .F. ) ;
#243 = CARTESIAN_POINT ( 'NONE',  ( 50.58125000000003268, 3.510000000000000231, 104.0218750000000085 ) ) ;
#244 = ORIENTED_EDGE ( 'NONE', *, *, #1363, .F. ) ;
#245 = CARTESIAN_POINT ( 'NONE',  ( 85.16250000000003695, -1.489999999999999991, 101.3218750000000341 ) ) ;
#246 = DIRECTION ( 'NONE',  ( -1.000000000000000000, -0.000000000000000000, 1.301042606982603349E-16 ) ) ;
#247 = CARTESIAN_POINT ( 'NONE',  ( 85.16250000000002274, -18.96089785429633423, -1.100000000000010747 ) ) ;
#248 = ORIENTED_EDGE ( 'NONE', *, *, #109, .T. ) ;
#249 = AXIS2_PLACEMENT_3D ( 'NONE', #585, #1244, #1136 ) ;
#250 = CARTESIAN_POINT ( 'NONE',  ( 0.000000000000000000, 0.000000000000000000, 5.000000000000000888 ) ) ;
#251 = CIRCLE ( 'NONE', #800, 1.700000000000007061 ) ;
#252 = EDGE_LOOP ( 'NONE', ( #535, #1129, #944, #1324 ) ) ;
#253 = DIRECTION ( 'NONE',  ( -0.7071067811865486830, 0.000000000000000000, 0.7071067811865464625 ) ) ;
#254 =( BOUNDED_CURVE ( )  B_SPLINE_CURVE ( 3, ( #247, #1759, #1210, #669 ),
 .UNSPECIFIED., .F., .T. ) 
 B_SPLINE_CURVE_WITH_KNOTS ( ( 4, 4 ),
 ( 1.323940046656717370E-16, 3.141592653589793116 ),
 .UNSPECIFIED. ) 
 CURVE ( )  GEOMETRIC_REPRESENTATION_ITEM ( )  RATIONAL_B_SPLINE_CURVE ( ( 1.000000000000000000, 0.3333333333333333703, 0.3333333333333333703, 1.000000000000000000 ) ) 
 REPRESENTATION_ITEM ( '' )  );
#255 = CARTESIAN_POINT ( 'NONE',  ( 0.000000000000000000, 0.000000000000000000, 0.000000000000000000 ) ) ;
#256 = CARTESIAN_POINT ( 'NONE',  ( 30.58125000000001137, 3.510000000000000231, 102.0218750000000227 ) ) ;
#257 = ORIENTED_EDGE ( 'NONE', *, *, #279, .T. ) ;
#258 = ORIENTED_EDGE ( 'NONE', *, *, #403, .T. ) ;
#259 = VECTOR ( 'NONE', #1696, 1000.000000000000000 ) ;
#260 = CARTESIAN_POINT ( 'NONE',  ( 81.16250000000002274, 0.000000000000000000, 99.02187500000000853 ) ) ;
#261 = AXIS2_PLACEMENT_3D ( 'NONE', #926, #1373, #1500 ) ;
#262 = ORIENTED_EDGE ( 'NONE', *, *, #1667, .F. ) ;
#263 = CARTESIAN_POINT ( 'NONE',  ( 2.500000000000000000, 0.000000000000000000, 2.500000000000026201 ) ) ;
#264 = VECTOR ( 'NONE', #559, 1000.000000000000000 ) ;
#265 = EDGE_CURVE ( 'NONE', #617, #327, #1101, .T. ) ;
#266 = ADVANCED_FACE ( 'NONE', ( #267 ), #1223, .F. ) ;
#267 = FACE_OUTER_BOUND ( 'NONE', #877, .T. ) ;
#268 = FACE_OUTER_BOUND ( 'NONE', #414, .T. ) ;
#269 = ORIENTED_EDGE ( 'NONE', *, *, #207, .F. ) ;
#270 = ADVANCED_FACE ( 'NONE', ( #534 ), #1208, .T. ) ;
#271 = LINE ( 'NONE', #50, #721 ) ;
#272 = EDGE_CURVE ( 'NONE', #692, #896, #1590, .T. ) ;
#273 = EDGE_CURVE ( 'NONE', #953, #1767, #1200, .T. ) ;
#274 = CARTESIAN_POINT ( 'NONE',  ( -4.000000000000017764, -1.489999999999999991, 100.1218750000000313 ) ) ;
#275 = DIRECTION ( 'NONE',  ( 0.000000000000000000, 0.000000000000000000, -1.000000000000000000 ) ) ;
#276 = DIRECTION ( 'NONE',  ( 0.000000000000000000, 1.000000000000000000, -0.000000000000000000 ) ) ;
#277 = VERTEX_POINT ( 'NONE', #1086 ) ;
#278 = FACE_OUTER_BOUND ( 'NONE', #1174, .T. ) ;
#279 = EDGE_CURVE ( 'NONE', #756, #1567, #96, .T. ) ;
#280 = DIRECTION ( 'NONE',  ( 1.305045570116457400E-16, 0.08715574274765169882, 0.9961946980917461003 ) ) ;
#281 = VECTOR ( 'NONE', #722, 1000.000000000000000 ) ;
#282 = DIRECTION ( 'NONE',  ( -1.000000000000000000, -0.000000000000000000, 1.323940046656717123E-16 ) ) ;
#283 = ORIENTED_EDGE ( 'NONE', *, *, #897, .T. ) ;
#284 = ORIENTED_EDGE ( 'NONE', *, *, #1253, .T. ) ;
#285 = EDGE_CURVE ( 'NONE', #855, #1623, #395, .T. ) ;
#286 = DIRECTION ( 'NONE',  ( 0.000000000000000000, 1.000000000000000000, -0.000000000000000000 ) ) ;
#287 = ORIENTED_EDGE ( 'NONE', *, *, #1545, .F. ) ;
#288 = DIRECTION ( 'NONE',  ( 2.465190328815661892E-32, 1.000000000000000000, -3.263764198949895232E-48 ) ) ;
#289 = ORIENTED_EDGE ( 'NONE', *, *, #897, .F. ) ;
#290 = FACE_OUTER_BOUND ( 'NONE', #304, .T. ) ;
#291 = AXIS2_PLACEMENT_3D ( 'NONE', #463, #1291, #1703 ) ;
#292 = EDGE_CURVE ( 'NONE', #919, #949, #1079, .T. ) ;
#293 = ORIENTED_EDGE ( 'NONE', *, *, #372, .T. ) ;
#294 = EDGE_CURVE ( 'NONE', #1230, #1760, #1613, .T. ) ;
#295 = CARTESIAN_POINT ( 'NONE',  ( -7.999999999999991118, -9.938902830259610965, 102.0218750000000227 ) ) ;
#296 = CARTESIAN_POINT ( 'NONE',  ( 5.000000000000051514, 0.000000000000000000, 0.000000000000000000 ) ) ;
#297 = FACE_OUTER_BOUND ( 'NONE', #1585, .T. ) ;
#298 = VECTOR ( 'NONE', #1198, 1000.000000000000000 ) ;
#299 = ORIENTED_EDGE ( 'NONE', *, *, #704, .F. ) ;
#300 = CARTESIAN_POINT ( 'NONE',  ( 81.16250000000002274, 1.510000000000000009, 0.000000000000000000 ) ) ;
#301 = FACE_OUTER_BOUND ( 'NONE', #728, .T. ) ;
#302 = ORIENTED_EDGE ( 'NONE', *, *, #1128, .T. ) ;
#303 = DIRECTION ( 'NONE',  ( -1.428306991670084091E-16, 0.000000000000000000, -1.000000000000000000 ) ) ;
#304 = EDGE_LOOP ( 'NONE', ( #328, #1422, #983, #1224 ) ) ;
#305 = VECTOR ( 'NONE', #421, 1000.000000000000000 ) ;
#306 = CIRCLE ( 'NONE', #1322, 5.000000000000000000 ) ;
#307 = CARTESIAN_POINT ( 'NONE',  ( 50.58125000000001847, 3.510000000000000231, 102.0218750000000227 ) ) ;
#308 = PLANE ( 'NONE',  #770 ) ;
#309 = FACE_OUTER_BOUND ( 'NONE', #1320, .T. ) ;
#310 = EDGE_CURVE ( 'NONE', #1084, #1349, #239, .T. ) ;
#311 = CARTESIAN_POINT ( 'NONE',  ( 3.556491603289280224E-15, -4.000000000000000000, 94.02187500000000853 ) ) ;
#312 = CIRCLE ( 'NONE', #640, 1.699999999999993072 ) ;
#313 = CARTESIAN_POINT ( 'NONE',  ( 180.8912826958707285, -4.000000000000000000, -2.396004885679705148E-14 ) ) ;
#314 = CARTESIAN_POINT ( 'NONE',  ( -4.000000000000017764, -1.489999999999999991, 103.0218750000000227 ) ) ;
#315 = DIRECTION ( 'NONE',  ( 1.000000000000000000, -0.000000000000000000, 0.000000000000000000 ) ) ;
#316 = ORIENTED_EDGE ( 'NONE', *, *, #860, .T. ) ;
#317 = DIRECTION ( 'NONE',  ( 0.000000000000000000, 0.000000000000000000, -1.000000000000000000 ) ) ;
#318 = CIRCLE ( 'NONE', #383, 1.000000000000000888 ) ;
#319 = EDGE_CURVE ( 'NONE', #550, #237, #1051, .T. ) ;
#320 = CARTESIAN_POINT ( 'NONE',  ( -4.000000000000017764, 1.510000000000000009, 104.7218750000000398 ) ) ;
#321 = PLANE ( 'NONE',  #487 ) ;
#322 = EDGE_LOOP ( 'NONE', ( #1688, #1431, #642, #1615, #1599, #1643, #481, #152, #162, #380, #126, #682 ) ) ;
#323 = CARTESIAN_POINT ( 'NONE',  ( -4.000000000000017764, -19.46833210274665760, -6.899999999999999467 ) ) ;
#324 = DIRECTION ( 'NONE',  ( 0.000000000000000000, 0.000000000000000000, 1.000000000000000000 ) ) ;
#325 = DIRECTION ( 'NONE',  ( 0.000000000000000000, 0.000000000000000000, 1.000000000000000000 ) ) ;
#326 = DIRECTION ( 'NONE',  ( 1.153889781197268337E-17, -0.9961946980917461003, 0.08715574274765169882 ) ) ;
#327 = VERTEX_POINT ( 'NONE', #296 ) ;
#328 = ORIENTED_EDGE ( 'NONE', *, *, #746, .T. ) ;
#329 = DIRECTION ( 'NONE',  ( 0.000000000000000000, 1.000000000000000000, -0.000000000000000000 ) ) ;
#330 = CYLINDRICAL_SURFACE ( 'NONE', #1266, 2.899999999999999911 ) ;
#331 = VERTEX_POINT ( 'NONE', #142 ) ;
#332 = CARTESIAN_POINT ( 'NONE',  ( -5.928932188134530712, -19.56456963262516524, -7.999999999999989342 ) ) ;
#333 = FACE_BOUND ( 'NONE', #1081, .T. ) ;
#334 = EDGE_CURVE ( 'NONE', #1713, #337, #1400, .T. ) ;
#335 = CARTESIAN_POINT ( 'NONE',  ( 85.16250000000002274, 1.510000000000000009, -2.300000000000011369 ) ) ;
#336 = VECTOR ( 'NONE', #1308, 1000.000000000000000 ) ;
#337 = VERTEX_POINT ( 'NONE', #827 ) ;
#338 = CARTESIAN_POINT ( 'NONE',  ( -4.000000000000017764, -1.489999999999999991, 103.0218750000000227 ) ) ;
#339 = ORIENTED_EDGE ( 'NONE', *, *, #737, .T. ) ;
#340 = CARTESIAN_POINT ( 'NONE',  ( -4.000000000000017764, -18.96089785429633423, -1.100000000000000311 ) ) ;
#341 = EDGE_LOOP ( 'NONE', ( #766, #1240, #1295, #258, #699, #1250, #257, #951, #211, #1401, #197, #176 ) ) ;
#342 = CARTESIAN_POINT ( 'NONE',  ( -8.000000000000005329, -19.12712631499557503, -2.999999999999988898 ) ) ;
#343 = AXIS2_PLACEMENT_3D ( 'NONE', #43, #635, #511 ) ;
#344 = VERTEX_POINT ( 'NONE', #702 ) ;
#345 = CARTESIAN_POINT ( 'NONE',  ( -5.204170427930421283E-15, 1.972152263052530827E-31, 8.579693065220249008E-15 ) ) ;
#346 = CARTESIAN_POINT ( 'NONE',  ( 0.000000000000000000, 0.000000000000000000, 0.000000000000000000 ) ) ;
#347 = VERTEX_POINT ( 'NONE', #1280 ) ;
#348 = VECTOR ( 'NONE', #438, 1000.000000000000000 ) ;
#349 = FACE_OUTER_BOUND ( 'NONE', #1671, .T. ) ;
#350 = VERTEX_POINT ( 'NONE', #1681 ) ;
#351 = DIRECTION ( 'NONE',  ( -0.7071067811865512365, 0.000000000000000000, 0.7071067811865439090 ) ) ;
#352 = EDGE_LOOP ( 'NONE', ( #99, #44, #973, #39 ) ) ;
#353 = DIRECTION ( 'NONE',  ( 0.000000000000000000, 1.000000000000000000, -0.000000000000000000 ) ) ;
#354 = ORIENTED_EDGE ( 'NONE', *, *, #1514, .T. ) ;
#355 = DIRECTION ( 'NONE',  ( 0.000000000000000000, -0.08715574274765156004, -0.9961946980917461003 ) ) ;
#356 = UNCERTAINTY_MEASURE_WITH_UNIT (LENGTH_MEASURE( 1.000000000000000082E-05 ), #549, 'distance_accuracy_value', 'NONE');
#357 = CARTESIAN_POINT ( 'NONE',  ( 89.16250000000003695, -19.12712631499557503, -3.000000000000000888 ) ) ;
#358 = EDGE_LOOP ( 'NONE', ( #762, #1604, #1375, #904 ) ) ;
#359 = CARTESIAN_POINT ( 'NONE',  ( 81.16250000000002274, -4.000000000000000000, 94.02187499999998010 ) ) ;
#360 = CARTESIAN_POINT ( 'NONE',  ( 87.59218750000022169, -4.000000000000000000, 87.59218749999976694 ) ) ;
#361 = ORIENTED_EDGE ( 'NONE', *, *, #1128, .F. ) ;
#362 = CARTESIAN_POINT ( 'NONE',  ( 84.16250000000000853, -19.56456963262516169, -8.000000000000000000 ) ) ;
#363 = ORIENTED_EDGE ( 'NONE', *, *, #737, .F. ) ;
#364 = DIRECTION ( 'NONE',  ( 2.465190328815661892E-32, 1.000000000000000000, -3.263764198949895232E-48 ) ) ;
#365 = DIRECTION ( 'NONE',  ( 0.000000000000000000, 1.000000000000000000, 0.000000000000000000 ) ) ;
#366 = ADVANCED_FACE ( 'NONE', ( #1379 ), #153, .T. ) ;
#367 = ORIENTED_EDGE ( 'NONE', *, *, #1566, .F. ) ;
#368 = CIRCLE ( 'NONE', #1073, 1.699999999999999289 ) ;
#369 = ADVANCED_FACE ( 'NONE', ( #161 ), #969, .T. ) ;
#370 = CARTESIAN_POINT ( 'NONE',  ( 89.16250000000005116, -9.938902830259610965, 102.0218750000000085 ) ) ;
#371 =( BOUNDED_CURVE ( )  B_SPLINE_CURVE ( 3, ( #362, #123, #794, #1352 ),
 .UNSPECIFIED., .F., .T. ) 
 B_SPLINE_CURVE_WITH_KNOTS ( ( 4, 4 ),
 ( 1.323940046656717370E-16, 1.570796326794896558 ),
 .UNSPECIFIED. ) 
 CURVE ( )  GEOMETRIC_REPRESENTATION_ITEM ( )  RATIONAL_B_SPLINE_CURVE ( ( 1.000000000000000000, 0.8047378541243650485, 0.8047378541243650485, 1.000000000000000000 ) ) 
 REPRESENTATION_ITEM ( '' )  );
#372 = EDGE_CURVE ( 'NONE', #229, #1764, #1370, .T. ) ;
#373 = ORIENTED_EDGE ( 'NONE', *, *, #1195, .F. ) ;
#374 = VERTEX_POINT ( 'NONE', #582 ) ;
#375 = DIRECTION ( 'NONE',  ( 1.206534653326982810E-16, 0.000000000000000000, 1.000000000000000000 ) ) ;
#376 = ADVANCED_BREP_SHAPE_REPRESENTATION ( 'Lucky15_Bottom', ( #807, #1389 ), #1638 ) ;
#377 = ORIENTED_EDGE ( 'NONE', *, *, #1698, .F. ) ;
#378 = CARTESIAN_POINT ( 'NONE',  ( 30.58124999999998650, 3.510000000000000231, -5.000000000000004441 ) ) ;
#379 = PRESENTATION_STYLE_ASSIGNMENT (( #814 ) ) ;
#380 = ORIENTED_EDGE ( 'NONE', *, *, #1742, .T. ) ;
#381 = ADVANCED_FACE ( 'NONE', ( #14 ), #1525, .F. ) ;
#382 = CARTESIAN_POINT ( 'NONE',  ( 180.8912826958707285, -15.85320081178778473, -1.541816125233279445E-14 ) ) ;
#383 = AXIS2_PLACEMENT_3D ( 'NONE', #87, #1447, #621 ) ;
#384 = ORIENTED_EDGE ( 'NONE', *, *, #1145, .T. ) ;
#385 = FACE_OUTER_BOUND ( 'NONE', #194, .T. ) ;
#386 =( BOUNDED_CURVE ( )  B_SPLINE_CURVE ( 3, ( #628, #592, #1010, #54 ),
 .UNSPECIFIED., .F., .F. ) 
 B_SPLINE_CURVE_WITH_KNOTS ( ( 4, 4 ),
 ( 3.141592653589793116, 6.283185307179586232 ),
 .UNSPECIFIED. ) 
 CURVE ( )  GEOMETRIC_REPRESENTATION_ITEM ( )  RATIONAL_B_SPLINE_CURVE ( ( 1.000000000000000000, 0.3333333333333333703, 0.3333333333333333703, 1.000000000000000000 ) ) 
 REPRESENTATION_ITEM ( '' )  );
#387 = EDGE_LOOP ( 'NONE', ( #1513, #922, #1096, #1311 ) ) ;
#388 = CARTESIAN_POINT ( 'NONE',  ( 30.58124999999998650, 1.510000000000000009, 104.0218750000000085 ) ) ;
#389 = DIRECTION ( 'NONE',  ( 1.206534653326982810E-16, 0.000000000000000000, 1.000000000000000000 ) ) ;
#390 = ORIENTED_EDGE ( 'NONE', *, *, #240, .F. ) ;
#391 = ORIENTED_EDGE ( 'NONE', *, *, #664, .F. ) ;
#392 = CARTESIAN_POINT ( 'NONE',  ( 85.16250000000003695, 1.510000000000000009, 104.7218750000000256 ) ) ;
#393 = VECTOR ( 'NONE', #19, 1000.000000000000000 ) ;
#394 = EDGE_LOOP ( 'NONE', ( #422, #1330, #552, #391 ) ) ;
#395 = LINE ( 'NONE', #515, #166 ) ;
#396 = VERTEX_POINT ( 'NONE', #574 ) ;
#397 = EDGE_CURVE ( 'NONE', #797, #1062, #708, .T. ) ;
#398 = EDGE_LOOP ( 'NONE', ( #1465, #171, #1588, #479 ) ) ;
#399 = AXIS2_PLACEMENT_3D ( 'NONE', #685, #276, #1340 ) ;
#400 = VECTOR ( 'NONE', #1421, 1000.000000000000000 ) ;
#401 = EDGE_CURVE ( 'NONE', #1248, #797, #1110, .T. ) ;
#402 = CARTESIAN_POINT ( 'NONE',  ( 50.58125000000001847, 3.510000000000000231, -5.000000000000000000 ) ) ;
#403 = EDGE_CURVE ( 'NONE', #277, #723, #37, .T. ) ;
#404 = CARTESIAN_POINT ( 'NONE',  ( -47.01093749999999716, -4.000000000000000000, 47.01093749999984794 ) ) ;
#405 = EDGE_CURVE ( 'NONE', #277, #374, #843, .T. ) ;
#406 = CARTESIAN_POINT ( 'NONE',  ( 85.16250000000002274, 1.510000000000000009, -2.300000000000011369 ) ) ;
#407 = LINE ( 'NONE', #256, #1568 ) ;
#408 = ORIENTED_EDGE ( 'NONE', *, *, #622, .F. ) ;
#409 = VECTOR ( 'NONE', #1196, 1000.000000000000000 ) ;
#410 = PLANE ( 'NONE',  #1498 ) ;
#411 = CARTESIAN_POINT ( 'NONE',  ( 85.16250000000003695, 1.510000000000000009, 103.0218750000000227 ) ) ;
#412 = DIRECTION ( 'NONE',  ( 1.301042606982603349E-16, -0.000000000000000000, 1.000000000000000000 ) ) ;
#413 = LINE ( 'NONE', #516, #15 ) ;
#414 = EDGE_LOOP ( 'NONE', ( #1059, #468, #1762, #1577 ) ) ;
#415 = EDGE_LOOP ( 'NONE', ( #216, #902 ) ) ;
#416 = LINE ( 'NONE', #300, #1471 ) ;
#417 = AXIS2_PLACEMENT_3D ( 'NONE', #1483, #1218, #543 ) ;
#418 = CARTESIAN_POINT ( 'NONE',  ( 85.16250000000002274, -19.56456963262515814, -1.100000000000010747 ) ) ;
#419 = EDGE_CURVE ( 'NONE', #1488, #1477, #1262, .T. ) ;
#420 = LINE ( 'NONE', #1517, #94 ) ;
#421 = DIRECTION ( 'NONE',  ( 0.000000000000000000, -1.000000000000000000, 0.000000000000000000 ) ) ;
#422 = ORIENTED_EDGE ( 'NONE', *, *, #1099, .F. ) ;
#423 = ORIENTED_EDGE ( 'NONE', *, *, #1700, .F. ) ;
#424 = ADVANCED_FACE ( 'NONE', ( #445 ), #1542, .F. ) ;
#425 = VERTEX_POINT ( 'NONE', #1141 ) ;
#426 = DIRECTION ( 'NONE',  ( 0.000000000000000000, 0.000000000000000000, 1.000000000000000000 ) ) ;
#427 = EDGE_CURVE ( 'NONE', #1598, #1738, #852, .T. ) ;
#428 = VECTOR ( 'NONE', #1570, 1000.000000000000000 ) ;
#429 = EDGE_CURVE ( 'NONE', #229, #1285, #821, .T. ) ;
#430 = DIRECTION ( 'NONE',  ( 0.000000000000000000, -1.000000000000000000, 0.000000000000000000 ) ) ;
#431 = CARTESIAN_POINT ( 'NONE',  ( 85.16250000000003695, -9.597697042508531950, 105.9218750000000284 ) ) ;
#432 = EDGE_CURVE ( 'NONE', #1142, #237, #1242, .T. ) ;
#433 = ORIENTED_EDGE ( 'NONE', *, *, #1619, .F. ) ;
#434 = ORIENTED_EDGE ( 'NONE', *, *, #818, .F. ) ;
#435 = CIRCLE ( 'NONE', #1695, 1.699999999999999289 ) ;
#436 = CARTESIAN_POINT ( 'NONE',  ( -5.928932188134516501, -9.501459512630026083, 107.0218750000000512 ) ) ;
#437 = VECTOR ( 'NONE', #355, 1000.000000000000114 ) ;
#438 = DIRECTION ( 'NONE',  ( 1.000000000000000000, -0.000000000000000000, 0.000000000000000000 ) ) ;
#439 = ORIENTED_EDGE ( 'NONE', *, *, #1725, .T. ) ;
#440 = DIRECTION ( 'NONE',  ( 1.310030632180966796E-16, 0.000000000000000000, 1.000000000000000000 ) ) ;
#441 = CARTESIAN_POINT ( 'NONE',  ( 30.58124999999998650, 3.510000000000000231, -4.000000000000000888 ) ) ;
#442 = ORIENTED_EDGE ( 'NONE', *, *, #966, .T. ) ;
#443 = CARTESIAN_POINT ( 'NONE',  ( 81.16250000000002274, -4.000000000000000000, 0.000000000000000000 ) ) ;
#444 = ORIENTED_EDGE ( 'NONE', *, *, #1512, .T. ) ;
#445 = FACE_OUTER_BOUND ( 'NONE', #764, .T. ) ;
#446 = CIRCLE ( 'NONE', #70, 5.000000000000004441 ) ;
#447 = ORIENTED_EDGE ( 'NONE', *, *, #419, .T. ) ;
#448 = PRODUCT_DEFINITION_CONTEXT ( 'detailed design', #1581, 'design' ) ;
#449 = PLANE ( 'NONE',  #887 ) ;
#450 = EDGE_CURVE ( 'NONE', #619, #647, #420, .T. ) ;
#451 = ADVANCED_FACE ( 'NONE', ( #1023 ), #1718, .T. ) ;
#452 = DIRECTION ( 'NONE',  ( 0.000000000000000000, 0.08715574274765156004, 0.9961946980917461003 ) ) ;
#453 = DIRECTION ( 'NONE',  ( 0.000000000000000000, 0.000000000000000000, 1.000000000000000000 ) ) ;
#454 = DIRECTION ( 'NONE',  ( -0.000000000000000000, 1.000000000000000000, -0.000000000000000000 ) ) ;
#455 = AXIS2_PLACEMENT_3D ( 'NONE', #1100, #36, #1507 ) ;
#456 = CARTESIAN_POINT ( 'NONE',  ( 85.16250000000002274, -19.56456963262515814, -6.900000000000010125 ) ) ;
#457 = DIRECTION ( 'NONE',  ( 0.7071067811865464625, 0.000000000000000000, 0.7071067811865486830 ) ) ;
#458 = ORIENTED_EDGE ( 'NONE', *, *, #1336, .F. ) ;
#459 = FACE_BOUND ( 'NONE', #833, .T. ) ;
#460 = ORIENTED_EDGE ( 'NONE', *, *, #372, .F. ) ;
#461 = AXIS2_PLACEMENT_3D ( 'NONE', #338, #1296, #886 ) ;
#462 = CARTESIAN_POINT ( 'NONE',  ( 85.16250000000003695, -1.489999999999999991, 104.7218750000000256 ) ) ;
#463 = CARTESIAN_POINT ( 'NONE',  ( -4.000000000000017764, -1.489999999999999991, -4.000000000000000000 ) ) ;
#464 = PLANE ( 'NONE',  #1277 ) ;
#465 = DIRECTION ( 'NONE',  ( -0.000000000000000000, -1.000000000000000000, -0.000000000000000000 ) ) ;
#466 = CARTESIAN_POINT ( 'NONE',  ( 0.000000000000000000, -4.000000000000000000, 99.02187500000000853 ) ) ;
#467 = AXIS2_PLACEMENT_3D ( 'NONE', #314, #1014, #1150 ) ;
#468 = ORIENTED_EDGE ( 'NONE', *, *, #1539, .F. ) ;
#469 = EDGE_CURVE ( 'NONE', #987, #1203, #1121, .T. ) ;
#470 = DIRECTION ( 'NONE',  ( 0.000000000000000000, 0.000000000000000000, 1.000000000000000000 ) ) ;
#471 = ADVANCED_FACE ( 'NONE', ( #600 ), #330, .F. ) ;
#472 = CARTESIAN_POINT ( 'NONE',  ( 0.000000000000000000, 0.000000000000000000, 0.000000000000000000 ) ) ;
#473 = CARTESIAN_POINT ( 'NONE',  ( 81.16250000000002274, 0.000000000000000000, 5.000000000000004441 ) ) ;
#474 = AXIS2_PLACEMENT_3D ( 'NONE', #117, #106, #389 ) ;
#475 = DIRECTION ( 'NONE',  ( -1.000000000000000000, 0.000000000000000000, 1.428306991670084091E-16 ) ) ;
#476 = CARTESIAN_POINT ( 'NONE',  ( 81.16250000000002274, 1.510000000000000009, 99.02187500000000853 ) ) ;
#477 = VERTEX_POINT ( 'NONE', #620 ) ;
#478 = CARTESIAN_POINT ( 'NONE',  ( 85.16250000000002274, 1.510000000000000009, -4.000000000000010658 ) ) ;
#479 = ORIENTED_EDGE ( 'NONE', *, *, #748, .T. ) ;
#480 = CARTESIAN_POINT ( 'NONE',  ( 1.799999999999981837, -18.96089785429633068, -1.100000000000001199 ) ) ;
#481 = ORIENTED_EDGE ( 'NONE', *, *, #554, .T. ) ;
#482 = DIRECTION ( 'NONE',  ( 0.000000000000000000, 0.000000000000000000, 1.000000000000000000 ) ) ;
#483 = ADVANCED_FACE ( 'NONE', ( #1149 ), #321, .T. ) ;
#484 = AXIS2_PLACEMENT_3D ( 'NONE', #1387, #1255, #727 ) ;
#485 = CARTESIAN_POINT ( 'NONE',  ( 76.16250000000005116, -4.000000000000000000, 99.02187500000000853 ) ) ;
#486 = CARTESIAN_POINT ( 'NONE',  ( -8.000000000000005329, -19.12712631499557503, -2.999999999999988898 ) ) ;
#487 = AXIS2_PLACEMENT_3D ( 'NONE', #1188, #180, #889 ) ;
#488 = ORIENTED_EDGE ( 'NONE', *, *, #538, .F. ) ;
#489 = LINE ( 'NONE', #1147, #691 ) ;
#490 = ORIENTED_EDGE ( 'NONE', *, *, #746, .F. ) ;
#491 = CARTESIAN_POINT ( 'NONE',  ( -9.998148941690575819E-16, -4.000000000000000000, -7.999999999999989342 ) ) ;
#492 = DIRECTION ( 'NONE',  ( 0.000000000000000000, -1.000000000000000000, 0.000000000000000000 ) ) ;
#493 = VECTOR ( 'NONE', #646, 1000.000000000000000 ) ;
#494 = ORIENTED_EDGE ( 'NONE', *, *, #838, .F. ) ;
#495 = CARTESIAN_POINT ( 'NONE',  ( -3.000000000000002665, -19.56456963262516169, -7.999999999999988454 ) ) ;
#496 = CYLINDRICAL_SURFACE ( 'NONE', #937, 2.899999999999999911 ) ;
#497 = VECTOR ( 'NONE', #89, 1000.000000000000000 ) ;
#498 = ORIENTED_EDGE ( 'NONE', *, *, #1558, .T. ) ;
#499 = VECTOR ( 'NONE', #21, 1000.000000000000000 ) ;
#500 = LINE ( 'NONE', #1343, #120 ) ;
#501 = DIRECTION ( 'NONE',  ( 0.000000000000000000, 1.000000000000000000, 0.000000000000000000 ) ) ;
#502 = ORIENTED_EDGE ( 'NONE', *, *, #319, .T. ) ;
#503 = DIRECTION ( 'NONE',  ( 0.000000000000000000, -1.000000000000000000, 0.000000000000000000 ) ) ;
#504 = ORIENTED_EDGE ( 'NONE', *, *, #1226, .F. ) ;
#505 = CARTESIAN_POINT ( 'NONE',  ( 30.58125000000001137, 3.510000000000000231, 102.0218750000000227 ) ) ;
#506 = DIRECTION ( 'NONE',  ( 0.7071067811865456854, 0.000000000000000000, -0.7071067811865493491 ) ) ;
#507 =( LENGTH_UNIT ( ) NAMED_UNIT ( * ) SI_UNIT ( .MILLI., .METRE. ) );
#508 = EDGE_LOOP ( 'NONE', ( #373, #1074, #1344, #678, #1177, #1235, #531, #488, #551, #12, #1714, #363 ) ) ;
#509 = EDGE_CURVE ( 'NONE', #1767, #820, #1453, .T. ) ;
#510 = ORIENTED_EDGE ( 'NONE', *, *, #866, .F. ) ;
#511 = DIRECTION ( 'NONE',  ( 0.000000000000000000, -0.000000000000000000, -1.000000000000000000 ) ) ;
#512 = LINE ( 'NONE', #1207, #206 ) ;
#513 = ORIENTED_EDGE ( 'NONE', *, *, #1288, .F. ) ;
#514 = ORIENTED_EDGE ( 'NONE', *, *, #1734, .F. ) ;
#515 = CARTESIAN_POINT ( 'NONE',  ( 30.58124999999998650, 3.510000000000000231, -3.000000000000011546 ) ) ;
#516 = CARTESIAN_POINT ( 'NONE',  ( 0.000000000000000000, 0.000000000000000000, 99.02187500000000853 ) ) ;
#517 = EDGE_CURVE ( 'NONE', #425, #374, #739, .T. ) ;
#518 = ORIENTED_EDGE ( 'NONE', *, *, #1734, .T. ) ;
#519 = VECTOR ( 'NONE', #200, 1000.000000000000000 ) ;
#520 = AXIS2_PLACEMENT_3D ( 'NONE', #1452, #749, #71 ) ;
#521 = CARTESIAN_POINT ( 'NONE',  ( 0.000000000000000000, -1.489999999999999991, 0.000000000000000000 ) ) ;
#522 = EDGE_LOOP ( 'NONE', ( #1677, #502 ) ) ;
#523 = PLANE ( 'NONE',  #626 ) ;
#524 = VERTEX_POINT ( 'NONE', #462 ) ;
#525 = ORIENTED_EDGE ( 'NONE', *, *, #1514, .F. ) ;
#526 = CARTESIAN_POINT ( 'NONE',  ( 50.58125000000001847, 1.510000000000000009, -4.000000000000003553 ) ) ;
#527 = PLANE ( 'NONE',  #565 ) ;
#528 = ORIENTED_EDGE ( 'NONE', *, *, #1558, .F. ) ;
#529 = VECTOR ( 'NONE', #1233, 1000.000000000000000 ) ;
#530 = DIRECTION ( 'NONE',  ( 0.000000000000000000, 0.000000000000000000, 1.000000000000000000 ) ) ;
#531 = ORIENTED_EDGE ( 'NONE', *, *, #1173, .T. ) ;
#532 = CARTESIAN_POINT ( 'NONE',  ( 84.16250000000002274, 1.510000000000000009, 102.0218750000000085 ) ) ;
#533 = EDGE_CURVE ( 'NONE', #1230, #855, #1578, .T. ) ;
#534 = FACE_OUTER_BOUND ( 'NONE', #204, .T. ) ;
#535 = ORIENTED_EDGE ( 'NONE', *, *, #292, .F. ) ;
#536 = VERTEX_POINT ( 'NONE', #629 ) ;
#537 = ADVANCED_FACE ( 'NONE', ( #1180 ), #1445, .T. ) ;
#538 = EDGE_CURVE ( 'NONE', #1582, #1069, #170, .T. ) ;
#539 = DIRECTION ( 'NONE',  ( 0.000000000000000000, 0.000000000000000000, 1.000000000000000000 ) ) ;
#540 = VECTOR ( 'NONE', #1077, 1000.000000000000000 ) ;
#541 = DIRECTION ( 'NONE',  ( 0.000000000000000000, 0.000000000000000000, 1.000000000000000000 ) ) ;
#542 = DIRECTION ( 'NONE',  ( 0.000000000000000000, 0.000000000000000000, -1.000000000000000000 ) ) ;
#543 = DIRECTION ( 'NONE',  ( 0.000000000000000000, 0.000000000000000000, 1.000000000000000000 ) ) ;
#544 = ORIENTED_EDGE ( 'NONE', *, *, #285, .T. ) ;
#545 = VECTOR ( 'NONE', #16, 1000.000000000000000 ) ;
#546 = LINE ( 'NONE', #1505, #1043 ) ;
#547 = CARTESIAN_POINT ( 'NONE',  ( 30.58125000000001137, 3.510000000000000231, 102.0218750000000227 ) ) ;
#548 = CARTESIAN_POINT ( 'NONE',  ( 30.58124999999998650, 1.510000000000000009, -5.000000000000004441 ) ) ;
#549 =( LENGTH_UNIT ( ) NAMED_UNIT ( * ) SI_UNIT ( .MILLI., .METRE. ) );
#550 = VERTEX_POINT ( 'NONE', #1157 ) ;
#551 = ORIENTED_EDGE ( 'NONE', *, *, #1601, .F. ) ;
#552 = ORIENTED_EDGE ( 'NONE', *, *, #24, .T. ) ;
#553 = CIRCLE ( 'NONE', #461, 2.899999999999999911 ) ;
#554 = EDGE_CURVE ( 'NONE', #1609, #1738, #879, .T. ) ;
#555 = CARTESIAN_POINT ( 'NONE',  ( 0.000000000000000000, 1.510000000000000009, 0.000000000000000000 ) ) ;
#556 = LINE ( 'NONE', #579, #1148 ) ;
#557 = AXIS2_PLACEMENT_3D ( 'NONE', #740, #492, #1420 ) ;
#558 = EDGE_CURVE ( 'NONE', #1567, #617, #1011, .T. ) ;
#559 = DIRECTION ( 'NONE',  ( 0.000000000000000000, 1.000000000000000000, 0.000000000000000000 ) ) ;
#560 = LINE ( 'NONE', #1111, #1339 ) ;
#561 = EDGE_LOOP ( 'NONE', ( #959, #775, #510 ) ) ;
#562 = CARTESIAN_POINT ( 'NONE',  ( 0.000000000000000000, -4.000000000000000000, 0.000000000000000000 ) ) ;
#563 = EDGE_CURVE ( 'NONE', #1607, #100, #1114, .T. ) ;
#564 = ADVANCED_FACE ( 'NONE', ( #1419 ), #1583, .F. ) ;
#565 = AXIS2_PLACEMENT_3D ( 'NONE', #1102, #936, #98 ) ;
#566 = DIRECTION ( 'NONE',  ( -0.000000000000000000, 1.000000000000000000, -0.000000000000000000 ) ) ;
#567 = CARTESIAN_POINT ( 'NONE',  ( -4.000000000000017764, -9.597697042508533727, 105.9218750000000284 ) ) ;
#568 = DIRECTION ( 'NONE',  ( 0.000000000000000000, 0.000000000000000000, 1.000000000000000000 ) ) ;
#569 = EDGE_LOOP ( 'NONE', ( #1269, #139, #284, #641 ) ) ;
#570 =( BOUNDED_CURVE ( )  B_SPLINE_CURVE ( 3, ( #370, #931, #1617, #1213 ),
 .UNSPECIFIED., .F., .T. ) 
 B_SPLINE_CURVE_WITH_KNOTS ( ( 4, 4 ),
 ( 4.712388980384689674, 6.283185307179586232 ),
 .UNSPECIFIED. ) 
 CURVE ( )  GEOMETRIC_REPRESENTATION_ITEM ( )  RATIONAL_B_SPLINE_CURVE ( ( 1.000000000000000000, 0.8047378541243649375, 0.8047378541243649375, 1.000000000000000000 ) ) 
 REPRESENTATION_ITEM ( '' )  );
#571 = LINE ( 'NONE', #158, #281 ) ;
#572 = EDGE_LOOP ( 'NONE', ( #932, #1105, #361 ) ) ;
#573 = VECTOR ( 'NONE', #1323, 1000.000000000000000 ) ;
#574 = CARTESIAN_POINT ( 'NONE',  ( 30.58125000000001137, 3.510000000000000231, 102.0218750000000227 ) ) ;
#575 = ORIENTED_EDGE ( 'NONE', *, *, #1099, .T. ) ;
#576 = DIRECTION ( 'NONE',  ( -1.301042606982603349E-16, 0.000000000000000000, -1.000000000000000000 ) ) ;
#577 = LINE ( 'NONE', #830, #1179 ) ;
#578 = AXIS2_PLACEMENT_3D ( 'NONE', #1220, #1761, #539 ) ;
#579 = CARTESIAN_POINT ( 'NONE',  ( 89.16250000000003695, -4.000000000000000000, 102.0218750000000085 ) ) ;
#580 = ORIENTED_EDGE ( 'NONE', *, *, #272, .F. ) ;
#581 = AXIS2_PLACEMENT_3D ( 'NONE', #668, #659, #1641 ) ;
#582 = CARTESIAN_POINT ( 'NONE',  ( 6.938893903907228378E-15, -4.000000000000000000, 99.02187500000003695 ) ) ;
#583 = ORIENTED_EDGE ( 'NONE', *, *, #48, .F. ) ;
#584 = VECTOR ( 'NONE', #1474, 1000.000000000000000 ) ;
#585 = CARTESIAN_POINT ( 'NONE',  ( -4.000000000000017764, -1.489999999999999991, -4.000000000000000000 ) ) ;
#586 = ORIENTED_EDGE ( 'NONE', *, *, #1197, .F. ) ;
#587 = DIRECTION ( 'NONE',  ( 0.000000000000000000, 0.000000000000000000, -1.000000000000000000 ) ) ;
#588 = EDGE_CURVE ( 'NONE', #666, #1142, #663, .T. ) ;
#589 = EDGE_CURVE ( 'NONE', #1003, #1616, #1551, .T. ) ;
#590 = ORIENTED_EDGE ( 'NONE', *, *, #607, .F. ) ;
#591 = EDGE_CURVE ( 'NONE', #820, #1062, #45, .T. ) ;
#592 = CARTESIAN_POINT ( 'NONE',  ( 90.96250000000004832, -10.10513129095885176, 100.1218750000000597 ) ) ;
#593 = ORIENTED_EDGE ( 'NONE', *, *, #1336, .T. ) ;
#594 = DIRECTION ( 'NONE',  ( -1.000000000000000000, 0.000000000000000000, 1.428306991670084091E-16 ) ) ;
#595 = DIRECTION ( 'NONE',  ( 0.000000000000000000, 0.000000000000000000, 1.000000000000000000 ) ) ;
#596 = ADVANCED_FACE ( 'NONE', ( #1056 ), #1602, .F. ) ;
#597 = ORIENTED_EDGE ( 'NONE', *, *, #1225, .T. ) ;
#598 = LINE ( 'NONE', #1007, #160 ) ;
#599 = DIRECTION ( 'NONE',  ( 0.000000000000000000, 0.000000000000000000, -1.000000000000000000 ) ) ;
#600 = FACE_OUTER_BOUND ( 'NONE', #569, .T. ) ;
#601 = DIRECTION ( 'NONE',  ( 0.000000000000000000, 1.000000000000000000, 0.000000000000000000 ) ) ;
#602 = CIRCLE ( 'NONE', #824, 1.699999999999993072 ) ;
#603 = FACE_OUTER_BOUND ( 'NONE', #1351, .T. ) ;
#604 = CARTESIAN_POINT ( 'NONE',  ( -4.000000000000017764, -10.10513129095885354, 100.1218750000000313 ) ) ;
#605 = CARTESIAN_POINT ( 'NONE',  ( -4.000000000000017764, 1.510000000000000009, -4.000000000000000000 ) ) ;
#606 = ORIENTED_EDGE ( 'NONE', *, *, #450, .T. ) ;
#607 = EDGE_CURVE ( 'NONE', #237, #550, #184, .T. ) ;
#608 = PRODUCT_DEFINITION_FORMATION_WITH_SPECIFIED_SOURCE ( 'ANY', '', #1019, .NOT_KNOWN. ) ;
#609 = CARTESIAN_POINT ( 'NONE',  ( 0.000000000000000000, 0.000000000000000000, 99.02187500000000853 ) ) ;
#610 = CARTESIAN_POINT ( 'NONE',  ( 0.000000000000000000, 1.510000000000000009, 99.02187500000000853 ) ) ;
#611 = EDGE_CURVE ( 'NONE', #1764, #229, #848, .T. ) ;
#612 = PLANE ( 'NONE',  #672 ) ;
#613 = DIRECTION ( 'NONE',  ( 0.000000000000000000, 0.000000000000000000, 1.000000000000000000 ) ) ;
#614 = AXIS2_PLACEMENT_3D ( 'NONE', #1033, #630, #1584 ) ;
#615 = ORIENTED_EDGE ( 'NONE', *, *, #1040, .T. ) ;
#616 = EDGE_CURVE ( 'NONE', #1426, #1592, #1575, .T. ) ;
#617 = VERTEX_POINT ( 'NONE', #346 ) ;
#618 = DIRECTION ( 'NONE',  ( 0.000000000000000000, 1.000000000000000000, -0.000000000000000000 ) ) ;
#619 = VERTEX_POINT ( 'NONE', #357 ) ;
#620 = CARTESIAN_POINT ( 'NONE',  ( 50.58125000000001847, 3.510000000000000231, -5.000000000000000000 ) ) ;
#621 = DIRECTION ( 'NONE',  ( 0.000000000000000000, 0.000000000000000000, 1.000000000000000000 ) ) ;
#622 = EDGE_CURVE ( 'NONE', #964, #756, #895, .T. ) ;
#623 = AXIS2_PLACEMENT_3D ( 'NONE', #1060, #1437, #1605 ) ;
#624 = CARTESIAN_POINT ( 'NONE',  ( 84.16250000000000853, 1.510000000000000009, -3.000000000000000000 ) ) ;
#625 = CARTESIAN_POINT ( 'NONE',  ( -4.000000000000017764, 1.510000000000000009, -2.299999999999999378 ) ) ;
#626 = AXIS2_PLACEMENT_3D ( 'NONE', #933, #1480, #375 ) ;
#627 = ORIENTED_EDGE ( 'NONE', *, *, #1363, .T. ) ;
#628 = CARTESIAN_POINT ( 'NONE',  ( 85.16250000000003695, -10.10513129095885176, 100.1218750000000313 ) ) ;
#629 = CARTESIAN_POINT ( 'NONE',  ( 89.16250000000003695, 1.510000000000000009, 102.0218750000000085 ) ) ;
#630 = DIRECTION ( 'NONE',  ( 0.000000000000000000, 1.000000000000000000, -0.000000000000000000 ) ) ;
#631 =( GEOMETRIC_REPRESENTATION_CONTEXT ( 3 ) GLOBAL_UNCERTAINTY_ASSIGNED_CONTEXT ( ( #356 ) ) GLOBAL_UNIT_ASSIGNED_CONTEXT ( ( #549, #131, #1766 ) ) REPRESENTATION_CONTEXT ( 'NONE', 'WORKASPACE' ) );
#632 = DIRECTION ( 'NONE',  ( 0.000000000000000000, 0.000000000000000000, 1.000000000000000000 ) ) ;
#633 = CARTESIAN_POINT ( 'NONE',  ( -5.204170427930421283E-15, -4.000000000000000000, -1.112753158059952524E-17 ) ) ;
#634 = ORIENTED_EDGE ( 'NONE', *, *, #588, .F. ) ;
#635 = DIRECTION ( 'NONE',  ( 0.000000000000000000, -1.000000000000000000, 0.000000000000000000 ) ) ;
#636 = DIRECTION ( 'NONE',  ( 0.000000000000000000, 1.000000000000000000, -0.000000000000000000 ) ) ;
#637 = ORIENTED_EDGE ( 'NONE', *, *, #1700, .T. ) ;
#638 = LINE ( 'NONE', #1730, #233 ) ;
#639 = EDGE_CURVE ( 'NONE', #705, #756, #226, .T. ) ;
#640 = AXIS2_PLACEMENT_3D ( 'NONE', #1404, #817, #1768 ) ;
#641 = ORIENTED_EDGE ( 'NONE', *, *, #240, .T. ) ;
#642 = ORIENTED_EDGE ( 'NONE', *, *, #273, .F. ) ;
#643 = LINE ( 'NONE', #1185, #1132 ) ;
#644 = EDGE_LOOP ( 'NONE', ( #339, #851, #583 ) ) ;
#645 = AXIS2_PLACEMENT_3D ( 'NONE', #1386, #303, #594 ) ;
#646 = DIRECTION ( 'NONE',  ( 1.206534653326982810E-16, 0.000000000000000000, 1.000000000000000000 ) ) ;
#647 = VERTEX_POINT ( 'NONE', #203 ) ;
#648 = DIRECTION ( 'NONE',  ( 0.000000000000000000, 1.000000000000000000, -0.000000000000000000 ) ) ;
#649 = EDGE_CURVE ( 'NONE', #477, #1230, #59, .T. ) ;
#650 = VERTEX_POINT ( 'NONE', #335 ) ;
#651 = CARTESIAN_POINT ( 'NONE',  ( 4.336808689942017736E-16, -4.000000000000000000, 4.999999999999999112 ) ) ;
#652 = CARTESIAN_POINT ( 'NONE',  ( 85.16250000000003695, -19.56456963262515814, 103.0218750000000227 ) ) ;
#653 = PRESENTATION_LAYER_ASSIGNMENT (  '', '', ( #1424 ) ) ;
#654 = VERTEX_POINT ( 'NONE', #486 ) ;
#655 = DIRECTION ( 'NONE',  ( -0.7071067811865414665, 0.000000000000000000, 0.7071067811865536790 ) ) ;
#656 = ORIENTED_EDGE ( 'NONE', *, *, #9, .T. ) ;
#657 = CARTESIAN_POINT ( 'NONE',  ( 76.16250000000002274, -4.000000000000000000, 99.02187500000000853 ) ) ;
#658 = VERTEX_POINT ( 'NONE', #215 ) ;
#659 = DIRECTION ( 'NONE',  ( 0.000000000000000000, -1.000000000000000000, 0.000000000000000000 ) ) ;
#660 = DIRECTION ( 'NONE',  ( -1.000000000000000000, -0.000000000000000000, -0.000000000000000000 ) ) ;
#661 = ORIENTED_EDGE ( 'NONE', *, *, #469, .T. ) ;
#662 = ORIENTED_EDGE ( 'NONE', *, *, #748, .F. ) ;
#663 = CIRCLE ( 'NONE', #1209, 1.700000000000000178 ) ;
#664 = EDGE_CURVE ( 'NONE', #713, #1533, #251, .T. ) ;
#665 = DIRECTION ( 'NONE',  ( 0.000000000000000000, 0.000000000000000000, 1.000000000000000000 ) ) ;
#666 = VERTEX_POINT ( 'NONE', #625 ) ;
#667 = CARTESIAN_POINT ( 'NONE',  ( 84.16250000000002274, -9.501459512630024307, 107.0218750000000227 ) ) ;
#668 = CARTESIAN_POINT ( 'NONE',  ( 85.16250000000002274, 1.510000000000000009, -4.000000000000010658 ) ) ;
#669 = CARTESIAN_POINT ( 'NONE',  ( 85.16250000000002274, -19.46833210274665760, -6.900000000000010125 ) ) ;
#670 = ORIENTED_EDGE ( 'NONE', *, *, #533, .T. ) ;
#671 = EDGE_LOOP ( 'NONE', ( #33, #1528, #590, #1432 ) ) ;
#672 = AXIS2_PLACEMENT_3D ( 'NONE', #57, #412, #813 ) ;
#673 = CARTESIAN_POINT ( 'NONE',  ( 30.58124999999998650, 1.510000000000000009, -3.000000000000011546 ) ) ;
#674 = FACE_OUTER_BOUND ( 'NONE', #394, .T. ) ;
#675 = CARTESIAN_POINT ( 'NONE',  ( -4.000000000000017764, -10.10513129095885354, 100.1218750000000313 ) ) ;
#676 =( BOUNDED_CURVE ( )  B_SPLINE_CURVE ( 3, ( #712, #436, #960, #295 ),
 .UNSPECIFIED., .F., .T. ) 
 B_SPLINE_CURVE_WITH_KNOTS ( ( 4, 4 ),
 ( 3.141592653589792672, 4.712388980384689674 ),
 .UNSPECIFIED. ) 
 CURVE ( )  GEOMETRIC_REPRESENTATION_ITEM ( )  RATIONAL_B_SPLINE_CURVE ( ( 1.000000000000000000, 0.8047378541243649375, 0.8047378541243649375, 1.000000000000000000 ) ) 
 REPRESENTATION_ITEM ( '' )  );
#677 = CYLINDRICAL_SURFACE ( 'NONE', #173, 0.9999999999999965583 ) ;
#678 = ORIENTED_EDGE ( 'NONE', *, *, #52, .T. ) ;
#679 = ORIENTED_EDGE ( 'NONE', *, *, #1247, .F. ) ;
#680 = FACE_BOUND ( 'NONE', #798, .T. ) ;
#681 = VECTOR ( 'NONE', #1231, 1000.000000000000000 ) ;
#682 = ORIENTED_EDGE ( 'NONE', *, *, #9, .F. ) ;
#683 = DIRECTION ( 'NONE',  ( 0.000000000000000000, 1.000000000000000000, 0.000000000000000000 ) ) ;
#684 = CARTESIAN_POINT ( 'NONE',  ( 30.58124999999998650, 3.510000000000000231, -4.000000000000000888 ) ) ;
#685 = CARTESIAN_POINT ( 'NONE',  ( 50.58125000000001847, 3.510000000000000231, -4.000000000000003553 ) ) ;
#686 = EDGE_LOOP ( 'NONE', ( #942, #1028 ) ) ;
#687 = ORIENTED_EDGE ( 'NONE', *, *, #265, .T. ) ;
#688 = CLOSED_SHELL ( 'NONE', ( #716, #869, #872, #381, #1037, #720, #266, #1753, #537, #772, #424, #1202, #133, #483, #1167, #18, #1668, #1686, #1384, #596, #84, #564, #1441, #1549, #270, #1726, #1516, #369, #451, #1286, #1508, #1653, #930, #837, #1152, #1576, #1461, #771, #97, #471, #690, #1362, #1540, #1258, #1388, #1228, #366, #42, #910, #789, #195, #199, #1020, #735, #899, #145, #111 ) ) ;
#689 = DIRECTION ( 'NONE',  ( 0.000000000000000000, 1.000000000000000000, -0.000000000000000000 ) ) ;
#690 = ADVANCED_FACE ( 'NONE', ( #1162, #1732 ), #781, .F. ) ;
#691 = VECTOR ( 'NONE', #1305, 1000.000000000000000 ) ;
#692 = VERTEX_POINT ( 'NONE', #1317 ) ;
#693 = CARTESIAN_POINT ( 'NONE',  ( -4.000000000000017764, -19.56456963262515814, -4.000000000000000000 ) ) ;
#694 = DIRECTION ( 'NONE',  ( -0.000000000000000000, 1.000000000000000000, -0.000000000000000000 ) ) ;
#695 = DIRECTION ( 'NONE',  ( -0.000000000000000000, -1.000000000000000000, -0.000000000000000000 ) ) ;
#696 = EDGE_CURVE ( 'NONE', #1571, #1377, #643, .T. ) ;
#697 = DIRECTION ( 'NONE',  ( 0.000000000000000000, 0.000000000000000000, -1.000000000000000000 ) ) ;
#698 = AXIS2_PLACEMENT_3D ( 'NONE', #110, #655, #1333 ) ;
#699 = ORIENTED_EDGE ( 'NONE', *, *, #101, .T. ) ;
#700 = DIRECTION ( 'NONE',  ( -0.000000000000000000, -1.000000000000000000, -0.000000000000000000 ) ) ;
#701 = AXIS2_PLACEMENT_3D ( 'NONE', #1710, #353, #482 ) ;
#702 = CARTESIAN_POINT ( 'NONE',  ( 30.58125000000001137, 1.510000000000000009, 102.0218750000000227 ) ) ;
#703 = DIRECTION ( 'NONE',  ( -0.000000000000000000, 1.000000000000000000, -0.000000000000000000 ) ) ;
#704 = EDGE_CURVE ( 'NONE', #1377, #949, #1481, .T. ) ;
#705 = VERTEX_POINT ( 'NONE', #192 ) ;
#706 = MECHANICAL_DESIGN_GEOMETRIC_PRESENTATION_REPRESENTATION (  '', ( #1424 ), #631 ) ;
#707 = DIRECTION ( 'NONE',  ( 0.000000000000000000, -0.000000000000000000, -1.000000000000000000 ) ) ;
#708 = LINE ( 'NONE', #976, #35 ) ;
#709 = DIRECTION ( 'NONE',  ( -0.000000000000000000, -1.000000000000000000, -0.000000000000000000 ) ) ;
#710 = CARTESIAN_POINT ( 'NONE',  ( 87.59218750000022169, 0.000000000000000000, 87.59218749999976694 ) ) ;
#711 = EDGE_CURVE ( 'NONE', #1582, #1592, #744, .T. ) ;
#712 = CARTESIAN_POINT ( 'NONE',  ( -2.999999999999988898, -9.501459512630024307, 107.0218750000000369 ) ) ;
#713 = VERTEX_POINT ( 'NONE', #1192 ) ;
#714 = CARTESIAN_POINT ( 'NONE',  ( 76.16249999999993747, -4.000000000000000000, 0.000000000000000000 ) ) ;
#715 = DIRECTION ( 'NONE',  ( 0.000000000000000000, -1.000000000000000000, 0.000000000000000000 ) ) ;
#716 = ADVANCED_FACE ( 'NONE', ( #1722 ), #496, .F. ) ;
#717 = EDGE_CURVE ( 'NONE', #168, #1598, #755, .T. ) ;
#718 = LINE ( 'NONE', #1273, #1405 ) ;
#719 = DIRECTION ( 'NONE',  ( 1.000000000000000000, 0.000000000000000000, 0.000000000000000000 ) ) ;
#720 = ADVANCED_FACE ( 'NONE', ( #67 ), #1597, .F. ) ;
#721 = VECTOR ( 'NONE', #1636, 1000.000000000000000 ) ;
#722 = DIRECTION ( 'NONE',  ( -0.000000000000000000, 1.000000000000000000, -0.000000000000000000 ) ) ;
#723 = VERTEX_POINT ( 'NONE', #1430 ) ;
#724 = DIRECTION ( 'NONE',  ( 0.7071067811865536790, 0.000000000000000000, 0.7071067811865414665 ) ) ;
#725 = ORIENTED_EDGE ( 'NONE', *, *, #1261, .F. ) ;
#726 = VECTOR ( 'NONE', #275, 1000.000000000000000 ) ;
#727 = DIRECTION ( 'NONE',  ( 0.000000000000000000, 0.000000000000000000, -1.000000000000000000 ) ) ;
#728 = EDGE_LOOP ( 'NONE', ( #1504, #1580, #1024 ) ) ;
#729 = DIRECTION ( 'NONE',  ( -0.000000000000000000, -1.000000000000000000, -0.000000000000000000 ) ) ;
#730 = FACE_OUTER_BOUND ( 'NONE', #1456, .T. ) ;
#731 = CARTESIAN_POINT ( 'NONE',  ( 30.58124999999998650, 3.510000000000000231, 104.0218750000000085 ) ) ;
#732 = DIRECTION ( 'NONE',  ( 0.000000000000000000, 1.000000000000000000, -0.000000000000000000 ) ) ;
#733 = CARTESIAN_POINT ( 'NONE',  ( 0.000000000000000000, 1.510000000000000009, 0.000000000000000000 ) ) ;
#734 = DIRECTION ( 'NONE',  ( 0.000000000000000000, -1.000000000000000000, 0.000000000000000000 ) ) ;
#735 = ADVANCED_FACE ( 'NONE', ( #183 ), #527, .F. ) ;
#736 = ORIENTED_EDGE ( 'NONE', *, *, #554, .F. ) ;
#737 = EDGE_CURVE ( 'NONE', #1271, #1598, #413, .T. ) ;
#738 = CARTESIAN_POINT ( 'NONE',  ( 85.16250000000002274, -1.489999999999999991, -6.900000000000010125 ) ) ;
#739 = LINE ( 'NONE', #765, #573 ) ;
#740 = CARTESIAN_POINT ( 'NONE',  ( -4.000000000000017764, 1.510000000000000009, 103.0218750000000227 ) ) ;
#741 = VECTOR ( 'NONE', #501, 1000.000000000000000 ) ;
#742 = CIRCLE ( 'NONE', #1001, 1.699999999999993072 ) ;
#743 = CARTESIAN_POINT ( 'NONE',  ( 81.16250000000002274, -15.73277794064793156, 1.376439715577297607 ) ) ;
#744 = LINE ( 'NONE', #1587, #791 ) ;
#745 = APPLICATION_PROTOCOL_DEFINITION ( 'draft international standard', 'automotive_design', 1998, #1581 ) ;
#746 = EDGE_CURVE ( 'NONE', #100, #1607, #254, .T. ) ;
#747 = ORIENTED_EDGE ( 'NONE', *, *, #1173, .F. ) ;
#748 = EDGE_CURVE ( 'NONE', #331, #396, #407, .T. ) ;
#749 = DIRECTION ( 'NONE',  ( 0.000000000000000000, 1.000000000000000000, -0.000000000000000000 ) ) ;
#750 = CARTESIAN_POINT ( 'NONE',  ( 90.96250000000003411, -19.46833210274665760, -6.900000000000011902 ) ) ;
#751 = CARTESIAN_POINT ( 'NONE',  ( 81.16250000000002274, -15.85320081178778473, -2.165735338457334395E-15 ) ) ;
#752 = VECTOR ( 'NONE', #475, 1000.000000000000000 ) ;
#753 = ORIENTED_EDGE ( 'NONE', *, *, #533, .F. ) ;
#754 = CARTESIAN_POINT ( 'NONE',  ( 0.000000000000000000, 0.000000000000000000, 0.000000000000000000 ) ) ;
#755 = LINE ( 'NONE', #476, #1113 ) ;
#756 = VERTEX_POINT ( 'NONE', #1740 ) ;
#757 = DIRECTION ( 'NONE',  ( -1.000000000000000000, -0.000000000000000000, 1.323940046656717123E-16 ) ) ;
#758 = CARTESIAN_POINT ( 'NONE',  ( 90.96250000000003411, -18.96089785429633068, -1.100000000000011635 ) ) ;
#759 = CARTESIAN_POINT ( 'NONE',  ( 38.08124999999930083, -4.000000000000000000, -38.08124999999996874 ) ) ;
#760 = FACE_BOUND ( 'NONE', #792, .T. ) ;
#761 = DIRECTION ( 'NONE',  ( 0.000000000000000000, 1.000000000000000000, -0.000000000000000000 ) ) ;
#762 = ORIENTED_EDGE ( 'NONE', *, *, #419, .F. ) ;
#763 = CARTESIAN_POINT ( 'NONE',  ( 180.8912826958707285, -15.73277794064793156, 1.376439715577297607 ) ) ;
#764 = EDGE_LOOP ( 'NONE', ( #248, #51, #434, #354 ) ) ;
#765 = CARTESIAN_POINT ( 'NONE',  ( 180.8912826958707285, -4.000000000000000000, 99.02187500000000853 ) ) ;
#766 = ORIENTED_EDGE ( 'NONE', *, *, #616, .F. ) ;
#767 = DIRECTION ( 'NONE',  ( 0.000000000000000000, 1.000000000000000000, 0.000000000000000000 ) ) ;
#768 = AXIS2_PLACEMENT_3D ( 'NONE', #829, #1544, #595 ) ;
#769 = FACE_OUTER_BOUND ( 'NONE', #644, .T. ) ;
#770 = AXIS2_PLACEMENT_3D ( 'NONE', #562, #1659, #697 ) ;
#771 = ADVANCED_FACE ( 'NONE', ( #1642 ), #804, .F. ) ;
#772 = ADVANCED_FACE ( 'NONE', ( #1080 ), #1621, .F. ) ;
#773 = EDGE_LOOP ( 'NONE', ( #1629, #806, #679 ) ) ;
#774 = AXIS2_PLACEMENT_3D ( 'NONE', #968, #141, #707 ) ;
#775 = ORIENTED_EDGE ( 'NONE', *, *, #517, .T. ) ;
#776 = APPLICATION_CONTEXT ( 'automotive_design' ) ;
#777 = CYLINDRICAL_SURFACE ( 'NONE', #1334, 1.700000000000000178 ) ;
#778 = CARTESIAN_POINT ( 'NONE',  ( -4.000000000000017764, -18.96089785429633423, -1.100000000000000311 ) ) ;
#779 = CIRCLE ( 'NONE', #5, 0.9999999999999965583 ) ;
#780 = DIRECTION ( 'NONE',  ( 0.000000000000000000, 0.000000000000000000, 1.000000000000000000 ) ) ;
#781 = PLANE ( 'NONE',  #25 ) ;
#782 = ORIENTED_EDGE ( 'NONE', *, *, #1381, .F. ) ;
#783 = ORIENTED_EDGE ( 'NONE', *, *, #1358, .T. ) ;
#784 = CIRCLE ( 'NONE', #614, 1.699999999999999289 ) ;
#785 = CYLINDRICAL_SURFACE ( 'NONE', #1245, 2.899999999999999911 ) ;
#786 = ORIENTED_EDGE ( 'NONE', *, *, #1195, .T. ) ;
#787 = CARTESIAN_POINT ( 'NONE',  ( 5.000000000000009770, -4.000000000000000000, 99.02187500000000853 ) ) ;
#788 = DIRECTION ( 'NONE',  ( 1.000000000000000000, 0.000000000000000000, 0.000000000000000000 ) ) ;
#789 = ADVANCED_FACE ( 'NONE', ( #268 ), #677, .T. ) ;
#790 = DIRECTION ( 'NONE',  ( 0.000000000000000000, 0.000000000000000000, -1.000000000000000000 ) ) ;
#791 = VECTOR ( 'NONE', #1153, 1000.000000000000000 ) ;
#792 = EDGE_LOOP ( 'NONE', ( #1066, #586, #1680, #970 ) ) ;
#793 = DIRECTION ( 'NONE',  ( 0.000000000000000000, 1.000000000000000000, -0.000000000000000000 ) ) ;
#794 = CARTESIAN_POINT ( 'NONE',  ( 89.16250000000002274, -19.38337467769349942, -5.928932188134524495 ) ) ;
#795 = DIRECTION ( 'NONE',  ( 0.000000000000000000, -0.000000000000000000, -1.000000000000000000 ) ) ;
#796 = LINE ( 'NONE', #1502, #1265 ) ;
#797 = VERTEX_POINT ( 'NONE', #963 ) ;
#798 = EDGE_LOOP ( 'NONE', ( #289, #1723 ) ) ;
#799 = EDGE_CURVE ( 'NONE', #1477, #1268, #1199, .T. ) ;
#800 = AXIS2_PLACEMENT_3D ( 'NONE', #90, #761, #613 ) ;
#801 = CARTESIAN_POINT ( 'NONE',  ( -4.000000000000017764, 1.510000000000000009, -4.000000000000000000 ) ) ;
#802 = CARTESIAN_POINT ( 'NONE',  ( 85.16250000000002274, -1.489999999999999991, -4.000000000000010658 ) ) ;
#803 = CARTESIAN_POINT ( 'NONE',  ( 85.16250000000003695, -19.56456963262515814, 100.1218750000000313 ) ) ;
#804 = CYLINDRICAL_SURFACE ( 'NONE', #147, 2.899999999999999911 ) ;
#805 = VECTOR ( 'NONE', #1462, 1000.000000000000114 ) ;
#806 = ORIENTED_EDGE ( 'NONE', *, *, #538, .T. ) ;
#807 = MANIFOLD_SOLID_BREP ( 'Boss-Extrude5', #688 ) ;
#808 = AXIS2_PLACEMENT_3D ( 'NONE', #526, #934, #542 ) ;
#809 = AXIS2_PLACEMENT_3D ( 'NONE', #1347, #105, #1482 ) ;
#810 = LINE ( 'NONE', #85, #805 ) ;
#811 = EDGE_LOOP ( 'NONE', ( #965, #132, #1181, #377 ) ) ;
#812 = LINE ( 'NONE', #104, #298 ) ;
#813 = DIRECTION ( 'NONE',  ( 1.000000000000000000, 0.000000000000000000, -1.301042606982603349E-16 ) ) ;
#814 = SURFACE_STYLE_USAGE ( .BOTH. , #1071 ) ;
#815 = ORIENTED_EDGE ( 'NONE', *, *, #1646, .F. ) ;
#816 = ORIENTED_EDGE ( 'NONE', *, *, #1232, .T. ) ;
#817 = DIRECTION ( 'NONE',  ( 0.000000000000000000, 1.000000000000000000, -0.000000000000000000 ) ) ;
#818 = EDGE_CURVE ( 'NONE', #1166, #1212, #796, .T. ) ;
#819 = DIRECTION ( 'NONE',  ( -0.000000000000000000, -1.000000000000000000, -0.000000000000000000 ) ) ;
#820 = VERTEX_POINT ( 'NONE', #1510 ) ;
#821 = LINE ( 'NONE', #136, #1728 ) ;
#822 = FACE_OUTER_BOUND ( 'NONE', #1444, .T. ) ;
#823 = VERTEX_POINT ( 'NONE', #1374 ) ;
#824 = AXIS2_PLACEMENT_3D ( 'NONE', #1279, #1660, #426 ) ;
#825 = EDGE_CURVE ( 'NONE', #41, #477, #1178, .T. ) ;
#826 = CARTESIAN_POINT ( 'NONE',  ( -8.000000000000005329, 1.510000000000000009, -2.999999999999988898 ) ) ;
#827 = CARTESIAN_POINT ( 'NONE',  ( 81.16250000000002274, 1.510000000000000009, 0.000000000000000000 ) ) ;
#828 = VERTEX_POINT ( 'NONE', #1614 ) ;
#829 = CARTESIAN_POINT ( 'NONE',  ( -4.000000000000017764, -1.489999999999999991, 103.0218750000000227 ) ) ;
#830 = CARTESIAN_POINT ( 'NONE',  ( 81.16250000000002274, 0.000000000000000000, 0.000000000000000000 ) ) ;
#831 = LINE ( 'NONE', #975, #918 ) ;
#832 = CIRCLE ( 'NONE', #1159, 1.000000000000000888 ) ;
#833 = EDGE_LOOP ( 'NONE', ( #962, #1158 ) ) ;
#834 = CARTESIAN_POINT ( 'NONE',  ( -4.000000000000017764, -19.56456963262515814, 103.0218750000000227 ) ) ;
#835 = CARTESIAN_POINT ( 'NONE',  ( 85.16250000000002274, -19.56456963262515814, -4.000000000000010658 ) ) ;
#836 = ORIENTED_EDGE ( 'NONE', *, *, #1304, .F. ) ;
#837 = ADVANCED_FACE ( 'NONE', ( #1201 ), #241, .F. ) ;
#838 = EDGE_CURVE ( 'NONE', #828, #1186, #1534, .T. ) ;
#839 = EDGE_CURVE ( 'NONE', #331, #1193, #143, .T. ) ;
#840 = CARTESIAN_POINT ( 'NONE',  ( 50.58125000000003268, 1.510000000000000009, 104.0218750000000085 ) ) ;
#841 = AXIS2_PLACEMENT_3D ( 'NONE', #404, #253, #128 ) ;
#842 = ORIENTED_EDGE ( 'NONE', *, *, #109, .F. ) ;
#843 = LINE ( 'NONE', #993, #1278 ) ;
#844 = ORIENTED_EDGE ( 'NONE', *, *, #1040, .F. ) ;
#845 = CYLINDRICAL_SURFACE ( 'NONE', #1031, 1.699999999999999289 ) ;
#846 = DIRECTION ( 'NONE',  ( 0.7071067811865456854, 0.000000000000000000, -0.7071067811865493491 ) ) ;
#847 = FACE_OUTER_BOUND ( 'NONE', #508, .T. ) ;
#848 =( BOUNDED_CURVE ( )  B_SPLINE_CURVE ( 3, ( #1027, #1606, #1438, #604 ),
 .UNSPECIFIED., .F., .T. ) 
 B_SPLINE_CURVE_WITH_KNOTS ( ( 4, 4 ),
 ( 1.323940046656717370E-16, 3.141592653589793116 ),
 .UNSPECIFIED. ) 
 CURVE ( )  GEOMETRIC_REPRESENTATION_ITEM ( )  RATIONAL_B_SPLINE_CURVE ( ( 1.000000000000000000, 0.3333333333333333703, 0.3333333333333333703, 1.000000000000000000 ) ) 
 REPRESENTATION_ITEM ( '' )  );
#849 = AXIS2_PLACEMENT_3D ( 'NONE', #1118, #703, #568 ) ;
#850 = DIRECTION ( 'NONE',  ( 0.000000000000000000, -1.000000000000000000, 0.000000000000000000 ) ) ;
#851 = ORIENTED_EDGE ( 'NONE', *, *, #427, .T. ) ;
#852 = LINE ( 'NONE', #961, #726 ) ;
#853 = EDGE_LOOP ( 'NONE', ( #1293, #1243, #1183, #423 ) ) ;
#854 = CARTESIAN_POINT ( 'NONE',  ( 30.58124999999998650, 3.510000000000000231, -3.000000000000011546 ) ) ;
#855 = VERTEX_POINT ( 'NONE', #854 ) ;
#856 = FACE_BOUND ( 'NONE', #996, .T. ) ;
#857 =( BOUNDED_CURVE ( )  B_SPLINE_CURVE ( 3, ( #342, #1160, #332, #1189 ),
 .UNSPECIFIED., .F., .F. ) 
 B_SPLINE_CURVE_WITH_KNOTS ( ( 4, 4 ),
 ( 1.570796326794896558, 3.141592653589793560 ),
 .UNSPECIFIED. ) 
 CURVE ( )  GEOMETRIC_REPRESENTATION_ITEM ( )  RATIONAL_B_SPLINE_CURVE ( ( 1.000000000000000000, 0.8047378541243649375, 0.8047378541243649375, 1.000000000000000000 ) ) 
 REPRESENTATION_ITEM ( '' )  );
#858 = CARTESIAN_POINT ( 'NONE',  ( 84.16250000000002274, -4.000000000000000000, 107.0218750000000227 ) ) ;
#859 = DIRECTION ( 'NONE',  ( -1.249768617711323703E-16, 0.000000000000000000, -1.000000000000000000 ) ) ;
#860 = EDGE_CURVE ( 'NONE', #1237, #1285, #1491, .T. ) ;
#861 = AXIS2_PLACEMENT_3D ( 'NONE', #834, #984, #1655 ) ;
#862 = CARTESIAN_POINT ( 'NONE',  ( 85.16250000000003695, -1.489999999999999991, 100.1218750000000313 ) ) ;
#863 = DIRECTION ( 'NONE',  ( 0.000000000000000000, 0.000000000000000000, -1.000000000000000000 ) ) ;
#864 = EDGE_LOOP ( 'NONE', ( #1313, #439 ) ) ;
#865 = DIRECTION ( 'NONE',  ( -0.000000000000000000, 1.000000000000000000, -0.000000000000000000 ) ) ;
#866 = EDGE_CURVE ( 'NONE', #1426, #374, #1682, .T. ) ;
#867 = CARTESIAN_POINT ( 'NONE',  ( 30.58124999999998650, 1.510000000000000009, -4.000000000000000888 ) ) ;
#868 = AXIS2_PLACEMENT_3D ( 'NONE', #1038, #49, #78 ) ;
#869 = ADVANCED_FACE ( 'NONE', ( #290 ), #1657, .F. ) ;
#870 = DIRECTION ( 'NONE',  ( 0.000000000000000000, 0.000000000000000000, -1.000000000000000000 ) ) ;
#871 = VERTEX_POINT ( 'NONE', #1281 ) ;
#872 = ADVANCED_FACE ( 'NONE', ( #1127 ), #1674, .F. ) ;
#873 = CARTESIAN_POINT ( 'NONE',  ( 81.16250000000002274, -4.000000000000000000, 99.02187500000002274 ) ) ;
#874 = DIRECTION ( 'NONE',  ( 0.000000000000000000, 1.000000000000000000, -0.000000000000000000 ) ) ;
#875 = DIRECTION ( 'NONE',  ( 0.000000000000000000, 0.000000000000000000, -1.000000000000000000 ) ) ;
#876 = APPLICATION_PROTOCOL_DEFINITION ( 'draft international standard', 'automotive_design', 1998, #776 ) ;
#877 = EDGE_LOOP ( 'NONE', ( #115, #107, #205, #836 ) ) ;
#878 = DIRECTION ( 'NONE',  ( 0.000000000000000000, 0.000000000000000000, 1.000000000000000000 ) ) ;
#879 = LINE ( 'NONE', #1702, #519 ) ;
#880 = ORIENTED_EDGE ( 'NONE', *, *, #1512, .F. ) ;
#881 = CARTESIAN_POINT ( 'NONE',  ( 50.58125000000001847, 3.510000000000000231, 103.0218750000000085 ) ) ;
#882 = AXIS2_PLACEMENT_3D ( 'NONE', #884, #1712, #1052 ) ;
#883 = FACE_OUTER_BOUND ( 'NONE', #20, .T. ) ;
#884 = CARTESIAN_POINT ( 'NONE',  ( -4.000000000000017764, -1.489999999999999991, -4.000000000000000000 ) ) ;
#885 = ORIENTED_EDGE ( 'NONE', *, *, #1469, .T. ) ;
#886 = DIRECTION ( 'NONE',  ( 0.000000000000000000, 0.000000000000000000, 1.000000000000000000 ) ) ;
#887 = AXIS2_PLACEMENT_3D ( 'NONE', #157, #127, #719 ) ;
#888 = EDGE_LOOP ( 'NONE', ( #816, #575, #1299, #1088 ) ) ;
#889 = DIRECTION ( 'NONE',  ( 0.000000000000000000, 0.000000000000000000, 1.000000000000000000 ) ) ;
#890 = DIRECTION ( 'NONE',  ( 0.000000000000000000, 0.000000000000000000, 1.000000000000000000 ) ) ;
#891 = VECTOR ( 'NONE', #1353, 1000.000000000000000 ) ;
#892 = ORIENTED_EDGE ( 'NONE', *, *, #1725, .F. ) ;
#893 = DIRECTION ( 'NONE',  ( 0.000000000000000000, 1.000000000000000000, 0.000000000000000000 ) ) ;
#894 = AXIS2_PLACEMENT_3D ( 'NONE', #313, #1312, #73 ) ;
#895 = LINE ( 'NONE', #633, #1034 ) ;
#896 = VERTEX_POINT ( 'NONE', #1395 ) ;
#897 = EDGE_CURVE ( 'NONE', #1571, #919, #1407, .T. ) ;
#898 = PLANE ( 'NONE',  #92 ) ;
#899 = ADVANCED_FACE ( 'NONE', ( #1527 ), #1651, .T. ) ;
#900 = EDGE_CURVE ( 'NONE', #1268, #347, #1552, .T. ) ;
#901 = DIRECTION ( 'NONE',  ( 1.000000000000000000, -0.000000000000000000, 0.000000000000000000 ) ) ;
#902 = ORIENTED_EDGE ( 'NONE', *, *, #1222, .T. ) ;
#903 = CARTESIAN_POINT ( 'NONE',  ( -7.999999999999992895, 1.510000000000000009, 102.0218750000000227 ) ) ;
#904 = ORIENTED_EDGE ( 'NONE', *, *, #1537, .T. ) ;
#905 = CARTESIAN_POINT ( 'NONE',  ( 81.16250000000002274, 1.510000000000000009, 99.02187500000000853 ) ) ;
#906 = EDGE_CURVE ( 'NONE', #666, #550, #1412, .T. ) ;
#907 = CARTESIAN_POINT ( 'NONE',  ( 30.58124999999998650, 3.510000000000000231, -5.000000000000004441 ) ) ;
#908 = VECTOR ( 'NONE', #683, 1000.000000000000000 ) ;
#909 = EDGE_LOOP ( 'NONE', ( #1175, #69, #753, #159 ) ) ;
#910 = ADVANCED_FACE ( 'NONE', ( #822 ), #138, .F. ) ;
#911 = DIRECTION ( 'NONE',  ( 0.000000000000000000, 1.000000000000000000, -0.000000000000000000 ) ) ;
#912 = CARTESIAN_POINT ( 'NONE',  ( 81.16250000000002274, -4.000000000000000000, 4.999999999999997335 ) ) ;
#913 = ORIENTED_EDGE ( 'NONE', *, *, #1346, .T. ) ;
#914 = CARTESIAN_POINT ( 'NONE',  ( -4.000000000000017764, 1.510000000000000009, 101.3218750000000199 ) ) ;
#915 = PLANE ( 'NONE',  #1501 ) ;
#916 = CARTESIAN_POINT ( 'NONE',  ( 2.500000000000000000, -4.000000000000000000, 2.500000000000026201 ) ) ;
#917 = EDGE_LOOP ( 'NONE', ( #670, #1460, #1495, #1341 ) ) ;
#918 = VECTOR ( 'NONE', #1523, 1000.000000000000000 ) ;
#919 = VERTEX_POINT ( 'NONE', #163 ) ;
#920 = FACE_OUTER_BOUND ( 'NONE', #1543, .T. ) ;
#921 = EDGE_CURVE ( 'NONE', #337, #1735, #971, .T. ) ;
#922 = ORIENTED_EDGE ( 'NONE', *, *, #1, .F. ) ;
#923 = CARTESIAN_POINT ( 'NONE',  ( 50.58125000000001847, 1.510000000000000009, 102.0218750000000227 ) ) ;
#924 = VECTOR ( 'NONE', #1350, 1000.000000000000000 ) ;
#925 = ORIENTED_EDGE ( 'NONE', *, *, #1414, .F. ) ;
#926 = CARTESIAN_POINT ( 'NONE',  ( 85.16250000000002274, -1.489999999999999991, -4.000000000000010658 ) ) ;
#927 = DIRECTION ( 'NONE',  ( -1.000000000000000000, -0.000000000000000000, 1.323940046656717370E-16 ) ) ;
#928 = ORIENTED_EDGE ( 'NONE', *, *, #1469, .F. ) ;
#929 = AXIS2_PLACEMENT_3D ( 'NONE', #1325, #1595, #189 ) ;
#930 = ADVANCED_FACE ( 'NONE', ( #297 ), #845, .F. ) ;
#931 = CARTESIAN_POINT ( 'NONE',  ( 89.16250000000003695, -9.682654467561679468, 104.9508071881345472 ) ) ;
#932 = ORIENTED_EDGE ( 'NONE', *, *, #265, .F. ) ;
#933 = CARTESIAN_POINT ( 'NONE',  ( -8.000000000000005329, -4.000000000000000000, 9.652277226615868399E-16 ) ) ;
#934 = DIRECTION ( 'NONE',  ( 0.000000000000000000, 1.000000000000000000, -0.000000000000000000 ) ) ;
#935 = EDGE_CURVE ( 'NONE', #1411, #871, #22, .T. ) ;
#936 = DIRECTION ( 'NONE',  ( 0.000000000000000000, 0.000000000000000000, -1.000000000000000000 ) ) ;
#937 = AXIS2_PLACEMENT_3D ( 'NONE', #1705, #1694, #1302 ) ;
#938 = ORIENTED_EDGE ( 'NONE', *, *, #1226, .T. ) ;
#939 = VECTOR ( 'NONE', #1472, 1000.000000000000000 ) ;
#940 = EDGE_CURVE ( 'NONE', #989, #108, #560, .T. ) ;
#941 = FACE_OUTER_BOUND ( 'NONE', #88, .T. ) ;
#942 = ORIENTED_EDGE ( 'NONE', *, *, #1232, .F. ) ;
#943 = CARTESIAN_POINT ( 'NONE',  ( -4.000000000000017764, 1.510000000000000009, 103.0218750000000227 ) ) ;
#944 = ORIENTED_EDGE ( 'NONE', *, *, #696, .T. ) ;
#945 = CARTESIAN_POINT ( 'NONE',  ( -2.999999999999993339, 1.510000000000000009, 102.0218750000000227 ) ) ;
#946 = DIRECTION ( 'NONE',  ( 1.000000000000000000, -0.000000000000000000, 0.000000000000000000 ) ) ;
#947 = EDGE_LOOP ( 'NONE', ( #302, #1459, #1530, #1366 ) ) ;
#948 = VECTOR ( 'NONE', #695, 1000.000000000000000 ) ;
#949 = VERTEX_POINT ( 'NONE', #862 ) ;
#950 = DIRECTION ( 'NONE',  ( -0.000000000000000000, 1.000000000000000000, -0.000000000000000000 ) ) ;
#951 = ORIENTED_EDGE ( 'NONE', *, *, #558, .T. ) ;
#952 = LINE ( 'NONE', #787, #908 ) ;
#953 = VERTEX_POINT ( 'NONE', #751 ) ;
#954 = DIRECTION ( 'NONE',  ( 0.000000000000000000, -1.000000000000000000, 0.000000000000000000 ) ) ;
#955 = DIRECTION ( 'NONE',  ( 0.000000000000000000, 0.000000000000000000, 1.000000000000000000 ) ) ;
#956 = EDGE_LOOP ( 'NONE', ( #283, #190, #615, #181 ) ) ;
#957 = VECTOR ( 'NONE', #1117, 1000.000000000000000 ) ;
#958 = LINE ( 'NONE', #1275, #1214 ) ;
#959 = ORIENTED_EDGE ( 'NONE', *, *, #1664, .T. ) ;
#960 = CARTESIAN_POINT ( 'NONE',  ( -7.999999999999991118, -9.682654467561681244, 104.9508071881345614 ) ) ;
#961 = CARTESIAN_POINT ( 'NONE',  ( 81.16250000000002274, 0.000000000000000000, 0.000000000000000000 ) ) ;
#962 = ORIENTED_EDGE ( 'NONE', *, *, #1044, .T. ) ;
#963 = CARTESIAN_POINT ( 'NONE',  ( 76.16249999999993747, 0.000000000000000000, 0.000000000000000000 ) ) ;
#964 = VERTEX_POINT ( 'NONE', #1025 ) ;
#965 = ORIENTED_EDGE ( 'NONE', *, *, #179, .T. ) ;
#966 = EDGE_CURVE ( 'NONE', #344, #1084, #832, .T. ) ;
#967 = DIRECTION ( 'NONE',  ( 0.000000000000000000, 0.000000000000000000, 1.000000000000000000 ) ) ;
#968 = CARTESIAN_POINT ( 'NONE',  ( 180.8912826958707285, -4.000000000000000000, -2.396004885679705148E-14 ) ) ;
#969 = PLANE ( 'NONE',  #1191 ) ;
#970 = ORIENTED_EDGE ( 'NONE', *, *, #310, .F. ) ;
#971 = LINE ( 'NONE', #1519, #948 ) ;
#972 = EDGE_LOOP ( 'NONE', ( #61, #1309 ) ) ;
#973 = ORIENTED_EDGE ( 'NONE', *, *, #589, .F. ) ;
#974 = AXIS2_PLACEMENT_3D ( 'NONE', #360, #1729, #506 ) ;
#975 = CARTESIAN_POINT ( 'NONE',  ( 50.58125000000003268, 3.510000000000000231, 104.0218750000000085 ) ) ;
#976 = CARTESIAN_POINT ( 'NONE',  ( 38.08124999999930083, 0.000000000000000000, -38.08124999999996874 ) ) ;
#977 = ORIENTED_EDGE ( 'NONE', *, *, #429, .T. ) ;
#978 = CARTESIAN_POINT ( 'NONE',  ( 85.16250000000003695, -10.10513129095885176, 100.1218750000000313 ) ) ;
#979 = EDGE_CURVE ( 'NONE', #41, #692, #1182, .T. ) ;
#980 = ORIENTED_EDGE ( 'NONE', *, *, #1065, .T. ) ;
#981 = VECTOR ( 'NONE', #246, 1000.000000000000000 ) ;
#982 = LINE ( 'NONE', #1133, #1773 ) ;
#983 = ORIENTED_EDGE ( 'NONE', *, *, #1115, .T. ) ;
#984 = DIRECTION ( 'NONE',  ( -0.000000000000000000, 1.000000000000000000, -0.000000000000000000 ) ) ;
#985 = ORIENTED_EDGE ( 'NONE', *, *, #1097, .T. ) ;
#986 = DIRECTION ( 'NONE',  ( -1.000000000000000000, 0.000000000000000000, 1.301042606982603349E-16 ) ) ;
#987 = VERTEX_POINT ( 'NONE', #323 ) ;
#988 = UNCERTAINTY_MEASURE_WITH_UNIT (LENGTH_MEASURE( 1.000000000000000082E-05 ), #507, 'distance_accuracy_value', 'NONE');
#989 = VERTEX_POINT ( 'NONE', #873 ) ;
#990 =( BOUNDED_CURVE ( )  B_SPLINE_CURVE ( 3, ( #47, #1151, #1693, #1429 ),
 .UNSPECIFIED., .F., .T. ) 
 B_SPLINE_CURVE_WITH_KNOTS ( ( 4, 4 ),
 ( 1.323940046656717370E-16, 3.141592653589793116 ),
 .UNSPECIFIED. ) 
 CURVE ( )  GEOMETRIC_REPRESENTATION_ITEM ( )  RATIONAL_B_SPLINE_CURVE ( ( 1.000000000000000000, 0.3333333333333333703, 0.3333333333333333703, 1.000000000000000000 ) ) 
 REPRESENTATION_ITEM ( '' )  );
#991 = LINE ( 'NONE', #1109, #393 ) ;
#992 = AXIS2_PLACEMENT_3D ( 'NONE', #943, #1618, #1603 ) ;
#993 = CARTESIAN_POINT ( 'NONE',  ( 6.938893903907228378E-15, 1.972152263052530827E-31, 99.02187500000003695 ) ) ;
#994 = EDGE_LOOP ( 'NONE', ( #1331, #736, #815, #786 ) ) ;
#995 = CARTESIAN_POINT ( 'NONE',  ( 50.58125000000001847, 3.510000000000000231, 103.0218750000000085 ) ) ;
#996 = EDGE_LOOP ( 'NONE', ( #164, #460 ) ) ;
#997 = FACE_BOUND ( 'NONE', #74, .T. ) ;
#998 = AXIS2_PLACEMENT_3D ( 'NONE', #995, #1143, #148 ) ;
#999 = VECTOR ( 'NONE', #846, 1000.000000000000114 ) ;
#1000 = DIRECTION ( 'NONE',  ( 0.000000000000000000, 0.000000000000000000, 1.000000000000000000 ) ) ;
#1001 = AXIS2_PLACEMENT_3D ( 'NONE', #411, #286, #1267 ) ;
#1002 = CARTESIAN_POINT ( 'NONE',  ( -4.000000000000017764, 1.510000000000000009, -4.000000000000000000 ) ) ;
#1003 = VERTEX_POINT ( 'NONE', #1573 ) ;
#1004 = CARTESIAN_POINT ( 'NONE',  ( 79.36250000000003979, -9.597697042508531950, 105.9218750000000284 ) ) ;
#1005 = EDGE_CURVE ( 'NONE', #654, #119, #857, .T. ) ;
#1006 = VERTEX_POINT ( 'NONE', #610 ) ;
#1007 = CARTESIAN_POINT ( 'NONE',  ( 84.16250000000000853, -19.56456963262516169, -8.000000000000000000 ) ) ;
#1008 = EDGE_CURVE ( 'NONE', #1616, #331, #1392, .T. ) ;
#1009 = AXIS2_PLACEMENT_3D ( 'NONE', #801, #911, #121 ) ;
#1010 = CARTESIAN_POINT ( 'NONE',  ( 90.96250000000004832, -9.597697042508531950, 105.9218750000000284 ) ) ;
#1011 = LINE ( 'NONE', #472, #1354 ) ;
#1012 = ORIENTED_EDGE ( 'NONE', *, *, #1005, .T. ) ;
#1013 = AXIS2_PLACEMENT_3D ( 'NONE', #881, #601, #1719 ) ;
#1014 = DIRECTION ( 'NONE',  ( 0.000000000000000000, 1.000000000000000000, -0.000000000000000000 ) ) ;
#1015 = DIRECTION ( 'NONE',  ( 0.000000000000000000, -0.000000000000000000, 1.000000000000000000 ) ) ;
#1016 = CARTESIAN_POINT ( 'NONE',  ( 85.16250000000003695, 1.510000000000000009, 103.0218750000000227 ) ) ;
#1017 = DIRECTION ( 'NONE',  ( 0.000000000000000000, -0.08715574274765169882, -0.9961946980917461003 ) ) ;
#1018 = ORIENTED_EDGE ( 'NONE', *, *, #231, .F. ) ;
#1019 = PRODUCT ( 'Lucky15_Bottom', 'Lucky15_Bottom', '', ( #1329 ) ) ;
#1020 = ADVANCED_FACE ( 'NONE', ( #1435 ), #1047, .T. ) ;
#1021 = DIRECTION ( 'NONE',  ( 1.000000000000000000, -0.000000000000000000, 0.000000000000000000 ) ) ;
#1022 = AXIS2_PLACEMENT_3D ( 'NONE', #1016, #1564, #875 ) ;
#1023 = FACE_OUTER_BOUND ( 'NONE', #1087, .T. ) ;
#1024 = ORIENTED_EDGE ( 'NONE', *, *, #1076, .F. ) ;
#1025 = CARTESIAN_POINT ( 'NONE',  ( -5.204170427930421283E-15, -4.000000000000000000, 8.579693065220249008E-15 ) ) ;
#1026 = FACE_BOUND ( 'NONE', #213, .T. ) ;
#1027 = CARTESIAN_POINT ( 'NONE',  ( -4.000000000000017764, -9.597697042508533727, 105.9218750000000284 ) ) ;
#1028 = ORIENTED_EDGE ( 'NONE', *, *, #1072, .F. ) ;
#1029 = FACE_OUTER_BOUND ( 'NONE', #572, .T. ) ;
#1030 = EDGE_LOOP ( 'NONE', ( #1494, #977, #444, #244 ) ) ;
#1031 = AXIS2_PLACEMENT_3D ( 'NONE', #1402, #715, #30 ) ;
#1032 = DIRECTION ( 'NONE',  ( 0.000000000000000000, 1.000000000000000000, -0.000000000000000000 ) ) ;
#1033 = CARTESIAN_POINT ( 'NONE',  ( 85.16250000000002274, -1.489999999999999991, -4.000000000000010658 ) ) ;
#1034 = VECTOR ( 'NONE', #1328, 1000.000000000000000 ) ;
#1035 = ORIENTED_EDGE ( 'NONE', *, *, #1646, .T. ) ;
#1036 = LINE ( 'NONE', #76, #752 ) ;
#1037 = ADVANCED_FACE ( 'NONE', ( #1562 ), #1306, .F. ) ;
#1038 = CARTESIAN_POINT ( 'NONE',  ( 85.16250000000003695, -1.489999999999999991, 103.0218750000000227 ) ) ;
#1039 = EDGE_LOOP ( 'NONE', ( #1612, #269, #580, #1357 ) ) ;
#1040 = EDGE_CURVE ( 'NONE', #949, #1377, #1082, .T. ) ;
#1041 = EDGE_CURVE ( 'NONE', #871, #1411, #1106, .T. ) ;
#1042 = CARTESIAN_POINT ( 'NONE',  ( -4.000000000000017764, -1.489999999999999991, -1.100000000000000311 ) ) ;
#1043 = VECTOR ( 'NONE', #457, 1000.000000000000000 ) ;
#1044 = EDGE_CURVE ( 'NONE', #1533, #713, #1475, .T. ) ;
#1045 = CARTESIAN_POINT ( 'NONE',  ( 85.16250000000002274, -18.96089785429633423, -1.100000000000010747 ) ) ;
#1046 = ORIENTED_EDGE ( 'NONE', *, *, #591, .T. ) ;
#1047 = CYLINDRICAL_SURFACE ( 'NONE', #929, 1.000000000000000888 ) ;
#1048 = VECTOR ( 'NONE', #1739, 1000.000000000000000 ) ;
#1049 = ORIENTED_EDGE ( 'NONE', *, *, #1222, .F. ) ;
#1050 = PLANE ( 'NONE',  #1442 ) ;
#1051 = CIRCLE ( 'NONE', #809, 1.700000000000000178 ) ;
#1052 = DIRECTION ( 'NONE',  ( 0.000000000000000000, 0.000000000000000000, 1.000000000000000000 ) ) ;
#1053 = ORIENTED_EDGE ( 'NONE', *, *, #223, .F. ) ;
#1054 = ORIENTED_EDGE ( 'NONE', *, *, #588, .T. ) ;
#1055 = LINE ( 'NONE', #402, #1589 ) ;
#1056 = FACE_OUTER_BOUND ( 'NONE', #994, .T. ) ;
#1057 = CARTESIAN_POINT ( 'NONE',  ( 85.16250000000002274, -1.489999999999999991, -4.000000000000010658 ) ) ;
#1058 = EDGE_LOOP ( 'NONE', ( #1342, #504, #662, #1194 ) ) ;
#1059 = ORIENTED_EDGE ( 'NONE', *, *, #272, .T. ) ;
#1060 = CARTESIAN_POINT ( 'NONE',  ( 0.000000000000000000, -1.489999999999999991, 0.000000000000000000 ) ) ;
#1061 = CARTESIAN_POINT ( 'NONE',  ( -6.938893903907228378E-15, -4.000000000000000000, 94.02187499999998010 ) ) ;
#1062 = VERTEX_POINT ( 'NONE', #473 ) ;
#1063 = ORIENTED_EDGE ( 'NONE', *, *, #1225, .F. ) ;
#1064 = FACE_OUTER_BOUND ( 'NONE', #972, .T. ) ;
#1065 = EDGE_CURVE ( 'NONE', #1349, #1193, #318, .T. ) ;
#1066 = ORIENTED_EDGE ( 'NONE', *, *, #966, .F. ) ;
#1067 = CARTESIAN_POINT ( 'NONE',  ( -4.000000000000017764, 1.510000000000000009, 103.0218750000000227 ) ) ;
#1068 = EDGE_LOOP ( 'NONE', ( #1356, #783, #228, #892 ) ) ;
#1069 = VERTEX_POINT ( 'NONE', #1170 ) ;
#1070 = DIRECTION ( 'NONE',  ( -0.000000000000000000, -1.000000000000000000, -0.000000000000000000 ) ) ;
#1071 = SURFACE_SIDE_STYLE ('',( #1355 ) ) ;
#1072 = EDGE_CURVE ( 'NONE', #1489, #1164, #1557, .T. ) ;
#1073 = AXIS2_PLACEMENT_3D ( 'NONE', #478, #1443, #1000 ) ;
#1074 = ORIENTED_EDGE ( 'NONE', *, *, #940, .F. ) ;
#1075 = EDGE_CURVE ( 'NONE', #1553, #1211, #784, .T. ) ;
#1076 = EDGE_CURVE ( 'NONE', #1248, #820, #201, .T. ) ;
#1077 = DIRECTION ( 'NONE',  ( -0.7071067811865512365, 0.000000000000000000, 0.7071067811865439090 ) ) ;
#1078 = EDGE_LOOP ( 'NONE', ( #390, #1478 ) ) ;
#1079 = LINE ( 'NONE', #803, #1367 ) ;
#1080 = FACE_OUTER_BOUND ( 'NONE', #1283, .T. ) ;
#1081 = EDGE_LOOP ( 'NONE', ( #29, #514 ) ) ;
#1082 = CIRCLE ( 'NONE', #1249, 2.899999999999999911 ) ;
#1083 = CARTESIAN_POINT ( 'NONE',  ( -3.000000000000006217, -4.000000000000000000, -7.999999999999989342 ) ) ;
#1084 = VERTEX_POINT ( 'NONE', #212 ) ;
#1085 = FACE_OUTER_BOUND ( 'NONE', #853, .T. ) ;
#1086 = CARTESIAN_POINT ( 'NONE',  ( 6.938893903907228378E-15, -7.189909308207336203, 99.02187500000003695 ) ) ;
#1087 = EDGE_LOOP ( 'NONE', ( #1035, #1450, #1524 ) ) ;
#1088 = ORIENTED_EDGE ( 'NONE', *, *, #24, .F. ) ;
#1089 = VECTOR ( 'NONE', #566, 1000.000000000000000 ) ;
#1090 = PLANE ( 'NONE',  #698 ) ;
#1091 = CARTESIAN_POINT ( 'NONE',  ( -4.000000000000017764, 1.510000000000000009, -5.700000000000000178 ) ) ;
#1092 = DIRECTION ( 'NONE',  ( -0.000000000000000000, 1.000000000000000000, -0.000000000000000000 ) ) ;
#1093 = VECTOR ( 'NONE', #1663, 1000.000000000000000 ) ;
#1094 = VECTOR ( 'NONE', #1161, 1000.000000000000000 ) ;
#1095 = PRODUCT_DEFINITION_SHAPE ( 'NONE', 'NONE',  #1125 ) ;
#1096 = ORIENTED_EDGE ( 'NONE', *, *, #1439, .T. ) ;
#1097 = EDGE_CURVE ( 'NONE', #1135, #347, #75, .T. ) ;
#1098 = DIRECTION ( 'NONE',  ( 1.000000000000000000, 0.000000000000000000, 0.000000000000000000 ) ) ;
#1099 = EDGE_CURVE ( 'NONE', #1489, #713, #638, .T. ) ;
#1100 = CARTESIAN_POINT ( 'NONE',  ( 30.58125000000001137, 3.510000000000000231, 103.0218750000000085 ) ) ;
#1101 = LINE ( 'NONE', #129, #891 ) ;
#1102 = CARTESIAN_POINT ( 'NONE',  ( 30.58124999999998650, 3.510000000000000231, 104.0218750000000085 ) ) ;
#1103 = CIRCLE ( 'NONE', #1009, 1.700000000000000178 ) ;
#1104 = ORIENTED_EDGE ( 'NONE', *, *, #1566, .T. ) ;
#1105 = ORIENTED_EDGE ( 'NONE', *, *, #558, .F. ) ;
#1106 = CIRCLE ( 'NONE', #291, 2.899999999999999911 ) ;
#1107 = PLANE ( 'NONE',  #1724 ) ;
#1108 = EDGE_LOOP ( 'NONE', ( #433, #634 ) ) ;
#1109 = CARTESIAN_POINT ( 'NONE',  ( -47.01093749999999716, 0.000000000000000000, 47.01093749999984794 ) ) ;
#1110 = LINE ( 'NONE', #714, #264 ) ;
#1111 = CARTESIAN_POINT ( 'NONE',  ( 180.8912826958707285, -4.000000000000000000, 99.02187500000000853 ) ) ;
#1112 = LINE ( 'NONE', #1652, #83 ) ;
#1113 = VECTOR ( 'NONE', #465, 1000.000000000000000 ) ;
#1114 =( BOUNDED_CURVE ( )  B_SPLINE_CURVE ( 3, ( #188, #750, #758, #1045 ),
 .UNSPECIFIED., .F., .T. ) 
 B_SPLINE_CURVE_WITH_KNOTS ( ( 4, 4 ),
 ( 3.141592653589793116, 6.283185307179586232 ),
 .UNSPECIFIED. ) 
 CURVE ( )  GEOMETRIC_REPRESENTATION_ITEM ( )  RATIONAL_B_SPLINE_CURVE ( ( 1.000000000000000000, 0.3333333333333333703, 0.3333333333333333703, 1.000000000000000000 ) ) 
 REPRESENTATION_ITEM ( '' )  );
#1115 = EDGE_CURVE ( 'NONE', #1511, #658, #1398, .T. ) ;
#1116 = DIRECTION ( 'NONE',  ( 0.000000000000000000, 0.000000000000000000, -1.000000000000000000 ) ) ;
#1117 = DIRECTION ( 'NONE',  ( -1.305045570116457400E-16, -0.08715574274765157392, -0.9961946980917461003 ) ) ;
#1118 = CARTESIAN_POINT ( 'NONE',  ( 85.16250000000003695, -19.56456963262515814, 103.0218750000000227 ) ) ;
#1119 = DIRECTION ( 'NONE',  ( -0.000000000000000000, -1.000000000000000000, -0.000000000000000000 ) ) ;
#1120 = VECTOR ( 'NONE', #1449, 1000.000000000000000 ) ;
#1121 =( BOUNDED_CURVE ( )  B_SPLINE_CURVE ( 3, ( #1560, #1709, #480, #340 ),
 .UNSPECIFIED., .F., .T. ) 
 B_SPLINE_CURVE_WITH_KNOTS ( ( 4, 4 ),
 ( 3.141592653589793116, 6.283185307179586232 ),
 .UNSPECIFIED. ) 
 CURVE ( )  GEOMETRIC_REPRESENTATION_ITEM ( )  RATIONAL_B_SPLINE_CURVE ( ( 1.000000000000000000, 0.3333333333333333703, 0.3333333333333333703, 1.000000000000000000 ) ) 
 REPRESENTATION_ITEM ( '' )  );
#1122 = DIRECTION ( 'NONE',  ( 0.000000000000000000, -1.000000000000000000, 0.000000000000000000 ) ) ;
#1123 = EDGE_CURVE ( 'NONE', #1623, #692, #1490, .T. ) ;
#1124 = ORIENTED_EDGE ( 'NONE', *, *, #860, .F. ) ;
#1125 = PRODUCT_DEFINITION ( 'UNKNOWN', '', #608, #448 ) ;
#1126 = DIRECTION ( 'NONE',  ( 0.000000000000000000, 0.000000000000000000, 1.000000000000000000 ) ) ;
#1127 = FACE_OUTER_BOUND ( 'NONE', #956, .T. ) ;
#1128 = EDGE_CURVE ( 'NONE', #327, #1567, #95, .T. ) ;
#1129 = ORIENTED_EDGE ( 'NONE', *, *, #1413, .T. ) ;
#1130 = VECTOR ( 'NONE', #1418, 1000.000000000000000 ) ;
#1131 = CIRCLE ( 'NONE', #1666, 5.000000000000004441 ) ;
#1132 = VECTOR ( 'NONE', #1467, 1000.000000000000000 ) ;
#1133 = CARTESIAN_POINT ( 'NONE',  ( -2.999999999999992450, -9.501459512630022530, 107.0218750000000369 ) ) ;
#1134 = CARTESIAN_POINT ( 'NONE',  ( -4.000000000000017764, -10.10513129095885354, 100.1218750000000313 ) ) ;
#1135 = VERTEX_POINT ( 'NONE', #235 ) ;
#1136 = DIRECTION ( 'NONE',  ( 0.000000000000000000, 0.000000000000000000, 1.000000000000000000 ) ) ;
#1137 = ORIENTED_EDGE ( 'NONE', *, *, #401, .T. ) ;
#1138 = CARTESIAN_POINT ( 'NONE',  ( 81.16250000000002274, -7.189909308207336203, 99.02187500000002274 ) ) ;
#1139 = CYLINDRICAL_SURFACE ( 'NONE', #1383, 5.000000000000004441 ) ;
#1140 = ORIENTED_EDGE ( 'NONE', *, *, #1667, .T. ) ;
#1141 = CARTESIAN_POINT ( 'NONE',  ( 5.000000000000077272, -4.000000000000000000, 99.02187500000005116 ) ) ;
#1142 = VERTEX_POINT ( 'NONE', #1091 ) ;
#1143 = DIRECTION ( 'NONE',  ( -0.000000000000000000, -1.000000000000000000, -0.000000000000000000 ) ) ;
#1144 = CARTESIAN_POINT ( 'NONE',  ( 50.58125000000001847, 3.510000000000000231, -3.000000000000013767 ) ) ;
#1145 = EDGE_CURVE ( 'NONE', #654, #1135, #812, .T. ) ;
#1146 = CARTESIAN_POINT ( 'NONE',  ( 180.8912826958707285, -4.000000000000000000, -1.536922825999620261E-14 ) ) ;
#1147 = CARTESIAN_POINT ( 'NONE',  ( 30.58124999999998650, 3.510000000000000231, -3.000000000000011546 ) ) ;
#1148 = VECTOR ( 'NONE', #819, 1000.000000000000000 ) ;
#1149 = FACE_OUTER_BOUND ( 'NONE', #773, .T. ) ;
#1150 = DIRECTION ( 'NONE',  ( 0.000000000000000000, 0.000000000000000000, 1.000000000000000000 ) ) ;
#1151 = CARTESIAN_POINT ( 'NONE',  ( -9.800000000000016698, -18.96089785429633068, -1.100000000000000089 ) ) ;
#1152 = ADVANCED_FACE ( 'NONE', ( #674 ), #1372, .F. ) ;
#1153 = DIRECTION ( 'NONE',  ( 0.000000000000000000, 0.000000000000000000, -1.000000000000000000 ) ) ;
#1154 = DIRECTION ( 'NONE',  ( -0.000000000000000000, 0.000000000000000000, 1.000000000000000000 ) ) ;
#1155 = VECTOR ( 'NONE', #1547, 1000.000000000000000 ) ;
#1156 = CARTESIAN_POINT ( 'NONE',  ( 84.16250000000002274, -4.000000000000000000, 102.0218750000000085 ) ) ;
#1157 = CARTESIAN_POINT ( 'NONE',  ( -4.000000000000017764, -1.489999999999999991, -2.299999999999999378 ) ) ;
#1158 = ORIENTED_EDGE ( 'NONE', *, *, #664, .T. ) ;
#1159 = AXIS2_PLACEMENT_3D ( 'NONE', #1428, #1300, #890 ) ;
#1160 = CARTESIAN_POINT ( 'NONE',  ( -8.000000000000005329, -19.38337467769350653, -5.928932188134513837 ) ) ;
#1161 = DIRECTION ( 'NONE',  ( -0.000000000000000000, 1.000000000000000000, -0.000000000000000000 ) ) ;
#1162 = FACE_BOUND ( 'NONE', #415, .T. ) ;
#1163 =( NAMED_UNIT ( * ) PLANE_ANGLE_UNIT ( ) SI_UNIT ( $, .RADIAN. ) );
#1164 = VERTEX_POINT ( 'NONE', #914 ) ;
#1165 = CARTESIAN_POINT ( 'NONE',  ( 0.000000000000000000, 1.510000000000000009, 0.000000000000000000 ) ) ;
#1166 = VERTEX_POINT ( 'NONE', #667 ) ;
#1167 = ADVANCED_FACE ( 'NONE', ( #385 ), #1499, .F. ) ;
#1168 = CARTESIAN_POINT ( 'NONE',  ( 81.16250000000002274, -4.000000000000000000, -2.396004885679705148E-14 ) ) ;
#1169 = CIRCLE ( 'NONE', #1627, 1.700000000000007061 ) ;
#1170 = CARTESIAN_POINT ( 'NONE',  ( 5.000000000000009770, 0.000000000000000000, 99.02187500000000853 ) ) ;
#1171 = FACE_BOUND ( 'NONE', #864, .T. ) ;
#1172 = DIRECTION ( 'NONE',  ( 0.000000000000000000, 1.000000000000000000, -0.000000000000000000 ) ) ;
#1173 = EDGE_CURVE ( 'NONE', #425, #1069, #952, .T. ) ;
#1174 = EDGE_LOOP ( 'NONE', ( #782, #513, #1318, #1526 ) ) ;
#1175 = ORIENTED_EDGE ( 'NONE', *, *, #1484, .T. ) ;
#1176 = CARTESIAN_POINT ( 'NONE',  ( -3.000000000000006217, 1.510000000000000009, -7.999999999999989342 ) ) ;
#1177 = ORIENTED_EDGE ( 'NONE', *, *, #405, .T. ) ;
#1178 = CIRCLE ( 'NONE', #399, 0.9999999999999965583 ) ;
#1179 = VECTOR ( 'NONE', #1665, 1000.000000000000000 ) ;
#1180 = FACE_OUTER_BOUND ( 'NONE', #358, .T. ) ;
#1181 = ORIENTED_EDGE ( 'NONE', *, *, #1041, .T. ) ;
#1182 = LINE ( 'NONE', #56, #62 ) ;
#1183 = ORIENTED_EDGE ( 'NONE', *, *, #77, .F. ) ;
#1184 = FACE_OUTER_BOUND ( 'NONE', #1058, .T. ) ;
#1185 = CARTESIAN_POINT ( 'NONE',  ( 85.16250000000003695, -19.56456963262515814, 105.9218750000000284 ) ) ;
#1186 = VERTEX_POINT ( 'NONE', #245 ) ;
#1187 = DIRECTION ( 'NONE',  ( 0.000000000000000000, 1.000000000000000000, 0.000000000000000000 ) ) ;
#1188 = CARTESIAN_POINT ( 'NONE',  ( 0.000000000000000000, 0.000000000000000000, 0.000000000000000000 ) ) ;
#1189 = CARTESIAN_POINT ( 'NONE',  ( -3.000000000000002665, -19.56456963262516169, -7.999999999999988454 ) ) ;
#1190 = FACE_OUTER_BOUND ( 'NONE', #1645, .T. ) ;
#1191 = AXIS2_PLACEMENT_3D ( 'NONE', #1254, #430, #28 ) ;
#1192 = CARTESIAN_POINT ( 'NONE',  ( -4.000000000000017764, -1.489999999999999991, 104.7218750000000398 ) ) ;
#1193 = VERTEX_POINT ( 'NONE', #923 ) ;
#1194 = ORIENTED_EDGE ( 'NONE', *, *, #839, .T. ) ;
#1195 = EDGE_CURVE ( 'NONE', #108, #1271, #1345, .T. ) ;
#1196 = DIRECTION ( 'NONE',  ( -1.000000000000000000, -0.000000000000000000, 1.323940046656717123E-16 ) ) ;
#1197 = EDGE_CURVE ( 'NONE', #1193, #344, #512, .T. ) ;
#1198 = DIRECTION ( 'NONE',  ( 1.305045570116457400E-16, 0.08715574274765169882, 0.9961946980917461003 ) ) ;
#1199 = CIRCLE ( 'NONE', #417, 5.000000000000000000 ) ;
#1200 = LINE ( 'NONE', #1765, #32 ) ;
#1201 = FACE_OUTER_BOUND ( 'NONE', #1068, .T. ) ;
#1202 = ADVANCED_FACE ( 'NONE', ( #1747 ), #523, .T. ) ;
#1203 = VERTEX_POINT ( 'NONE', #778 ) ;
#1204 = EDGE_CURVE ( 'NONE', #1409, #619, #371, .T. ) ;
#1205 = LINE ( 'NONE', #1630, #493 ) ;
#1206 = EDGE_LOOP ( 'NONE', ( #1252, #1104, #1506, #1748 ) ) ;
#1207 = CARTESIAN_POINT ( 'NONE',  ( 30.58125000000001137, 1.510000000000000009, 102.0218750000000227 ) ) ;
#1208 = PLANE ( 'NONE',  #1365 ) ;
#1209 = AXIS2_PLACEMENT_3D ( 'NONE', #1002, #636, #453 ) ;
#1210 = CARTESIAN_POINT ( 'NONE',  ( 79.36250000000002558, -19.46833210274665760, -6.900000000000008349 ) ) ;
#1211 = VERTEX_POINT ( 'NONE', #114 ) ;
#1212 = VERTEX_POINT ( 'NONE', #1215 ) ;
#1213 = CARTESIAN_POINT ( 'NONE',  ( 84.16250000000002274, -9.501459512630024307, 107.0218750000000227 ) ) ;
#1214 = VECTOR ( 'NONE', #865, 1000.000000000000000 ) ;
#1215 = CARTESIAN_POINT ( 'NONE',  ( -2.999999999999988898, -9.501459512630024307, 107.0218750000000369 ) ) ;
#1216 = PLANE ( 'NONE',  #1754 ) ;
#1217 = CIRCLE ( 'NONE', #261, 2.899999999999999911 ) ;
#1218 = DIRECTION ( 'NONE',  ( 0.000000000000000000, 1.000000000000000000, -0.000000000000000000 ) ) ;
#1219 = ORIENTED_EDGE ( 'NONE', *, *, #1698, .T. ) ;
#1220 = CARTESIAN_POINT ( 'NONE',  ( 85.16250000000003695, -1.489999999999999991, 103.0218750000000227 ) ) ;
#1221 = DIRECTION ( 'NONE',  ( -1.000000000000000000, -0.000000000000000000, -0.000000000000000000 ) ) ;
#1222 = EDGE_CURVE ( 'NONE', #1211, #1553, #130, .T. ) ;
#1223 = CYLINDRICAL_SURFACE ( 'NONE', #581, 1.699999999999999289 ) ;
#1224 = ORIENTED_EDGE ( 'NONE', *, *, #1253, .F. ) ;
#1225 = EDGE_CURVE ( 'NONE', #350, #536, #446, .T. ) ;
#1226 = EDGE_CURVE ( 'NONE', #396, #344, #1335, .T. ) ;
#1227 = VECTOR ( 'NONE', #757, 1000.000000000000000 ) ;
#1228 = ADVANCED_FACE ( 'NONE', ( #1085 ), #1464, .T. ) ;
#1229 = CARTESIAN_POINT ( 'NONE',  ( 85.16250000000003695, 1.510000000000000009, 104.7218750000000256 ) ) ;
#1230 = VERTEX_POINT ( 'NONE', #1737 ) ;
#1231 = DIRECTION ( 'NONE',  ( 0.000000000000000000, 1.000000000000000000, 0.000000000000000000 ) ) ;
#1232 = EDGE_CURVE ( 'NONE', #1164, #1489, #1169, .T. ) ;
#1233 = DIRECTION ( 'NONE',  ( 0.000000000000000000, -1.000000000000000000, 0.000000000000000000 ) ) ;
#1234 = FILL_AREA_STYLE ('',( #1476 ) ) ;
#1235 = ORIENTED_EDGE ( 'NONE', *, *, #517, .F. ) ;
#1236 = VECTOR ( 'NONE', #17, 1000.000000000000000 ) ;
#1237 = VERTEX_POINT ( 'NONE', #1515 ) ;
#1238 = AXIS2_PLACEMENT_3D ( 'NONE', #693, #1393, #1259 ) ;
#1239 = CARTESIAN_POINT ( 'NONE',  ( 81.16250000000002274, 0.000000000000000000, 0.000000000000000000 ) ) ;
#1240 = ORIENTED_EDGE ( 'NONE', *, *, #866, .T. ) ;
#1241 = CARTESIAN_POINT ( 'NONE',  ( 85.16250000000003695, -1.489999999999999991, 105.9218750000000284 ) ) ;
#1242 = LINE ( 'NONE', #7, #1644 ) ;
#1243 = ORIENTED_EDGE ( 'NONE', *, *, #1758, .F. ) ;
#1244 = DIRECTION ( 'NONE',  ( 0.000000000000000000, 1.000000000000000000, -0.000000000000000000 ) ) ;
#1245 = AXIS2_PLACEMENT_3D ( 'NONE', #1600, #950, #665 ) ;
#1246 = ORIENTED_EDGE ( 'NONE', *, *, #469, .F. ) ;
#1247 = EDGE_CURVE ( 'NONE', #1592, #1069, #991, .T. ) ;
#1248 = VERTEX_POINT ( 'NONE', #135 ) ;
#1249 = AXIS2_PLACEMENT_3D ( 'NONE', #1455, #46, #65 ) ;
#1250 = ORIENTED_EDGE ( 'NONE', *, *, #622, .T. ) ;
#1251 = LINE ( 'NONE', #1654, #137 ) ;
#1252 = ORIENTED_EDGE ( 'NONE', *, *, #103, .T. ) ;
#1253 = EDGE_CURVE ( 'NONE', #100, #658, #1541, .T. ) ;
#1254 = CARTESIAN_POINT ( 'NONE',  ( 180.8912826958707285, -4.000000000000000000, -2.396004885679705148E-14 ) ) ;
#1255 = DIRECTION ( 'NONE',  ( 0.000000000000000000, -1.000000000000000000, 0.000000000000000000 ) ) ;
#1256 = ORIENTED_EDGE ( 'NONE', *, *, #1332, .F. ) ;
#1257 = COLOUR_RGB ( '',0.7921568627450980005, 0.8196078431372548767, 0.9333333333333333481 ) ;
#1258 = ADVANCED_FACE ( 'NONE', ( #278 ), #1399, .T. ) ;
#1259 = DIRECTION ( 'NONE',  ( 0.000000000000000000, 0.000000000000000000, 1.000000000000000000 ) ) ;
#1260 = ORIENTED_EDGE ( 'NONE', *, *, #616, .T. ) ;
#1261 = EDGE_CURVE ( 'NONE', #705, #327, #1639, .T. ) ;
#1262 = LINE ( 'NONE', #1270, #499 ) ;
#1263 = DIRECTION ( 'NONE',  ( 0.000000000000000000, 0.000000000000000000, 1.000000000000000000 ) ) ;
#1264 = ORIENTED_EDGE ( 'NONE', *, *, #900, .F. ) ;
#1265 = VECTOR ( 'NONE', #927, 1000.000000000000000 ) ;
#1266 = AXIS2_PLACEMENT_3D ( 'NONE', #64, #1427, #210 ) ;
#1267 = DIRECTION ( 'NONE',  ( 0.000000000000000000, 0.000000000000000000, 1.000000000000000000 ) ) ;
#1268 = VERTEX_POINT ( 'NONE', #826 ) ;
#1269 = ORIENTED_EDGE ( 'NONE', *, *, #72, .F. ) ;
#1270 = CARTESIAN_POINT ( 'NONE',  ( -9.998148941690575819E-16, 1.510000000000000009, -7.999999999999989342 ) ) ;
#1271 = VERTEX_POINT ( 'NONE', #1385 ) ;
#1272 = CARTESIAN_POINT ( 'NONE',  ( -8.000000000000005329, 1.510000000000000009, 9.652277226615868399E-16 ) ) ;
#1273 = CARTESIAN_POINT ( 'NONE',  ( 0.000000000000000000, 0.000000000000000000, 0.000000000000000000 ) ) ;
#1274 = VECTOR ( 'NONE', #3, 1000.000000000000000 ) ;
#1275 = CARTESIAN_POINT ( 'NONE',  ( -4.000000000000017764, -19.56456963262515814, -1.100000000000000311 ) ) ;
#1276 = ORIENTED_EDGE ( 'NONE', *, *, #207, .T. ) ;
#1277 = AXIS2_PLACEMENT_3D ( 'NONE', #202, #893, #1015 ) ;
#1278 = VECTOR ( 'NONE', #288, 1000.000000000000000 ) ;
#1279 = CARTESIAN_POINT ( 'NONE',  ( 85.16250000000003695, 1.510000000000000009, 103.0218750000000227 ) ) ;
#1280 = CARTESIAN_POINT ( 'NONE',  ( -7.999999999999992895, 1.510000000000000009, 102.0218750000000227 ) ) ;
#1281 = CARTESIAN_POINT ( 'NONE',  ( -4.000000000000017764, -1.489999999999999991, -6.899999999999999467 ) ) ;
#1282 = ORIENTED_EDGE ( 'NONE', *, *, #1247, .T. ) ;
#1283 = EDGE_LOOP ( 'NONE', ( #498, #118, #242, #637 ) ) ;
#1284 = CARTESIAN_POINT ( 'NONE',  ( -4.000000000000017764, -9.597697042508533727, 105.9218750000000284 ) ) ;
#1285 = VERTEX_POINT ( 'NONE', #274 ) ;
#1286 = ADVANCED_FACE ( 'NONE', ( #301 ), #1649, .T. ) ;
#1287 = PLANE ( 'NONE',  #343 ) ;
#1288 = EDGE_CURVE ( 'NONE', #1473, #1212, #982, .T. ) ;
#1289 = DIRECTION ( 'NONE',  ( 1.000000000000000000, 0.000000000000000000, 0.000000000000000000 ) ) ;
#1290 = ORIENTED_EDGE ( 'NONE', *, *, #397, .F. ) ;
#1291 = DIRECTION ( 'NONE',  ( 0.000000000000000000, 1.000000000000000000, -0.000000000000000000 ) ) ;
#1292 = LINE ( 'NONE', #1327, #497 ) ;
#1293 = ORIENTED_EDGE ( 'NONE', *, *, #1204, .F. ) ;
#1294 = LINE ( 'NONE', #1229, #1155 ) ;
#1295 = ORIENTED_EDGE ( 'NONE', *, *, #405, .F. ) ;
#1296 = DIRECTION ( 'NONE',  ( 0.000000000000000000, 1.000000000000000000, -0.000000000000000000 ) ) ;
#1297 = AXIS2_PLACEMENT_3D ( 'NONE', #1679, #329, #878 ) ;
#1298 = CARTESIAN_POINT ( 'NONE',  ( 30.58124999999998650, 3.510000000000000231, -4.000000000000000888 ) ) ;
#1299 = ORIENTED_EDGE ( 'NONE', *, *, #1044, .F. ) ;
#1300 = DIRECTION ( 'NONE',  ( 0.000000000000000000, 1.000000000000000000, 0.000000000000000000 ) ) ;
#1301 = DIRECTION ( 'NONE',  ( 0.000000000000000000, 0.000000000000000000, 1.000000000000000000 ) ) ;
#1302 = DIRECTION ( 'NONE',  ( 0.000000000000000000, 0.000000000000000000, 1.000000000000000000 ) ) ;
#1303 = ORIENTED_EDGE ( 'NONE', *, *, #1076, .T. ) ;
#1304 = EDGE_CURVE ( 'NONE', #823, #1553, #1251, .T. ) ;
#1305 = DIRECTION ( 'NONE',  ( 1.000000000000000000, 0.000000000000000000, -1.301042606982603349E-16 ) ) ;
#1306 = CYLINDRICAL_SURFACE ( 'NONE', #557, 1.700000000000007061 ) ;
#1307 = CARTESIAN_POINT ( 'NONE',  ( 81.16250000000002274, 1.972152263052530827E-31, 99.02187500000002274 ) ) ;
#1308 = DIRECTION ( 'NONE',  ( -1.000000000000000000, -0.000000000000000000, 1.301042606982603349E-16 ) ) ;
#1309 = ORIENTED_EDGE ( 'NONE', *, *, #1041, .F. ) ;
#1310 = CARTESIAN_POINT ( 'NONE',  ( 0.000000000000000000, 1.510000000000000009, 0.000000000000000000 ) ) ;
#1311 = ORIENTED_EDGE ( 'NONE', *, *, #334, .T. ) ;
#1312 = DIRECTION ( 'NONE',  ( 0.000000000000000000, -1.000000000000000000, 0.000000000000000000 ) ) ;
#1313 = ORIENTED_EDGE ( 'NONE', *, *, #1640, .T. ) ;
#1314 = AXIS2_PLACEMENT_3D ( 'NONE', #802, #1756, #1763 ) ;
#1315 = DIRECTION ( 'NONE',  ( 0.7071067811865536790, 0.000000000000000000, 0.7071067811865414665 ) ) ;
#1316 = FACE_BOUND ( 'NONE', #387, .T. ) ;
#1317 = CARTESIAN_POINT ( 'NONE',  ( 50.58125000000001847, 1.510000000000000009, -3.000000000000013767 ) ) ;
#1318 = ORIENTED_EDGE ( 'NONE', *, *, #236, .F. ) ;
#1319 = DIRECTION ( 'NONE',  ( -1.153889781197266334E-17, 0.9961946980917461003, -0.08715574274765156004 ) ) ;
#1320 = EDGE_LOOP ( 'NONE', ( #725, #885, #1408, #367, #234, #178, #1137, #1673, #220, #125, #1485, #687 ) ) ;
#1321 = AXIS2_PLACEMENT_3D ( 'NONE', #835, #454, #1263 ) ;
#1322 = AXIS2_PLACEMENT_3D ( 'NONE', #624, #1704, #1731 ) ;
#1323 = DIRECTION ( 'NONE',  ( -1.000000000000000000, -0.000000000000000000, 1.323940046656717123E-16 ) ) ;
#1324 = ORIENTED_EDGE ( 'NONE', *, *, #704, .T. ) ;
#1325 = CARTESIAN_POINT ( 'NONE',  ( 30.58125000000001137, 3.510000000000000231, 103.0218750000000085 ) ) ;
#1326 = ORIENTED_EDGE ( 'NONE', *, *, #1304, .T. ) ;
#1327 = CARTESIAN_POINT ( 'NONE',  ( 30.58124999999998650, 3.510000000000000231, 104.0218750000000085 ) ) ;
#1328 = DIRECTION ( 'NONE',  ( 1.310030632180966796E-16, 0.000000000000000000, 1.000000000000000000 ) ) ;
#1329 = PRODUCT_CONTEXT ( 'NONE', #776, 'mechanical' ) ;
#1330 = ORIENTED_EDGE ( 'NONE', *, *, #1072, .T. ) ;
#1331 = ORIENTED_EDGE ( 'NONE', *, *, #48, .T. ) ;
#1332 = EDGE_CURVE ( 'NONE', #536, #647, #556, .T. ) ;
#1333 = DIRECTION ( 'NONE',  ( 0.7071067811865536790, 0.000000000000000000, 0.7071067811865414665 ) ) ;
#1334 = AXIS2_PLACEMENT_3D ( 'NONE', #605, #734, #175 ) ;
#1335 = LINE ( 'NONE', #547, #1678 ) ;
#1336 = EDGE_CURVE ( 'NONE', #828, #1554, #602, .T. ) ;
#1337 = ORIENTED_EDGE ( 'NONE', *, *, #319, .F. ) ;
#1338 = DIRECTION ( 'NONE',  ( 0.000000000000000000, 1.000000000000000000, -0.000000000000000000 ) ) ;
#1339 = VECTOR ( 'NONE', #282, 1000.000000000000000 ) ;
#1340 = DIRECTION ( 'NONE',  ( 0.000000000000000000, 0.000000000000000000, -1.000000000000000000 ) ) ;
#1341 = ORIENTED_EDGE ( 'NONE', *, *, #649, .T. ) ;
#1342 = ORIENTED_EDGE ( 'NONE', *, *, #1197, .T. ) ;
#1343 = CARTESIAN_POINT ( 'NONE',  ( 0.000000000000000000, 1.510000000000000009, 99.02187500000000853 ) ) ;
#1344 = ORIENTED_EDGE ( 'NONE', *, *, #79, .F. ) ;
#1345 = LINE ( 'NONE', #657, #681 ) ;
#1346 = EDGE_CURVE ( 'NONE', #1616, #1349, #831, .T. ) ;
#1347 = CARTESIAN_POINT ( 'NONE',  ( -4.000000000000017764, -1.489999999999999991, -4.000000000000000000 ) ) ;
#1348 = CARTESIAN_POINT ( 'NONE',  ( 50.58125000000001847, 3.510000000000000231, -4.000000000000003553 ) ) ;
#1349 = VERTEX_POINT ( 'NONE', #840 ) ;
#1350 = DIRECTION ( 'NONE',  ( -1.000000000000000000, -0.000000000000000000, 1.323940046656717370E-16 ) ) ;
#1351 = EDGE_LOOP ( 'NONE', ( #299, #844 ) ) ;
#1352 = CARTESIAN_POINT ( 'NONE',  ( 89.16250000000003695, -19.12712631499557503, -3.000000000000000888 ) ) ;
#1353 = DIRECTION ( 'NONE',  ( 1.000000000000000000, -0.000000000000000000, 0.000000000000000000 ) ) ;
#1354 = VECTOR ( 'NONE', #86, 1000.000000000000000 ) ;
#1355 = SURFACE_STYLE_FILL_AREA ( #1234 ) ;
#1356 = ORIENTED_EDGE ( 'NONE', *, *, #1692, .F. ) ;
#1357 = ORIENTED_EDGE ( 'NONE', *, *, #1123, .F. ) ;
#1358 = EDGE_CURVE ( 'NONE', #1554, #828, #742, .T. ) ;
#1359 = CARTESIAN_POINT ( 'NONE',  ( 0.000000000000000000, 0.000000000000000000, 94.02187499999998010 ) ) ;
#1360 = VECTOR ( 'NONE', #1559, 1000.000000000000000 ) ;
#1361 = CARTESIAN_POINT ( 'NONE',  ( 84.16250000000000853, -4.000000000000000000, -3.000000000000000000 ) ) ;
#1362 = ADVANCED_FACE ( 'NONE', ( #1378 ), #1406, .F. ) ;
#1363 = EDGE_CURVE ( 'NONE', #1764, #1237, #571, .T. ) ;
#1364 = DIRECTION ( 'NONE',  ( 0.000000000000000000, 0.000000000000000000, 1.000000000000000000 ) ) ;
#1365 = AXIS2_PLACEMENT_3D ( 'NONE', #255, #225, #780 ) ;
#1366 = ORIENTED_EDGE ( 'NONE', *, *, #1261, .T. ) ;
#1367 = VECTOR ( 'NONE', #1092, 1000.000000000000000 ) ;
#1368 = ORIENTED_EDGE ( 'NONE', *, *, #401, .F. ) ;
#1369 = EDGE_CURVE ( 'NONE', #396, #1003, #218, .T. ) ;
#1370 =( BOUNDED_CURVE ( )  B_SPLINE_CURVE ( 3, ( #1134, #1410, #1662, #567 ),
 .UNSPECIFIED., .F., .T. ) 
 B_SPLINE_CURVE_WITH_KNOTS ( ( 4, 4 ),
 ( 3.141592653589793116, 6.283185307179586232 ),
 .UNSPECIFIED. ) 
 CURVE ( )  GEOMETRIC_REPRESENTATION_ITEM ( )  RATIONAL_B_SPLINE_CURVE ( ( 1.000000000000000000, 0.3333333333333333703, 0.3333333333333333703, 1.000000000000000000 ) ) 
 REPRESENTATION_ITEM ( '' )  );
#1371 = CARTESIAN_POINT ( 'NONE',  ( 30.58124999999998650, 1.510000000000000009, -5.000000000000004441 ) ) ;
#1372 = CYLINDRICAL_SURFACE ( 'NONE', #992, 1.700000000000007061 ) ;
#1373 = DIRECTION ( 'NONE',  ( 0.000000000000000000, 1.000000000000000000, -0.000000000000000000 ) ) ;
#1374 = CARTESIAN_POINT ( 'NONE',  ( 85.16250000000002274, 1.510000000000000009, -5.700000000000009948 ) ) ;
#1375 = ORIENTED_EDGE ( 'NONE', *, *, #1545, .T. ) ;
#1376 = FACE_BOUND ( 'NONE', #4, .T. ) ;
#1377 = VERTEX_POINT ( 'NONE', #1241 ) ;
#1378 = FACE_OUTER_BOUND ( 'NONE', #1594, .T. ) ;
#1379 = FACE_OUTER_BOUND ( 'NONE', #1440, .T. ) ;
#1380 = CARTESIAN_POINT ( 'NONE',  ( -4.000000000000017764, 1.510000000000000009, -2.299999999999999822 ) ) ;
#1381 = EDGE_CURVE ( 'NONE', #1212, #1135, #676, .T. ) ;
#1382 = ORIENTED_EDGE ( 'NONE', *, *, #906, .F. ) ;
#1383 = AXIS2_PLACEMENT_3D ( 'NONE', #1156, #1701, #470 ) ;
#1384 = ADVANCED_FACE ( 'NONE', ( #1531 ), #27, .F. ) ;
#1385 = CARTESIAN_POINT ( 'NONE',  ( 76.16250000000002274, 0.000000000000000000, 99.02187500000000853 ) ) ;
#1386 = CARTESIAN_POINT ( 'NONE',  ( 1.528600923241418042E-14, -4.000000000000000000, 107.0218750000000369 ) ) ;
#1387 = CARTESIAN_POINT ( 'NONE',  ( 85.16250000000003695, 1.510000000000000009, 103.0218750000000227 ) ) ;
#1388 = ADVANCED_FACE ( 'NONE', ( #349 ), #1139, .T. ) ;
#1389 = AXIS2_PLACEMENT_3D ( 'NONE', #227, #1733, #68 ) ;
#1390 = EDGE_CURVE ( 'NONE', #823, #650, #368, .T. ) ;
#1391 = FACE_OUTER_BOUND ( 'NONE', #341, .T. ) ;
#1392 = CIRCLE ( 'NONE', #1013, 1.000000000000000888 ) ;
#1393 = DIRECTION ( 'NONE',  ( -0.000000000000000000, 1.000000000000000000, -0.000000000000000000 ) ) ;
#1394 = DIRECTION ( 'NONE',  ( 0.000000000000000000, 1.000000000000000000, 0.000000000000000000 ) ) ;
#1395 = CARTESIAN_POINT ( 'NONE',  ( 50.58125000000001847, 1.510000000000000009, -5.000000000000000000 ) ) ;
#1396 = LINE ( 'NONE', #124, #1529 ) ;
#1397 = AXIS2_PLACEMENT_3D ( 'NONE', #754, #174, #324 ) ;
#1398 = CIRCLE ( 'NONE', #1454, 2.899999999999999911 ) ;
#1399 = CYLINDRICAL_SURFACE ( 'NONE', #1746, 5.000000000000004441 ) ;
#1400 = LINE ( 'NONE', #1672, #348 ) ;
#1401 = ORIENTED_EDGE ( 'NONE', *, *, #1439, .F. ) ;
#1402 = CARTESIAN_POINT ( 'NONE',  ( 85.16250000000002274, 1.510000000000000009, -4.000000000000010658 ) ) ;
#1403 = FACE_OUTER_BOUND ( 'NONE', #909, .T. ) ;
#1404 = CARTESIAN_POINT ( 'NONE',  ( 85.16250000000003695, -1.489999999999999991, 103.0218750000000227 ) ) ;
#1405 = VECTOR ( 'NONE', #315, 1000.000000000000000 ) ;
#1406 = CYLINDRICAL_SURFACE ( 'NONE', #1238, 2.899999999999999911 ) ;
#1407 =( BOUNDED_CURVE ( )  B_SPLINE_CURVE ( 3, ( #431, #1004, #155, #978 ),
 .UNSPECIFIED., .F., .T. ) 
 B_SPLINE_CURVE_WITH_KNOTS ( ( 4, 4 ),
 ( 1.323940046656717370E-16, 3.141592653589793116 ),
 .UNSPECIFIED. ) 
 CURVE ( )  GEOMETRIC_REPRESENTATION_ITEM ( )  RATIONAL_B_SPLINE_CURVE ( ( 1.000000000000000000, 0.3333333333333333703, 0.3333333333333333703, 1.000000000000000000 ) ) 
 REPRESENTATION_ITEM ( '' )  );
#1408 = ORIENTED_EDGE ( 'NONE', *, *, #101, .F. ) ;
#1409 = VERTEX_POINT ( 'NONE', #196 ) ;
#1410 = CARTESIAN_POINT ( 'NONE',  ( 1.799999999999980504, -10.10513129095885354, 100.1218750000000597 ) ) ;
#1411 = VERTEX_POINT ( 'NONE', #1042 ) ;
#1412 = LINE ( 'NONE', #1380, #305 ) ;
#1413 = EDGE_CURVE ( 'NONE', #919, #1571, #386, .T. ) ;
#1414 = EDGE_CURVE ( 'NONE', #855, #41, #489, .T. ) ;
#1415 = LINE ( 'NONE', #710, #999 ) ;
#1416 = CYLINDRICAL_SURFACE ( 'NONE', #140, 1.700000000000000178 ) ;
#1417 = AXIS2_PLACEMENT_3D ( 'NONE', #1509, #1394, #1126 ) ;
#1418 = DIRECTION ( 'NONE',  ( 0.000000000000000000, 1.000000000000000000, 0.000000000000000000 ) ) ;
#1419 = FACE_OUTER_BOUND ( 'NONE', #947, .T. ) ;
#1420 = DIRECTION ( 'NONE',  ( 0.000000000000000000, 0.000000000000000000, -1.000000000000000000 ) ) ;
#1421 = DIRECTION ( 'NONE',  ( -1.000000000000000000, -0.000000000000000000, 1.323940046656717123E-16 ) ) ;
#1422 = ORIENTED_EDGE ( 'NONE', *, *, #72, .T. ) ;
#1423 = LINE ( 'NONE', #1146, #1274 ) ;
#1424 = STYLED_ITEM ( 'NONE', ( #379 ), #807 ) ;
#1425 = FACE_OUTER_BOUND ( 'NONE', #222, .T. ) ;
#1426 = VERTEX_POINT ( 'NONE', #311 ) ;
#1427 = DIRECTION ( 'NONE',  ( -0.000000000000000000, 1.000000000000000000, -0.000000000000000000 ) ) ;
#1428 = CARTESIAN_POINT ( 'NONE',  ( 30.58125000000001137, 1.510000000000000009, 103.0218750000000085 ) ) ;
#1429 = CARTESIAN_POINT ( 'NONE',  ( -4.000000000000017764, -19.46833210274665760, -6.899999999999999467 ) ) ;
#1430 = CARTESIAN_POINT ( 'NONE',  ( -5.204170427930421283E-15, -15.85320081178778473, 8.530760072883655586E-15 ) ) ;
#1431 = ORIENTED_EDGE ( 'NONE', *, *, #509, .F. ) ;
#1432 = ORIENTED_EDGE ( 'NONE', *, *, #432, .F. ) ;
#1433 = AXIS2_PLACEMENT_3D ( 'NONE', #1689, #1593, #351 ) ;
#1434 = PLANE ( 'NONE',  #520 ) ;
#1435 = FACE_OUTER_BOUND ( 'NONE', #26, .T. ) ;
#1436 = EDGE_LOOP ( 'NONE', ( #980, #1518, #217, #913 ) ) ;
#1437 = DIRECTION ( 'NONE',  ( 0.000000000000000000, 1.000000000000000000, -0.000000000000000000 ) ) ;
#1438 = CARTESIAN_POINT ( 'NONE',  ( -9.800000000000016698, -10.10513129095885354, 100.1218750000000597 ) ) ;
#1439 = EDGE_CURVE ( 'NONE', #1006, #1713, #167, .T. ) ;
#1440 = EDGE_LOOP ( 'NONE', ( #1741, #262, #1745, #1717 ) ) ;
#1441 = ADVANCED_FACE ( 'NONE', ( #1029 ), #1569, .T. ) ;
#1442 = AXIS2_PLACEMENT_3D ( 'NONE', #505, #1301, #1596 ) ;
#1443 = DIRECTION ( 'NONE',  ( 0.000000000000000000, 1.000000000000000000, -0.000000000000000000 ) ) ;
#1444 = EDGE_LOOP ( 'NONE', ( #1463, #1451, #925, #544 ) ) ;
#1445 = PLANE ( 'NONE',  #1744 ) ;
#1446 = ORIENTED_EDGE ( 'NONE', *, *, #58, .F. ) ;
#1447 = DIRECTION ( 'NONE',  ( 0.000000000000000000, 1.000000000000000000, 0.000000000000000000 ) ) ;
#1448 = LINE ( 'NONE', #743, #437 ) ;
#1449 = DIRECTION ( 'NONE',  ( -0.7071067811865512365, 0.000000000000000000, 0.7071067811865439090 ) ) ;
#1450 = ORIENTED_EDGE ( 'NONE', *, *, #198, .T. ) ;
#1451 = ORIENTED_EDGE ( 'NONE', *, *, #979, .F. ) ;
#1452 = CARTESIAN_POINT ( 'NONE',  ( 0.000000000000000000, -1.489999999999999991, 0.000000000000000000 ) ) ;
#1453 = LINE ( 'NONE', #1168, #428 ) ;
#1454 = AXIS2_PLACEMENT_3D ( 'NONE', #1057, #732, #1691 ) ;
#1455 = CARTESIAN_POINT ( 'NONE',  ( 85.16250000000003695, -1.489999999999999991, 103.0218750000000227 ) ) ;
#1456 = EDGE_LOOP ( 'NONE', ( #1535, #408, #928 ) ) ;
#1457 = FACE_OUTER_BOUND ( 'NONE', #398, .T. ) ;
#1458 = CARTESIAN_POINT ( 'NONE',  ( 0.000000000000000000, -1.489999999999999991, 0.000000000000000000 ) ) ;
#1459 = ORIENTED_EDGE ( 'NONE', *, *, #279, .F. ) ;
#1460 = ORIENTED_EDGE ( 'NONE', *, *, #1414, .T. ) ;
#1461 = ADVANCED_FACE ( 'NONE', ( #459, #1425 ), #1434, .F. ) ;
#1462 = DIRECTION ( 'NONE',  ( 0.7071067811865456854, 0.000000000000000000, -0.7071067811865493491 ) ) ;
#1463 = ORIENTED_EDGE ( 'NONE', *, *, #1123, .T. ) ;
#1464 = CYLINDRICAL_SURFACE ( 'NONE', #1538, 5.000000000000000000 ) ;
#1465 = ORIENTED_EDGE ( 'NONE', *, *, #1369, .T. ) ;
#1466 = LINE ( 'NONE', #548, #981 ) ;
#1467 = DIRECTION ( 'NONE',  ( -0.000000000000000000, 1.000000000000000000, -0.000000000000000000 ) ) ;
#1468 = ORIENTED_EDGE ( 'NONE', *, *, #1692, .T. ) ;
#1469 = EDGE_CURVE ( 'NONE', #705, #964, #177, .T. ) ;
#1470 = LINE ( 'NONE', #1083, #230 ) ;
#1471 = VECTOR ( 'NONE', #587, 1000.000000000000000 ) ;
#1472 = DIRECTION ( 'NONE',  ( 1.000000000000000000, 0.000000000000000000, -1.301042606982603349E-16 ) ) ;
#1473 = VERTEX_POINT ( 'NONE', #63 ) ;
#1474 = DIRECTION ( 'NONE',  ( -0.000000000000000000, -1.000000000000000000, -0.000000000000000000 ) ) ;
#1475 = CIRCLE ( 'NONE', #467, 1.700000000000007061 ) ;
#1476 = FILL_AREA_STYLE_COLOUR ( '', #1257 ) ;
#1477 = VERTEX_POINT ( 'NONE', #1176 ) ;
#1478 = ORIENTED_EDGE ( 'NONE', *, *, #1115, .F. ) ;
#1479 = CARTESIAN_POINT ( 'NONE',  ( 0.000000000000000000, 0.000000000000000000, 99.02187500000000853 ) ) ;
#1480 = DIRECTION ( 'NONE',  ( -1.000000000000000000, 0.000000000000000000, 1.206534653326982810E-16 ) ) ;
#1481 = CIRCLE ( 'NONE', #868, 2.899999999999999911 ) ;
#1482 = DIRECTION ( 'NONE',  ( 0.000000000000000000, 0.000000000000000000, 1.000000000000000000 ) ) ;
#1483 = CARTESIAN_POINT ( 'NONE',  ( -3.000000000000005773, 1.510000000000000009, -2.999999999999989342 ) ) ;
#1484 = EDGE_CURVE ( 'NONE', #1760, #1623, #779, .T. ) ;
#1485 = ORIENTED_EDGE ( 'NONE', *, *, #1487, .T. ) ;
#1486 = LINE ( 'NONE', #382, #409 ) ;
#1487 = EDGE_CURVE ( 'NONE', #1713, #617, #1591, .T. ) ;
#1488 = VERTEX_POINT ( 'NONE', #208 ) ;
#1489 = VERTEX_POINT ( 'NONE', #320 ) ;
#1490 = LINE ( 'NONE', #1631, #939 ) ;
#1491 = CIRCLE ( 'NONE', #768, 2.899999999999999911 ) ;
#1492 = DIRECTION ( 'NONE',  ( 0.000000000000000000, 1.000000000000000000, -0.000000000000000000 ) ) ;
#1493 = VECTOR ( 'NONE', #901, 1000.000000000000000 ) ;
#1494 = ORIENTED_EDGE ( 'NONE', *, *, #611, .T. ) ;
#1495 = ORIENTED_EDGE ( 'NONE', *, *, #825, .T. ) ;
#1496 = PLANE ( 'NONE',  #1555 ) ;
#1497 = VERTEX_POINT ( 'NONE', #1707 ) ;
#1498 = AXIS2_PLACEMENT_3D ( 'NONE', #466, #1154, #1098 ) ;
#1499 = PLANE ( 'NONE',  #841 ) ;
#1500 = DIRECTION ( 'NONE',  ( 0.000000000000000000, 0.000000000000000000, 1.000000000000000000 ) ) ;
#1501 = AXIS2_PLACEMENT_3D ( 'NONE', #733, #874, #632 ) ;
#1502 = CARTESIAN_POINT ( 'NONE',  ( 89.16250000000005116, -9.501459512630024307, 107.0218750000000227 ) ) ;
#1503 = VECTOR ( 'NONE', #788, 1000.000000000000000 ) ;
#1504 = ORIENTED_EDGE ( 'NONE', *, *, #1670, .F. ) ;
#1505 = CARTESIAN_POINT ( 'NONE',  ( -47.01093749999999716, -4.000000000000000000, 47.01093749999984794 ) ) ;
#1506 = ORIENTED_EDGE ( 'NONE', *, *, #403, .F. ) ;
#1507 = DIRECTION ( 'NONE',  ( 0.000000000000000000, 0.000000000000000000, 1.000000000000000000 ) ) ;
#1508 = ADVANCED_FACE ( 'NONE', ( #1579 ), #898, .T. ) ;
#1509 = CARTESIAN_POINT ( 'NONE',  ( -3.000000000000005773, -4.000000000000000000, -2.999999999999989342 ) ) ;
#1510 = CARTESIAN_POINT ( 'NONE',  ( 81.16250000000002274, -4.000000000000000000, 4.999999999999997335 ) ) ;
#1511 = VERTEX_POINT ( 'NONE', #738 ) ;
#1512 = EDGE_CURVE ( 'NONE', #1285, #1237, #553, .T. ) ;
#1513 = ORIENTED_EDGE ( 'NONE', *, *, #1742, .F. ) ;
#1514 = EDGE_CURVE ( 'NONE', #1166, #350, #1550, .T. ) ;
#1515 = CARTESIAN_POINT ( 'NONE',  ( -4.000000000000017764, -1.489999999999999991, 105.9218750000000284 ) ) ;
#1516 = ADVANCED_FACE ( 'NONE', ( #730 ), #1287, .T. ) ;
#1517 = CARTESIAN_POINT ( 'NONE',  ( 89.16250000000003695, -18.72136203492316753, 1.637906943820266470 ) ) ;
#1518 = ORIENTED_EDGE ( 'NONE', *, *, #839, .F. ) ;
#1519 = CARTESIAN_POINT ( 'NONE',  ( 81.16250000000002274, 1.510000000000000009, 0.000000000000000000 ) ) ;
#1520 = ORIENTED_EDGE ( 'NONE', *, *, #1572, .T. ) ;
#1521 = VECTOR ( 'NONE', #1289, 1000.000000000000000 ) ;
#1522 = CARTESIAN_POINT ( 'NONE',  ( 0.000000000000000000, 1.510000000000000009, 99.02187500000000853 ) ) ;
#1523 = DIRECTION ( 'NONE',  ( -0.000000000000000000, -1.000000000000000000, -0.000000000000000000 ) ) ;
#1524 = ORIENTED_EDGE ( 'NONE', *, *, #940, .T. ) ;
#1525 = CYLINDRICAL_SURFACE ( 'NONE', #861, 2.899999999999999911 ) ;
#1526 = ORIENTED_EDGE ( 'NONE', *, *, #1097, .F. ) ;
#1527 = FACE_OUTER_BOUND ( 'NONE', #1436, .T. ) ;
#1528 = ORIENTED_EDGE ( 'NONE', *, *, #906, .T. ) ;
#1529 = VECTOR ( 'NONE', #1620, 1000.000000000000000 ) ;
#1530 = ORIENTED_EDGE ( 'NONE', *, *, #639, .F. ) ;
#1531 = FACE_OUTER_BOUND ( 'NONE', #322, .T. ) ;
#1532 = CARTESIAN_POINT ( 'NONE',  ( -5.204170427930421283E-15, -15.73277794064793156, 1.376439715577321588 ) ) ;
#1533 = VERTEX_POINT ( 'NONE', #102 ) ;
#1534 = LINE ( 'NONE', #38, #545 ) ;
#1535 = ORIENTED_EDGE ( 'NONE', *, *, #639, .T. ) ;
#1536 = LINE ( 'NONE', #34, #259 ) ;
#1537 = EDGE_CURVE ( 'NONE', #119, #1477, #1470, .T. ) ;
#1538 = AXIS2_PLACEMENT_3D ( 'NONE', #1361, #1770, #221 ) ;
#1539 = EDGE_CURVE ( 'NONE', #477, #896, #1055, .T. ) ;
#1540 = ADVANCED_FACE ( 'NONE', ( #1727, #1064 ), #1496, .F. ) ;
#1541 = LINE ( 'NONE', #418, #1089 ) ;
#1542 = PLANE ( 'NONE',  #645 ) ;
#1543 = EDGE_LOOP ( 'NONE', ( #186, #293, #627, #316 ) ) ;
#1544 = DIRECTION ( 'NONE',  ( 0.000000000000000000, 1.000000000000000000, -0.000000000000000000 ) ) ;
#1545 = EDGE_CURVE ( 'NONE', #1409, #119, #1608, .T. ) ;
#1546 = CYLINDRICAL_SURFACE ( 'NONE', #1771, 0.9999999999999965583 ) ;
#1547 = DIRECTION ( 'NONE',  ( 0.000000000000000000, -1.000000000000000000, 0.000000000000000000 ) ) ;
#1548 = VECTOR ( 'NONE', #1721, 1000.000000000000000 ) ;
#1549 = ADVANCED_FACE ( 'NONE', ( #941 ), #1090, .T. ) ;
#1550 = LINE ( 'NONE', #858, #1130 ) ;
#1551 = LINE ( 'NONE', #731, #1521 ) ;
#1552 = LINE ( 'NONE', #1272, #1093 ) ;
#1553 = VERTEX_POINT ( 'NONE', #232 ) ;
#1554 = VERTEX_POINT ( 'NONE', #392 ) ;
#1555 = AXIS2_PLACEMENT_3D ( 'NONE', #521, #793, #530 ) ;
#1556 = CARTESIAN_POINT ( 'NONE',  ( 89.16250000000003695, -18.72136203492316753, 1.637906943820266470 ) ) ;
#1557 = CIRCLE ( 'NONE', #701, 1.700000000000007061 ) ;
#1558 = EDGE_CURVE ( 'NONE', #1497, #536, #1205, .T. ) ;
#1559 = DIRECTION ( 'NONE',  ( -0.000000000000000000, -1.000000000000000000, -0.000000000000000000 ) ) ;
#1560 = CARTESIAN_POINT ( 'NONE',  ( -4.000000000000017764, -19.46833210274665760, -6.899999999999999467 ) ) ;
#1561 = ORIENTED_EDGE ( 'NONE', *, *, #1664, .F. ) ;
#1562 = FACE_OUTER_BOUND ( 'NONE', #888, .T. ) ;
#1563 = FACE_BOUND ( 'NONE', #1108, .T. ) ;
#1564 = DIRECTION ( 'NONE',  ( 0.000000000000000000, -1.000000000000000000, 0.000000000000000000 ) ) ;
#1565 = CARTESIAN_POINT ( 'NONE',  ( 81.16250000000002274, -4.000000000000000000, -1.536922894750712387E-14 ) ) ;
#1566 = EDGE_CURVE ( 'NONE', #953, #723, #1486, .T. ) ;
#1567 = VERTEX_POINT ( 'NONE', #250 ) ;
#1568 = VECTOR ( 'NONE', #660, 1000.000000000000000 ) ;
#1569 = PLANE ( 'NONE',  #1297 ) ;
#1570 = DIRECTION ( 'NONE',  ( 0.000000000000000000, 0.000000000000000000, 1.000000000000000000 ) ) ;
#1571 = VERTEX_POINT ( 'NONE', #1743 ) ;
#1572 = EDGE_CURVE ( 'NONE', #647, #1166, #570, .T. ) ;
#1573 = CARTESIAN_POINT ( 'NONE',  ( 30.58124999999998650, 3.510000000000000231, 104.0218750000000085 ) ) ;
#1574 = FACE_BOUND ( 'NONE', #1039, .T. ) ;
#1575 = LINE ( 'NONE', #1061, #112 ) ;
#1576 = ADVANCED_FACE ( 'NONE', ( #920 ), #785, .F. ) ;
#1577 = ORIENTED_EDGE ( 'NONE', *, *, #979, .T. ) ;
#1578 = CIRCLE ( 'NONE', #1658, 0.9999999999999965583 ) ;
#1579 = FACE_OUTER_BOUND ( 'NONE', #1206, .T. ) ;
#1580 = ORIENTED_EDGE ( 'NONE', *, *, #509, .T. ) ;
#1581 = APPLICATION_CONTEXT ( 'automotive_design' ) ;
#1582 = VERTEX_POINT ( 'NONE', #1479 ) ;
#1583 = PLANE ( 'NONE',  #1433 ) ;
#1584 = DIRECTION ( 'NONE',  ( 0.000000000000000000, 0.000000000000000000, 1.000000000000000000 ) ) ;
#1585 = EDGE_LOOP ( 'NONE', ( #1053, #518, #1326, #1049 ) ) ;
#1586 = LINE ( 'NONE', #345, #122 ) ;
#1587 = CARTESIAN_POINT ( 'NONE',  ( 0.000000000000000000, 0.000000000000000000, 0.000000000000000000 ) ) ;
#1588 = ORIENTED_EDGE ( 'NONE', *, *, #1008, .T. ) ;
#1589 = VECTOR ( 'NONE', #1624, 1000.000000000000000 ) ;
#1590 = CIRCLE ( 'NONE', #808, 0.9999999999999965583 ) ;
#1591 = LINE ( 'NONE', #1165, #1360 ) ;
#1592 = VERTEX_POINT ( 'NONE', #1359 ) ;
#1593 = DIRECTION ( 'NONE',  ( -0.7071067811865439090, 0.000000000000000000, -0.7071067811865512365 ) ) ;
#1594 = EDGE_LOOP ( 'NONE', ( #1018, #661, #1219, #113 ) ) ;
#1595 = DIRECTION ( 'NONE',  ( -0.000000000000000000, -1.000000000000000000, -0.000000000000000000 ) ) ;
#1596 = DIRECTION ( 'NONE',  ( 1.000000000000000000, 0.000000000000000000, -0.000000000000000000 ) ) ;
#1597 = CYLINDRICAL_SURFACE ( 'NONE', #1022, 1.699999999999993072 ) ;
#1598 = VERTEX_POINT ( 'NONE', #260 ) ;
#1599 = ORIENTED_EDGE ( 'NONE', *, *, #79, .T. ) ;
#1600 = CARTESIAN_POINT ( 'NONE',  ( -4.000000000000017764, -19.56456963262515814, 103.0218750000000227 ) ) ;
#1601 = EDGE_CURVE ( 'NONE', #1006, #1582, #500, .T. ) ;
#1602 = PLANE ( 'NONE',  #974 ) ;
#1603 = DIRECTION ( 'NONE',  ( 0.000000000000000000, 0.000000000000000000, -1.000000000000000000 ) ) ;
#1604 = ORIENTED_EDGE ( 'NONE', *, *, #1758, .T. ) ;
#1605 = DIRECTION ( 'NONE',  ( 0.000000000000000000, 0.000000000000000000, 1.000000000000000000 ) ) ;
#1606 = CARTESIAN_POINT ( 'NONE',  ( -9.800000000000016698, -9.597697042508533727, 105.9218750000000284 ) ) ;
#1607 = VERTEX_POINT ( 'NONE', #1752 ) ;
#1608 = LINE ( 'NONE', #93, #924 ) ;
#1609 = VERTEX_POINT ( 'NONE', #359 ) ;
#1610 = VECTOR ( 'NONE', #146, 1000.000000000000000 ) ;
#1611 = DIRECTION ( 'NONE',  ( 0.000000000000000000, 1.000000000000000000, -0.000000000000000000 ) ) ;
#1612 = ORIENTED_EDGE ( 'NONE', *, *, #1484, .F. ) ;
#1613 = LINE ( 'NONE', #378, #584 ) ;
#1614 = CARTESIAN_POINT ( 'NONE',  ( 85.16250000000003695, 1.510000000000000009, 101.3218750000000341 ) ) ;
#1615 = ORIENTED_EDGE ( 'NONE', *, *, #103, .F. ) ;
#1616 = VERTEX_POINT ( 'NONE', #243 ) ;
#1617 = CARTESIAN_POINT ( 'NONE',  ( 87.09143218813457565, -9.501459512630024307, 107.0218750000000085 ) ) ;
#1618 = DIRECTION ( 'NONE',  ( 0.000000000000000000, -1.000000000000000000, 0.000000000000000000 ) ) ;
#1619 = EDGE_CURVE ( 'NONE', #1142, #666, #1103, .T. ) ;
#1620 = DIRECTION ( 'NONE',  ( -0.000000000000000000, 1.000000000000000000, -0.000000000000000000 ) ) ;
#1621 = PLANE ( 'NONE',  #474 ) ;
#1622 = ORIENTED_EDGE ( 'NONE', *, *, #900, .T. ) ;
#1623 = VERTEX_POINT ( 'NONE', #673 ) ;
#1624 = DIRECTION ( 'NONE',  ( -0.000000000000000000, -1.000000000000000000, -0.000000000000000000 ) ) ;
#1625 = DIRECTION ( 'NONE',  ( -0.000000000000000000, -1.000000000000000000, -0.000000000000000000 ) ) ;
#1626 = LINE ( 'NONE', #1757, #193 ) ;
#1627 = AXIS2_PLACEMENT_3D ( 'NONE', #1067, #1611, #151 ) ;
#1628 = PRODUCT_RELATED_PRODUCT_CATEGORY ( 'part', '', ( #1019 ) ) ;
#1629 = ORIENTED_EDGE ( 'NONE', *, *, #711, .F. ) ;
#1630 = CARTESIAN_POINT ( 'NONE',  ( 89.16250000000002274, 1.510000000000000009, -1.075776460272671336E-14 ) ) ;
#1631 = CARTESIAN_POINT ( 'NONE',  ( 30.58124999999998650, 1.510000000000000009, -3.000000000000011546 ) ) ;
#1632 = VECTOR ( 'NONE', #440, 1000.000000000000000 ) ;
#1633 = DIRECTION ( 'NONE',  ( 0.000000000000000000, 0.000000000000000000, 1.000000000000000000 ) ) ;
#1634 = DIRECTION ( 'NONE',  ( -0.000000000000000000, -1.000000000000000000, -0.000000000000000000 ) ) ;
#1635 = ORIENTED_EDGE ( 'NONE', *, *, #1572, .F. ) ;
#1636 = DIRECTION ( 'NONE',  ( 0.000000000000000000, 1.000000000000000000, 0.000000000000000000 ) ) ;
#1637 = ORIENTED_EDGE ( 'NONE', *, *, #397, .T. ) ;
#1638 =( GEOMETRIC_REPRESENTATION_CONTEXT ( 3 ) GLOBAL_UNCERTAINTY_ASSIGNED_CONTEXT ( ( #988 ) ) GLOBAL_UNIT_ASSIGNED_CONTEXT ( ( #507, #1163, #80 ) ) REPRESENTATION_CONTEXT ( 'NONE', 'WORKASPACE' ) );
#1639 = LINE ( 'NONE', #13, #1610 ) ;
#1640 = EDGE_CURVE ( 'NONE', #1186, #524, #1661, .T. ) ;
#1641 = DIRECTION ( 'NONE',  ( 0.000000000000000000, 0.000000000000000000, -1.000000000000000000 ) ) ;
#1642 = FACE_OUTER_BOUND ( 'NONE', #252, .T. ) ;
#1643 = ORIENTED_EDGE ( 'NONE', *, *, #198, .F. ) ;
#1644 = VECTOR ( 'NONE', #1650, 1000.000000000000000 ) ;
#1645 = EDGE_LOOP ( 'NONE', ( #1276, #224, #1675, #1755 ) ) ;
#1646 = EDGE_CURVE ( 'NONE', #108, #1609, #810, .T. ) ;
#1647 = CARTESIAN_POINT ( 'NONE',  ( 81.16250000000002274, 0.000000000000000000, 94.02187499999995168 ) ) ;
#1648 = ORIENTED_EDGE ( 'NONE', *, *, #1381, .T. ) ;
#1649 = PLANE ( 'NONE',  #774 ) ;
#1650 = DIRECTION ( 'NONE',  ( 0.000000000000000000, -1.000000000000000000, 0.000000000000000000 ) ) ;
#1651 = CYLINDRICAL_SURFACE ( 'NONE', #998, 1.000000000000000888 ) ;
#1652 = CARTESIAN_POINT ( 'NONE',  ( -4.000000000000017764, 1.510000000000000009, 101.3218750000000199 ) ) ;
#1653 = ADVANCED_FACE ( 'NONE', ( #219 ), #777, .F. ) ;
#1654 = CARTESIAN_POINT ( 'NONE',  ( 85.16250000000002274, 1.510000000000000009, -5.700000000000009948 ) ) ;
#1655 = DIRECTION ( 'NONE',  ( 0.000000000000000000, 0.000000000000000000, 1.000000000000000000 ) ) ;
#1656 = ORIENTED_EDGE ( 'NONE', *, *, #799, .T. ) ;
#1657 = CYLINDRICAL_SURFACE ( 'NONE', #1321, 2.899999999999999911 ) ;
#1658 = AXIS2_PLACEMENT_3D ( 'NONE', #1298, #1032, #870 ) ;
#1659 = DIRECTION ( 'NONE',  ( 1.000000000000000000, -0.000000000000000000, 0.000000000000000000 ) ) ;
#1660 = DIRECTION ( 'NONE',  ( 0.000000000000000000, 1.000000000000000000, -0.000000000000000000 ) ) ;
#1661 = CIRCLE ( 'NONE', #578, 1.699999999999993072 ) ;
#1662 = CARTESIAN_POINT ( 'NONE',  ( 1.799999999999981837, -9.597697042508533727, 105.9218750000000284 ) ) ;
#1663 = DIRECTION ( 'NONE',  ( 1.206534653326982810E-16, 0.000000000000000000, 1.000000000000000000 ) ) ;
#1664 = EDGE_CURVE ( 'NONE', #1426, #425, #546, .T. ) ;
#1665 = DIRECTION ( 'NONE',  ( 0.000000000000000000, 0.000000000000000000, -1.000000000000000000 ) ) ;
#1666 = AXIS2_PLACEMENT_3D ( 'NONE', #945, #1492, #1364 ) ;
#1667 = EDGE_CURVE ( 'NONE', #1268, #654, #1536, .T. ) ;
#1668 = ADVANCED_FACE ( 'NONE', ( #309 ), #449, .T. ) ;
#1669 = ORIENTED_EDGE ( 'NONE', *, *, #169, .F. ) ;
#1670 = EDGE_CURVE ( 'NONE', #1767, #1248, #1423, .T. ) ;
#1671 = EDGE_LOOP ( 'NONE', ( #1635, #1256, #1063, #525 ) ) ;
#1672 = CARTESIAN_POINT ( 'NONE',  ( 0.000000000000000000, 1.510000000000000009, 0.000000000000000000 ) ) ;
#1673 = ORIENTED_EDGE ( 'NONE', *, *, #58, .T. ) ;
#1674 = CYLINDRICAL_SURFACE ( 'NONE', #849, 2.899999999999999911 ) ;
#1675 = ORIENTED_EDGE ( 'NONE', *, *, #649, .F. ) ;
#1676 = FACE_OUTER_BOUND ( 'NONE', #671, .T. ) ;
#1677 = ORIENTED_EDGE ( 'NONE', *, *, #607, .T. ) ;
#1678 = VECTOR ( 'NONE', #1625, 1000.000000000000000 ) ;
#1679 = CARTESIAN_POINT ( 'NONE',  ( 0.000000000000000000, 0.000000000000000000, 0.000000000000000000 ) ) ;
#1680 = ORIENTED_EDGE ( 'NONE', *, *, #1065, .F. ) ;
#1681 = CARTESIAN_POINT ( 'NONE',  ( 84.16250000000002274, 1.510000000000000009, 107.0218750000000227 ) ) ;
#1682 = LINE ( 'NONE', #8, #1632 ) ;
#1683 = LINE ( 'NONE', #156, #400 ) ;
#1684 = FACE_OUTER_BOUND ( 'NONE', #209, .T. ) ;
#1685 = VECTOR ( 'NONE', #1687, 1000.000000000000000 ) ;
#1686 = ADVANCED_FACE ( 'NONE', ( #847 ), #410, .F. ) ;
#1687 = DIRECTION ( 'NONE',  ( 0.000000000000000000, 0.000000000000000000, -1.000000000000000000 ) ) ;
#1688 = ORIENTED_EDGE ( 'NONE', *, *, #591, .F. ) ;
#1689 = CARTESIAN_POINT ( 'NONE',  ( 2.500000000000000000, -4.000000000000000000, 2.500000000000026201 ) ) ;
#1690 = ORIENTED_EDGE ( 'NONE', *, *, #1358, .F. ) ;
#1691 = DIRECTION ( 'NONE',  ( 0.000000000000000000, 0.000000000000000000, 1.000000000000000000 ) ) ;
#1692 = EDGE_CURVE ( 'NONE', #1554, #524, #1294, .T. ) ;
#1693 = CARTESIAN_POINT ( 'NONE',  ( -9.800000000000016698, -19.46833210274665760, -6.899999999999998579 ) ) ;
#1694 = DIRECTION ( 'NONE',  ( -0.000000000000000000, 1.000000000000000000, -0.000000000000000000 ) ) ;
#1695 = AXIS2_PLACEMENT_3D ( 'NONE', #134, #689, #967 ) ;
#1696 = DIRECTION ( 'NONE',  ( -0.000000000000000000, -1.000000000000000000, -0.000000000000000000 ) ) ;
#1697 = ORIENTED_EDGE ( 'NONE', *, *, #77, .T. ) ;
#1698 = EDGE_CURVE ( 'NONE', #1203, #1411, #958, .T. ) ;
#1699 = VECTOR ( 'NONE', #1315, 1000.000000000000000 ) ;
#1700 = EDGE_CURVE ( 'NONE', #619, #1497, #271, .T. ) ;
#1701 = DIRECTION ( 'NONE',  ( 0.000000000000000000, 1.000000000000000000, 0.000000000000000000 ) ) ;
#1702 = CARTESIAN_POINT ( 'NONE',  ( 81.16250000000002274, -4.000000000000000000, 94.02187499999998010 ) ) ;
#1703 = DIRECTION ( 'NONE',  ( 0.000000000000000000, 0.000000000000000000, 1.000000000000000000 ) ) ;
#1704 = DIRECTION ( 'NONE',  ( 0.000000000000000000, 1.000000000000000000, -0.000000000000000000 ) ) ;
#1705 = CARTESIAN_POINT ( 'NONE',  ( -4.000000000000017764, -19.56456963262515814, -4.000000000000000000 ) ) ;
#1706 = ORIENTED_EDGE ( 'NONE', *, *, #432, .T. ) ;
#1707 = CARTESIAN_POINT ( 'NONE',  ( 89.16250000000002274, 1.510000000000000009, -3.000000000000000444 ) ) ;
#1708 = ORIENTED_EDGE ( 'NONE', *, *, #818, .T. ) ;
#1709 = CARTESIAN_POINT ( 'NONE',  ( 1.799999999999980504, -19.46833210274665760, -6.900000000000001243 ) ) ;
#1710 = CARTESIAN_POINT ( 'NONE',  ( -4.000000000000017764, 1.510000000000000009, 103.0218750000000227 ) ) ;
#1711 = PLANE ( 'NONE',  #623 ) ;
#1712 = DIRECTION ( 'NONE',  ( 0.000000000000000000, 1.000000000000000000, -0.000000000000000000 ) ) ;
#1713 = VERTEX_POINT ( 'NONE', #555 ) ;
#1714 = ORIENTED_EDGE ( 'NONE', *, *, #717, .T. ) ;
#1715 = AXIS2_PLACEMENT_3D ( 'NONE', #23, #576, #986 ) ;
#1716 = DIRECTION ( 'NONE',  ( 0.000000000000000000, 0.000000000000000000, -1.000000000000000000 ) ) ;
#1717 = ORIENTED_EDGE ( 'NONE', *, *, #1537, .F. ) ;
#1718 = PLANE ( 'NONE',  #894 ) ;
#1719 = DIRECTION ( 'NONE',  ( 0.000000000000000000, 0.000000000000000000, 1.000000000000000000 ) ) ;
#1720 = EDGE_LOOP ( 'NONE', ( #384, #985, #1264, #1140 ) ) ;
#1721 = DIRECTION ( 'NONE',  ( 0.000000000000000000, 1.000000000000000000, -0.000000000000000000 ) ) ;
#1722 = FACE_OUTER_BOUND ( 'NONE', #811, .T. ) ;
#1723 = ORIENTED_EDGE ( 'NONE', *, *, #1413, .F. ) ;
#1724 = AXIS2_PLACEMENT_3D ( 'NONE', #1556, #326, #1017 ) ;
#1725 = EDGE_CURVE ( 'NONE', #524, #1186, #312, .T. ) ;
#1726 = ADVANCED_FACE ( 'NONE', ( #856, #680, #997, #1376, #1684 ), #1107, .T. ) ;
#1727 = FACE_BOUND ( 'NONE', #522, .T. ) ;
#1728 = VECTOR ( 'NONE', #694, 1000.000000000000000 ) ;
#1729 = DIRECTION ( 'NONE',  ( 0.7071067811865493491, -0.000000000000000000, 0.7071067811865456854 ) ) ;
#1730 = CARTESIAN_POINT ( 'NONE',  ( -4.000000000000017764, 1.510000000000000009, 104.7218750000000398 ) ) ;
#1731 = DIRECTION ( 'NONE',  ( 0.000000000000000000, 0.000000000000000000, 1.000000000000000000 ) ) ;
#1732 = FACE_OUTER_BOUND ( 'NONE', #1078, .T. ) ;
#1733 = DIRECTION ( 'NONE',  ( 0.000000000000000000, 0.000000000000000000, 1.000000000000000000 ) ) ;
#1734 = EDGE_CURVE ( 'NONE', #650, #823, #435, .T. ) ;
#1735 = VERTEX_POINT ( 'NONE', #1239 ) ;
#1736 = DIRECTION ( 'NONE',  ( -0.000000000000000000, -1.000000000000000000, -0.000000000000000000 ) ) ;
#1737 = CARTESIAN_POINT ( 'NONE',  ( 30.58124999999998650, 3.510000000000000231, -5.000000000000004441 ) ) ;
#1738 = VERTEX_POINT ( 'NONE', #1647 ) ;
#1739 = DIRECTION ( 'NONE',  ( 0.000000000000000000, 1.000000000000000000, 0.000000000000000000 ) ) ;
#1740 = CARTESIAN_POINT ( 'NONE',  ( -4.442981900890977293E-15, -4.000000000000000000, 5.000000000000004441 ) ) ;
#1741 = ORIENTED_EDGE ( 'NONE', *, *, #1005, .F. ) ;
#1742 = EDGE_CURVE ( 'NONE', #168, #337, #416, .T. ) ;
#1743 = CARTESIAN_POINT ( 'NONE',  ( 85.16250000000003695, -9.597697042508531950, 105.9218750000000284 ) ) ;
#1744 = AXIS2_PLACEMENT_3D ( 'NONE', #491, #859, #55 ) ;
#1745 = ORIENTED_EDGE ( 'NONE', *, *, #799, .F. ) ;
#1746 = AXIS2_PLACEMENT_3D ( 'NONE', #6, #1122, #1116 ) ;
#1747 = FACE_OUTER_BOUND ( 'NONE', #1720, .T. ) ;
#1748 = ORIENTED_EDGE ( 'NONE', *, *, #52, .F. ) ;
#1749 = LINE ( 'NONE', #406, #529 ) ;
#1750 = DIRECTION ( 'NONE',  ( -0.000000000000000000, 1.000000000000000000, -0.000000000000000000 ) ) ;
#1751 = VERTEX_POINT ( 'NONE', #1138 ) ;
#1752 = CARTESIAN_POINT ( 'NONE',  ( 85.16250000000002274, -19.46833210274665760, -6.900000000000010125 ) ) ;
#1753 = ADVANCED_FACE ( 'NONE', ( #1676 ), #1416, .F. ) ;
#1754 = AXIS2_PLACEMENT_3D ( 'NONE', #684, #954, #795 ) ;
#1755 = ORIENTED_EDGE ( 'NONE', *, *, #1539, .T. ) ;
#1756 = DIRECTION ( 'NONE',  ( 0.000000000000000000, 1.000000000000000000, -0.000000000000000000 ) ) ;
#1757 = CARTESIAN_POINT ( 'NONE',  ( 81.16250000000002274, -4.000000000000000000, -2.396004885679705148E-14 ) ) ;
#1758 = EDGE_CURVE ( 'NONE', #1488, #1409, #598, .T. ) ;
#1759 = CARTESIAN_POINT ( 'NONE',  ( 79.36250000000002558, -18.96089785429633068, -1.100000000000010525 ) ) ;
#1760 = VERTEX_POINT ( 'NONE', #1371 ) ;
#1761 = DIRECTION ( 'NONE',  ( 0.000000000000000000, 1.000000000000000000, -0.000000000000000000 ) ) ;
#1762 = ORIENTED_EDGE ( 'NONE', *, *, #825, .F. ) ;
#1763 = DIRECTION ( 'NONE',  ( 0.000000000000000000, 0.000000000000000000, 1.000000000000000000 ) ) ;
#1764 = VERTEX_POINT ( 'NONE', #1284 ) ;
#1765 = CARTESIAN_POINT ( 'NONE',  ( 81.16250000000002274, 1.972152263052530827E-31, -2.165735338457334395E-15 ) ) ;
#1766 =( NAMED_UNIT ( * ) SI_UNIT ( $, .STERADIAN. ) SOLID_ANGLE_UNIT ( ) );
#1767 = VERTEX_POINT ( 'NONE', #1565 ) ;
#1768 = DIRECTION ( 'NONE',  ( 0.000000000000000000, 0.000000000000000000, 1.000000000000000000 ) ) ;
#1769 = ORIENTED_EDGE ( 'NONE', *, *, #563, .F. ) ;
#1770 = DIRECTION ( 'NONE',  ( 0.000000000000000000, -1.000000000000000000, 0.000000000000000000 ) ) ;
#1771 = AXIS2_PLACEMENT_3D ( 'NONE', #441, #1119, #863 ) ;
#1772 = CARTESIAN_POINT ( 'NONE',  ( -4.000000000000017764, -1.489999999999999991, -5.700000000000000178 ) ) ;
#1773 = VECTOR ( 'NONE', #700, 1000.000000000000000 ) ;
ENDSEC;
END-ISO-10303-21;
