ISO-10303-21;
HEADER;
FILE_DESCRIPTION (( 'STEP AP214' ),
    '1' );
FILE_NAME ('Lucky15_Top.STEP',
    '2026-08-24T04:24:16',
    ( '' ),
    ( '' ),
    'SwSTEP 2.0',
    'SolidWorks 2026',
    '' );
FILE_SCHEMA (( 'AUTOMOTIVE_DESIGN' ));
ENDSEC;

DATA;
#1 = EDGE_CURVE ( 'NONE', #650, #518, #1239, .T. ) ;
#2 = AXIS2_PLACEMENT_3D ( 'NONE', #503, #656, #784 ) ;
#3 = ORIENTED_EDGE ( 'NONE', *, *, #606, .F. ) ;
#4 = LINE ( 'NONE', #449, #771 ) ;
#5 = AXIS2_PLACEMENT_3D ( 'NONE', #1708, #1389, #1854 ) ;
#6 = AXIS2_PLACEMENT_3D ( 'NONE', #115, #833, #423 ) ;
#7 = CARTESIAN_POINT ( 'NONE',  ( 86.66250000000002274, 11.51000000000000156, -3.000000000000000000 ) ) ;
#8 = DIRECTION ( 'NONE',  ( 0.000000000000000000, 0.000000000000000000, 1.000000000000000000 ) ) ;
#9 = ADVANCED_FACE ( 'NONE', ( #506 ), #1861, .F. ) ;
#10 = ORIENTED_EDGE ( 'NONE', *, *, #1379, .T. ) ;
#11 = CARTESIAN_POINT ( 'NONE',  ( 89.16350000000004172, 6.509999999999477538, 14.31267695459967726 ) ) ;
#12 = DIRECTION ( 'NONE',  ( 0.000000000000000000, 0.000000000000000000, 1.000000000000000000 ) ) ;
#13 = ORIENTED_EDGE ( 'NONE', *, *, #1618, .T. ) ;
#14 = CARTESIAN_POINT ( 'NONE',  ( -3.000000000000003997, 11.51000000000000156, -3.000000000000000000 ) ) ;
#15 = EDGE_CURVE ( 'NONE', #938, #206, #1266, .T. ) ;
#16 = CARTESIAN_POINT ( 'NONE',  ( 30.08307474683436311, 94.77694111853831771, 17.43980528630373428 ) ) ;
#17 = DIRECTION ( 'NONE',  ( -1.000000000000000000, 1.270569682713621462E-30, -1.208636229622139118E-16 ) ) ;
#18 = CARTESIAN_POINT ( 'NONE',  ( -5.500000000000004441, 11.51000000000000156, -3.000000000000000000 ) ) ;
#19 = EDGE_LOOP ( 'NONE', ( #963, #113, #392, #540 ) ) ;
#20 = DIRECTION ( 'NONE',  ( 0.000000000000000000, 1.051257668248692417E-14, -1.000000000000000000 ) ) ;
#21 = APPLICATION_PROTOCOL_DEFINITION ( 'draft international standard', 'automotive_design', 1998, #1584 ) ;
#22 = ORIENTED_EDGE ( 'NONE', *, *, #683, .T. ) ;
#23 = DIRECTION ( 'NONE',  ( -1.000000000000000000, 1.270569682713621462E-30, -1.208636229622139118E-16 ) ) ;
#24 = DIRECTION ( 'NONE',  ( -1.000000000000000000, 0.000000000000000000, 1.206534653326983550E-16 ) ) ;
#25 = EDGE_CURVE ( 'NONE', #1899, #1889, #817, .T. ) ;
#26 = EDGE_CURVE ( 'NONE', #1090, #1422, #1714, .T. ) ;
#27 = DIRECTION ( 'NONE',  ( 0.000000000000000000, 0.000000000000000000, 1.000000000000000000 ) ) ;
#28 = CARTESIAN_POINT ( 'NONE',  ( 79.80995752464875181, 14.01000000000000156, 96.66933252464872339 ) ) ;
#29 = ORIENTED_EDGE ( 'NONE', *, *, #205, .T. ) ;
#30 = DIRECTION ( 'NONE',  ( 0.000000000000000000, 0.000000000000000000, 1.000000000000000000 ) ) ;
#31 = DIRECTION ( 'NONE',  ( -7.888609052210116302E-31, -1.000000000000000000, -1.051326443096836774E-14 ) ) ;
#32 = CARTESIAN_POINT ( 'NONE',  ( 85.16250000000003695, 9.009999999999999787, 103.0218750000000227 ) ) ;
#33 = CARTESIAN_POINT ( 'NONE',  ( 84.16250000000000853, 14.01000000000000156, -3.000000000000000000 ) ) ;
#34 = AXIS2_PLACEMENT_3D ( 'NONE', #934, #648, #1543 ) ;
#35 = AXIS2_PLACEMENT_3D ( 'NONE', #622, #162, #736 ) ;
#36 = AXIS2_PLACEMENT_3D ( 'NONE', #1138, #288, #1442 ) ;
#37 = VERTEX_POINT ( 'NONE', #435 ) ;
#38 = CARTESIAN_POINT ( 'NONE',  ( 55.88307474683436027, 11.50999999999999979, 15.43980528630373072 ) ) ;
#39 = DIRECTION ( 'NONE',  ( 0.000000000000000000, 1.000000000000000000, -0.000000000000000000 ) ) ;
#40 = AXIS2_PLACEMENT_3D ( 'NONE', #179, #1793, #624 ) ;
#41 = EDGE_CURVE ( 'NONE', #1444, #973, #397, .T. ) ;
#42 = ORIENTED_EDGE ( 'NONE', *, *, #654, .T. ) ;
#43 = CARTESIAN_POINT ( 'NONE',  ( -8.000000000000005329, 2.509999999999474429, 7.312676954599663937 ) ) ;
#44 = LINE ( 'NONE', #1489, #1591 ) ;
#45 = LINE ( 'NONE', #479, #741 ) ;
#46 = ADVANCED_FACE ( 'NONE', ( #566 ), #991, .T. ) ;
#47 = DIRECTION ( 'NONE',  ( 0.000000000000000000, 1.000000000000000000, -0.000000000000000000 ) ) ;
#48 = PRODUCT ( 'Lucky15_Top', 'Lucky15_Top', '', ( #295 ) ) ;
#49 = ORIENTED_EDGE ( 'NONE', *, *, #937, .T. ) ;
#50 = EDGE_CURVE ( 'NONE', #1150, #57, #718, .T. ) ;
#51 = FACE_OUTER_BOUND ( 'NONE', #816, .T. ) ;
#52 = DIRECTION ( 'NONE',  ( 7.888609052210116302E-31, 1.000000000000000000, 1.051326443096836774E-14 ) ) ;
#53 = CARTESIAN_POINT ( 'NONE',  ( 1.352542475351284246, 2.509999999999474429, 7.312676954599676371 ) ) ;
#54 = CARTESIAN_POINT ( 'NONE',  ( 50.58124999999999716, 4.510000000000054854, -5.199999999999963762 ) ) ;
#55 = ORIENTED_EDGE ( 'NONE', *, *, #821, .T. ) ;
#56 = LINE ( 'NONE', #1391, #1235 ) ;
#57 = VERTEX_POINT ( 'NONE', #1602 ) ;
#58 = DIRECTION ( 'NONE',  ( 0.000000000000000000, -1.000000000000000000, 0.000000000000000000 ) ) ;
#59 = CARTESIAN_POINT ( 'NONE',  ( 85.16250000000002274, 9.009999999999999787, -5.300000000000006928 ) ) ;
#60 = EDGE_CURVE ( 'NONE', #806, #675, #270, .T. ) ;
#61 = AXIS2_PLACEMENT_3D ( 'NONE', #731, #443, #27 ) ;
#62 = ORIENTED_EDGE ( 'NONE', *, *, #905, .F. ) ;
#63 = DIRECTION ( 'NONE',  ( 0.000000000000000000, 0.000000000000000000, -1.000000000000000000 ) ) ;
#64 = ORIENTED_EDGE ( 'NONE', *, *, #1445, .F. ) ;
#65 = VECTOR ( 'NONE', #567, 1000.000000000000000 ) ;
#66 = AXIS2_PLACEMENT_3D ( 'NONE', #1024, #39, #777 ) ;
#67 = ORIENTED_EDGE ( 'NONE', *, *, #1522, .T. ) ;
#68 = DIRECTION ( 'NONE',  ( 1.000000000000000000, -0.000000000000000000, 0.000000000000000000 ) ) ;
#69 = VECTOR ( 'NONE', #1446, 1000.000000000000000 ) ;
#70 = ORIENTED_EDGE ( 'NONE', *, *, #1334, .F. ) ;
#71 = CARTESIAN_POINT ( 'NONE',  ( 30.58124999999999361, 4.509999999998929532, 101.8218750000000341 ) ) ;
#72 = EDGE_CURVE ( 'NONE', #1127, #1479, #1926, .T. ) ;
#73 = ORIENTED_EDGE ( 'NONE', *, *, #415, .T. ) ;
#74 = DIRECTION ( 'NONE',  ( 1.000000000000000000, 0.000000000000000000, 1.636168323180476768E-15 ) ) ;
#75 = ORIENTED_EDGE ( 'NONE', *, *, #1351, .F. ) ;
#76 = ORIENTED_EDGE ( 'NONE', *, *, #1569, .F. ) ;
#77 = CARTESIAN_POINT ( 'NONE',  ( 50.58124999999999005, 4.510000000000041531, -3.999999999999973355 ) ) ;
#78 = DIRECTION ( 'NONE',  ( 0.000000000000000000, 0.000000000000000000, -1.000000000000000000 ) ) ;
#79 = VERTEX_POINT ( 'NONE', #870 ) ;
#80 = VERTEX_POINT ( 'NONE', #143 ) ;
#81 = DIRECTION ( 'NONE',  ( 0.000000000000000000, 1.000000000000000000, -0.000000000000000000 ) ) ;
#82 = ORIENTED_EDGE ( 'NONE', *, *, #1485, .F. ) ;
#83 = EDGE_CURVE ( 'NONE', #383, #512, #1625, .T. ) ;
#84 = LINE ( 'NONE', #146, #854 ) ;
#85 = ORIENTED_EDGE ( 'NONE', *, *, #699, .F. ) ;
#86 = EDGE_CURVE ( 'NONE', #1565, #372, #524, .T. ) ;
#87 = CARTESIAN_POINT ( 'NONE',  ( 78.80995752464875181, 11.50999999999999979, 20.17636048440135710 ) ) ;
#88 = ORIENTED_EDGE ( 'NONE', *, *, #1166, .T. ) ;
#89 = DIRECTION ( 'NONE',  ( 1.000000000000000000, -7.888609052210116302E-31, -8.292960757951934959E-45 ) ) ;
#90 = CARTESIAN_POINT ( 'NONE',  ( 53.88307474683436027, 14.00999999999999446, 15.43980528630373072 ) ) ;
#91 = EDGE_LOOP ( 'NONE', ( #261, #1542, #636, #1709 ) ) ;
#92 = DIRECTION ( 'NONE',  ( -0.000000000000000000, -1.000000000000000000, -0.000000000000000000 ) ) ;
#93 = AXIS2_PLACEMENT_3D ( 'NONE', #297, #1636, #873 ) ;
#94 = ORIENTED_EDGE ( 'NONE', *, *, #971, .T. ) ;
#95 = FACE_OUTER_BOUND ( 'NONE', #630, .T. ) ;
#96 = CARTESIAN_POINT ( 'NONE',  ( 50.58124999999999716, 4.510000000000054854, -5.199999999999963762 ) ) ;
#97 = ADVANCED_FACE ( 'NONE', ( #1177 ), #843, .F. ) ;
#98 = CIRCLE ( 'NONE', #800, 2.500000000000002220 ) ;
#99 = VECTOR ( 'NONE', #1547, 1000.000000000000000 ) ;
#100 = ORIENTED_EDGE ( 'NONE', *, *, #1824, .T. ) ;
#101 = AXIS2_PLACEMENT_3D ( 'NONE', #268, #724, #1133 ) ;
#102 = ORIENTED_EDGE ( 'NONE', *, *, #1180, .T. ) ;
#103 = CYLINDRICAL_SURFACE ( 'NONE', #340, 1.200000000000006617 ) ;
#104 = DIRECTION ( 'NONE',  ( 0.000000000000000000, 0.000000000000000000, -1.000000000000000000 ) ) ;
#105 = EDGE_CURVE ( 'NONE', #1269, #1739, #1330, .T. ) ;
#106 = ORIENTED_EDGE ( 'NONE', *, *, #1915, .F. ) ;
#107 = CARTESIAN_POINT ( 'NONE',  ( 30.08307474683436311, 11.50999999999999268, 15.43980528630373250 ) ) ;
#108 = CARTESIAN_POINT ( 'NONE',  ( 0.000000000000000000, 1.510000000000000009, 107.0218750000000227 ) ) ;
#109 = ADVANCED_FACE ( 'NONE', ( #879 ), #1487, .F. ) ;
#110 = ORIENTED_EDGE ( 'NONE', *, *, #1742, .T. ) ;
#111 = DIRECTION ( 'NONE',  ( -0.000000000000000000, -1.000000000000000000, 0.000000000000000000 ) ) ;
#112 = EDGE_LOOP ( 'NONE', ( #1561, #1509, #812, #889 ) ) ;
#113 = ORIENTED_EDGE ( 'NONE', *, *, #1129, .T. ) ;
#114 = DIRECTION ( 'NONE',  ( 0.000000000000000000, 0.000000000000000000, 1.000000000000000000 ) ) ;
#115 = CARTESIAN_POINT ( 'NONE',  ( 30.58124999999999361, 4.510000000000041531, -3.999999999999973355 ) ) ;
#116 = ORIENTED_EDGE ( 'NONE', *, *, #1388, .F. ) ;
#117 = CYLINDRICAL_SURFACE ( 'NONE', #1647, 1.299999999999995604 ) ;
#118 = DIRECTION ( 'NONE',  ( 0.000000000000000000, 0.000000000000000000, -1.000000000000000000 ) ) ;
#119 = EDGE_LOOP ( 'NONE', ( #1306, #909, #73, #1885 ) ) ;
#120 = ADVANCED_FACE ( 'NONE', ( #1454 ), #951, .T. ) ;
#121 = FILL_AREA_STYLE ('',( #420 ) ) ;
#122 = LINE ( 'NONE', #1598, #1812 ) ;
#123 = PLANE ( 'NONE',  #1400 ) ;
#124 = AXIS2_PLACEMENT_3D ( 'NONE', #545, #132, #1151 ) ;
#125 = ORIENTED_EDGE ( 'NONE', *, *, #962, .F. ) ;
#126 = DIRECTION ( 'NONE',  ( 0.000000000000000000, 0.000000000000000000, 1.000000000000000000 ) ) ;
#127 = AXIS2_PLACEMENT_3D ( 'NONE', #1252, #1838, #224 ) ;
#128 = CARTESIAN_POINT ( 'NONE',  ( 84.16250000000002274, 14.01000000000000156, 102.0218750000000085 ) ) ;
#129 = CIRCLE ( 'NONE', #1787, 1.000000000000000888 ) ;
#130 = ORIENTED_EDGE ( 'NONE', *, *, #1250, .F. ) ;
#131 = ADVANCED_FACE ( 'NONE', ( #1292 ), #117, .F. ) ;
#132 = DIRECTION ( 'NONE',  ( 7.888609052210116302E-31, 1.000000000000000000, 1.051326443096836774E-14 ) ) ;
#133 = LINE ( 'NONE', #716, #1238 ) ;
#134 = ORIENTED_EDGE ( 'NONE', *, *, #353, .T. ) ;
#135 = CARTESIAN_POINT ( 'NONE',  ( -2.999999999999991562, 14.01000000000000156, 102.0218750000000085 ) ) ;
#136 = CARTESIAN_POINT ( 'NONE',  ( 53.88307474683436027, 94.77694111853831771, 15.43980528630373072 ) ) ;
#137 = ORIENTED_EDGE ( 'NONE', *, *, #1845, .T. ) ;
#138 = CARTESIAN_POINT ( 'NONE',  ( 0.000000000000000000, 1.510000000000000009, -8.000000000000000000 ) ) ;
#139 = FACE_OUTER_BOUND ( 'NONE', #145, .T. ) ;
#140 = DIRECTION ( 'NONE',  ( -1.000000000000000000, 1.270569682713621462E-30, -1.208636229622139118E-16 ) ) ;
#141 = ADVANCED_FACE ( 'NONE', ( #1307, #1135, #1148, #1762, #1607, #262, #850, #1919 ), #1155, .F. ) ;
#142 = ORIENTED_EDGE ( 'NONE', *, *, #663, .F. ) ;
#143 = CARTESIAN_POINT ( 'NONE',  ( 89.16250000000003695, 11.51000000000000156, 102.0218750000000085 ) ) ;
#144 = DIRECTION ( 'NONE',  ( -0.000000000000000000, 1.000000000000000000, -0.000000000000000000 ) ) ;
#145 = EDGE_LOOP ( 'NONE', ( #1281, #226, #64, #1555 ) ) ;
#146 = CARTESIAN_POINT ( 'NONE',  ( 89.16250000000002274, 14.01000000000000156, -3.000000000000000444 ) ) ;
#147 = LINE ( 'NONE', #745, #1564 ) ;
#148 = CARTESIAN_POINT ( 'NONE',  ( 30.08307474683436311, 14.00999999999999446, 6.139805286303723797 ) ) ;
#149 = ORIENTED_EDGE ( 'NONE', *, *, #1153, .F. ) ;
#150 = EDGE_CURVE ( 'NONE', #768, #416, #769, .T. ) ;
#151 = CARTESIAN_POINT ( 'NONE',  ( 8.290928113872831104E-30, 4.510000000000054854, -5.199999999999963762 ) ) ;
#152 = CARTESIAN_POINT ( 'NONE',  ( 0.000000000000000000, 0.000000000000000000, 0.000000000000000000 ) ) ;
#153 = ORIENTED_EDGE ( 'NONE', *, *, #579, .T. ) ;
#154 = FACE_OUTER_BOUND ( 'NONE', #872, .T. ) ;
#155 = CYLINDRICAL_SURFACE ( 'NONE', #210, 2.500000000000000444 ) ;
#156 = VECTOR ( 'NONE', #837, 1000.000000000000000 ) ;
#157 = AXIS2_PLACEMENT_3D ( 'NONE', #691, #1629, #1481 ) ;
#158 = AXIS2_PLACEMENT_3D ( 'NONE', #1123, #552, #988 ) ;
#159 = DIRECTION ( 'NONE',  ( -0.000000000000000000, 0.000000000000000000, 1.000000000000000000 ) ) ;
#160 = LINE ( 'NONE', #317, #1720 ) ;
#161 = ORIENTED_EDGE ( 'NONE', *, *, #382, .T. ) ;
#162 = DIRECTION ( 'NONE',  ( -1.000000000000000000, 0.000000000000000000, 0.000000000000000000 ) ) ;
#163 = EDGE_CURVE ( 'NONE', #1791, #345, #613, .T. ) ;
#164 = ORIENTED_EDGE ( 'NONE', *, *, #528, .F. ) ;
#165 = FACE_OUTER_BOUND ( 'NONE', #1107, .T. ) ;
#166 = CARTESIAN_POINT ( 'NONE',  ( -4.000000000000000000, 9.009999999999999787, 103.0218750000000369 ) ) ;
#167 = EDGE_CURVE ( 'NONE', #512, #37, #369, .T. ) ;
#168 = DIRECTION ( 'NONE',  ( 1.000000000000000000, -0.000000000000000000, 0.000000000000000000 ) ) ;
#169 = DIRECTION ( 'NONE',  ( 1.206534653326983057E-16, 0.000000000000000000, 1.000000000000000000 ) ) ;
#170 = EDGE_LOOP ( 'NONE', ( #849, #164 ) ) ;
#171 = DIRECTION ( 'NONE',  ( 0.000000000000000000, 1.000000000000000000, 0.000000000000000000 ) ) ;
#172 = ORIENTED_EDGE ( 'NONE', *, *, #1324, .F. ) ;
#173 = DIRECTION ( 'NONE',  ( -1.000000000000000000, 0.000000000000000000, 0.000000000000000000 ) ) ;
#174 = ADVANCED_FACE ( 'NONE', ( #1519 ), #485, .F. ) ;
#175 = DIRECTION ( 'NONE',  ( -0.000000000000000000, 1.000000000000000000, -0.000000000000000000 ) ) ;
#176 = CARTESIAN_POINT ( 'NONE',  ( 30.08307474683436311, 94.77694111853831771, 15.43980528630373250 ) ) ;
#177 = ORIENTED_EDGE ( 'NONE', *, *, #882, .F. ) ;
#178 = FACE_BOUND ( 'NONE', #576, .T. ) ;
#179 = CARTESIAN_POINT ( 'NONE',  ( 78.80995752464875181, 14.01000000000000156, 20.17636048440135710 ) ) ;
#180 = EDGE_CURVE ( 'NONE', #1877, #516, #1035, .T. ) ;
#181 = CARTESIAN_POINT ( 'NONE',  ( 30.58124999999999361, 4.510000000000054854, -5.199999999999963762 ) ) ;
#182 = DIRECTION ( 'NONE',  ( -0.000000000000000000, -1.000000000000000000, 0.000000000000000000 ) ) ;
#183 = VECTOR ( 'NONE', #696, 1000.000000000000000 ) ;
#184 = CIRCLE ( 'NONE', #1619, 1.199999999999998845 ) ;
#185 = CIRCLE ( 'NONE', #1268, 1.299999999999994715 ) ;
#186 = EDGE_CURVE ( 'NONE', #1576, #750, #703, .T. ) ;
#187 = VECTOR ( 'NONE', #1318, 1000.000000000000000 ) ;
#188 = VECTOR ( 'NONE', #1664, 1000.000000000000000 ) ;
#189 = ORIENTED_EDGE ( 'NONE', *, *, #689, .T. ) ;
#190 = DIRECTION ( 'NONE',  ( 0.000000000000000000, 0.000000000000000000, -1.000000000000000000 ) ) ;
#191 = CARTESIAN_POINT ( 'NONE',  ( 1.727605059708226014E-14, 1.510000000000000009, 97.66933252464873760 ) ) ;
#192 = ORIENTED_EDGE ( 'NONE', *, *, #83, .T. ) ;
#193 = CARTESIAN_POINT ( 'NONE',  ( -7.999999999999991118, 11.51000000000000156, 102.0218750000000085 ) ) ;
#194 = DIRECTION ( 'NONE',  ( 0.000000000000000000, -1.000000000000000000, 0.000000000000000000 ) ) ;
#195 = DIRECTION ( 'NONE',  ( 0.000000000000000000, -1.000000000000000000, 0.000000000000000000 ) ) ;
#196 = VERTEX_POINT ( 'NONE', #494 ) ;
#197 = FACE_OUTER_BOUND ( 'NONE', #1101, .T. ) ;
#198 = VERTEX_POINT ( 'NONE', #193 ) ;
#199 = ORIENTED_EDGE ( 'NONE', *, *, #1540, .T. ) ;
#200 = LINE ( 'NONE', #788, #1911 ) ;
#201 = ADVANCED_FACE ( 'NONE', ( #178, #1196 ), #335, .F. ) ;
#202 = CARTESIAN_POINT ( 'NONE',  ( -4.000000000000014211, 9.009999999999999787, -4.000000000000000000 ) ) ;
#203 = ORIENTED_EDGE ( 'NONE', *, *, #1082, .F. ) ;
#204 = LINE ( 'NONE', #1062, #1847 ) ;
#205 = EDGE_CURVE ( 'NONE', #1729, #393, #1356, .T. ) ;
#206 = VERTEX_POINT ( 'NONE', #594 ) ;
#207 = DIRECTION ( 'NONE',  ( 0.000000000000000000, 0.000000000000000000, 1.000000000000000000 ) ) ;
#208 = ORIENTED_EDGE ( 'NONE', *, *, #999, .T. ) ;
#209 = DIRECTION ( 'NONE',  ( -2.366582715663034716E-30, -1.000000000000000000, -1.051257668248692417E-14 ) ) ;
#210 = AXIS2_PLACEMENT_3D ( 'NONE', #904, #1343, #24 ) ;
#211 = ORIENTED_EDGE ( 'NONE', *, *, #1153, .T. ) ;
#212 = AXIS2_PLACEMENT_3D ( 'NONE', #681, #1114, #1596 ) ;
#213 = FACE_OUTER_BOUND ( 'NONE', #799, .T. ) ;
#214 = UNCERTAINTY_MEASURE_WITH_UNIT (LENGTH_MEASURE( 1.000000000000000082E-05 ), #1158, 'distance_accuracy_value', 'NONE');
#215 = AXIS2_PLACEMENT_3D ( 'NONE', #337, #1810, #1052 ) ;
#216 = VECTOR ( 'NONE', #403, 1000.000000000000000 ) ;
#217 = EDGE_LOOP ( 'NONE', ( #957, #271, #172, #1863 ) ) ;
#218 = DIRECTION ( 'NONE',  ( 1.000000000000000000, 0.000000000000000000, 1.768830619654569225E-16 ) ) ;
#219 = AXIS2_PLACEMENT_3D ( 'NONE', #336, #486, #892 ) ;
#220 = VECTOR ( 'NONE', #168, 1000.000000000000000 ) ;
#221 = ORIENTED_EDGE ( 'NONE', *, *, #1048, .F. ) ;
#222 = DIRECTION ( 'NONE',  ( 0.000000000000000000, -1.000000000000000000, 0.000000000000000000 ) ) ;
#223 = ADVANCED_FACE ( 'NONE', ( #1531 ), #1510, .T. ) ;
#224 = DIRECTION ( 'NONE',  ( 0.000000000000000000, 0.000000000000000000, -1.000000000000000000 ) ) ;
#225 = DIRECTION ( 'NONE',  ( -2.366582715663034716E-30, -1.000000000000000000, -1.051257668248692417E-14 ) ) ;
#226 = ORIENTED_EDGE ( 'NONE', *, *, #1311, .T. ) ;
#227 = DIRECTION ( 'NONE',  ( -1.270569682713621462E-30, -1.000000000000000000, 0.000000000000000000 ) ) ;
#228 = EDGE_CURVE ( 'NONE', #1606, #1576, #1590, .T. ) ;
#229 = LINE ( 'NONE', #820, #1876 ) ;
#230 = LINE ( 'NONE', #389, #69 ) ;
#231 = DIRECTION ( 'NONE',  ( -0.000000000000000000, -1.000000000000000000, 0.000000000000000000 ) ) ;
#232 = DIRECTION ( 'NONE',  ( 1.000000000000000000, 0.000000000000000000, 0.000000000000000000 ) ) ;
#233 = ORIENTED_EDGE ( 'NONE', *, *, #1485, .T. ) ;
#234 = DIRECTION ( 'NONE',  ( -0.000000000000000000, -1.000000000000000000, 0.000000000000000000 ) ) ;
#235 = EDGE_CURVE ( 'NONE', #1597, #1681, #185, .T. ) ;
#236 = LINE ( 'NONE', #1420, #1010 ) ;
#237 = VECTOR ( 'NONE', #1881, 1000.000000000000000 ) ;
#238 = ADVANCED_FACE ( 'NONE', ( #1339 ), #348, .F. ) ;
#239 = AXIS2_PLACEMENT_3D ( 'NONE', #32, #194, #1078 ) ;
#240 = VERTEX_POINT ( 'NONE', #1378 ) ;
#241 = FACE_OUTER_BOUND ( 'NONE', #933, .T. ) ;
#242 = DIRECTION ( 'NONE',  ( 0.000000000000000000, 0.000000000000000000, 1.000000000000000000 ) ) ;
#243 = AXIS2_PLACEMENT_3D ( 'NONE', #1418, #1581, #1088 ) ;
#244 = VECTOR ( 'NONE', #531, 1000.000000000000000 ) ;
#245 = ORIENTED_EDGE ( 'NONE', *, *, #180, .F. ) ;
#246 = AXIS2_PLACEMENT_3D ( 'NONE', #770, #304, #1340 ) ;
#247 = VECTOR ( 'NONE', #608, 1000.000000000000000 ) ;
#248 = ORIENTED_EDGE ( 'NONE', *, *, #1273, .F. ) ;
#249 = DIRECTION ( 'NONE',  ( 0.000000000000000000, 1.000000000000000000, 0.000000000000000000 ) ) ;
#250 = ORIENTED_EDGE ( 'NONE', *, *, #905, .T. ) ;
#251 = CARTESIAN_POINT ( 'NONE',  ( 8.290928113872831104E-30, 4.509999999998929532, 101.8218750000000341 ) ) ;
#252 = CYLINDRICAL_SURFACE ( 'NONE', #1371, 2.000000000000000000 ) ;
#253 = ORIENTED_EDGE ( 'NONE', *, *, #477, .F. ) ;
#254 = ADVANCED_FACE ( 'NONE', ( #51 ), #1227, .F. ) ;
#255 = DIRECTION ( 'NONE',  ( -1.000000000000000000, 0.000000000000000000, 0.000000000000000000 ) ) ;
#256 = LINE ( 'NONE', #992, #156 ) ;
#257 = VERTEX_POINT ( 'NONE', #1209 ) ;
#258 = PRESENTATION_STYLE_ASSIGNMENT (( #1181 ) ) ;
#259 = DIRECTION ( 'NONE',  ( 0.000000000000000000, -1.000000000000000000, 0.000000000000000000 ) ) ;
#260 = FACE_OUTER_BOUND ( 'NONE', #1439, .T. ) ;
#261 = ORIENTED_EDGE ( 'NONE', *, *, #1341, .F. ) ;
#262 = FACE_BOUND ( 'NONE', #1553, .T. ) ;
#263 = CARTESIAN_POINT ( 'NONE',  ( 1.352542475351284246, 14.01000000000000156, 20.17636048440123275 ) ) ;
#264 = ADVANCED_FACE ( 'NONE', ( #1823 ), #478, .F. ) ;
#265 = ORIENTED_EDGE ( 'NONE', *, *, #643, .F. ) ;
#266 = ORIENTED_EDGE ( 'NONE', *, *, #150, .T. ) ;
#267 = DIRECTION ( 'NONE',  ( -1.620576895276338894E-60, 1.051257668248692417E-14, -1.000000000000000000 ) ) ;
#268 = CARTESIAN_POINT ( 'NONE',  ( -3.000000000000003997, 11.51000000000000156, -5.500000000000000000 ) ) ;
#269 = VECTOR ( 'NONE', #422, 1000.000000000000000 ) ;
#270 = CIRCLE ( 'NONE', #1394, 2.500000000000000000 ) ;
#271 = ORIENTED_EDGE ( 'NONE', *, *, #1717, .T. ) ;
#272 = DIRECTION ( 'NONE',  ( 0.000000000000000000, 1.000000000000000000, -0.000000000000000000 ) ) ;
#273 = AXIS2_PLACEMENT_3D ( 'NONE', #1020, #1282, #1328 ) ;
#274 = DIRECTION ( 'NONE',  ( 0.000000000000000000, 0.000000000000000000, 1.000000000000000000 ) ) ;
#275 = VECTOR ( 'NONE', #385, 1000.000000000000000 ) ;
#276 = ORIENTED_EDGE ( 'NONE', *, *, #500, .T. ) ;
#277 = CARTESIAN_POINT ( 'NONE',  ( -4.000000000000014211, 9.009999999999999787, -5.299999999999998934 ) ) ;
#278 = VECTOR ( 'NONE', #1187, 1000.000000000000000 ) ;
#279 = CARTESIAN_POINT ( 'NONE',  ( 0.000000000000000000, 14.01000000000000156, -5.500000000000000000 ) ) ;
#280 = EDGE_CURVE ( 'NONE', #874, #1092, #129, .T. ) ;
#281 = DIRECTION ( 'NONE',  ( 1.000000000000000000, 0.000000000000000000, 0.000000000000000000 ) ) ;
#282 = CARTESIAN_POINT ( 'NONE',  ( 2.497063432523553800E-30, 14.01000000000000156, -1.411702966229293054E-14 ) ) ;
#283 = ORIENTED_EDGE ( 'NONE', *, *, #700, .F. ) ;
#284 = DIRECTION ( 'NONE',  ( 0.000000000000000000, -1.000000000000000000, 0.000000000000000000 ) ) ;
#285 = CARTESIAN_POINT ( 'NONE',  ( 79.80995752464875181, 14.01000000000000156, 96.66933252464872339 ) ) ;
#286 = ORIENTED_EDGE ( 'NONE', *, *, #1093, .F. ) ;
#287 = DIRECTION ( 'NONE',  ( 1.000000000000000000, -0.000000000000000000, 0.000000000000000000 ) ) ;
#288 = DIRECTION ( 'NONE',  ( 0.000000000000000000, 1.000000000000000000, 0.000000000000000000 ) ) ;
#289 = EDGE_CURVE ( 'NONE', #1515, #1226, #1046, .T. ) ;
#290 = VERTEX_POINT ( 'NONE', #1698 ) ;
#291 = DIRECTION ( 'NONE',  ( -1.000000000000000000, 0.000000000000000000, 0.000000000000000000 ) ) ;
#292 = DIRECTION ( 'NONE',  ( 0.000000000000000000, -1.000000000000000000, -0.000000000000000000 ) ) ;
#293 = VERTEX_POINT ( 'NONE', #1568 ) ;
#294 = DIRECTION ( 'NONE',  ( 0.000000000000000000, 0.000000000000000000, 1.000000000000000000 ) ) ;
#295 = PRODUCT_CONTEXT ( 'NONE', #1584, 'mechanical' ) ;
#296 = ORIENTED_EDGE ( 'NONE', *, *, #1048, .T. ) ;
#297 = CARTESIAN_POINT ( 'NONE',  ( 78.80995752464875181, 14.01000000000000156, 20.17636048440135710 ) ) ;
#298 = DIRECTION ( 'NONE',  ( 0.000000000000000000, 0.000000000000000000, -1.000000000000000000 ) ) ;
#299 = CARTESIAN_POINT ( 'NONE',  ( -5.499999999999990230, 14.01000000000000156, 107.0218750000000227 ) ) ;
#300 = EDGE_CURVE ( 'NONE', #1176, #698, #667, .T. ) ;
#301 = ORIENTED_EDGE ( 'NONE', *, *, #722, .F. ) ;
#302 = CARTESIAN_POINT ( 'NONE',  ( 50.58124999999999716, 4.510000000000029985, -2.799999999999966516 ) ) ;
#303 = EDGE_CURVE ( 'NONE', #383, #1613, #400, .T. ) ;
#304 = DIRECTION ( 'NONE',  ( 1.000000000000000000, -0.000000000000000000, -0.000000000000000000 ) ) ;
#305 = COLOUR_RGB ( '',0.7921568627450980005, 0.8196078431372548767, 0.9333333333333333481 ) ;
#306 = AXIS2_PLACEMENT_3D ( 'NONE', #1721, #514, #1096 ) ;
#307 = ORIENTED_EDGE ( 'NONE', *, *, #1548, .F. ) ;
#308 = AXIS2_PLACEMENT_3D ( 'NONE', #14, #1827, #896 ) ;
#309 = ORIENTED_EDGE ( 'NONE', *, *, #778, .T. ) ;
#310 = FACE_OUTER_BOUND ( 'NONE', #1412, .T. ) ;
#311 = DIRECTION ( 'NONE',  ( 0.000000000000000000, 1.000000000000000000, 0.000000000000000000 ) ) ;
#312 = VECTOR ( 'NONE', #365, 1000.000000000000000 ) ;
#313 = AXIS2_PLACEMENT_3D ( 'NONE', #1517, #600, #8 ) ;
#314 = AXIS2_PLACEMENT_3D ( 'NONE', #1513, #232, #78 ) ;
#315 = ORIENTED_EDGE ( 'NONE', *, *, #1630, .T. ) ;
#316 = CARTESIAN_POINT ( 'NONE',  ( 1.352542475351284246, 1.510000000000000009, 96.66933252464873760 ) ) ;
#317 = CARTESIAN_POINT ( 'NONE',  ( 1.352542475351284246, 10.50999999999947931, 7.312676954599676371 ) ) ;
#318 = ORIENTED_EDGE ( 'NONE', *, *, #1891, .T. ) ;
#319 = DIRECTION ( 'NONE',  ( 0.000000000000000000, 0.000000000000000000, 1.000000000000000000 ) ) ;
#320 = CARTESIAN_POINT ( 'NONE',  ( 55.88307474683436027, 11.50999999999999268, 6.139805286303723797 ) ) ;
#321 = EDGE_CURVE ( 'NONE', #1126, #1056, #373, .T. ) ;
#322 = CARTESIAN_POINT ( 'NONE',  ( 50.58124999999999005, 4.509999999998917097, 103.0218750000000369 ) ) ;
#323 = CYLINDRICAL_SURFACE ( 'NONE', #314, 2.500000000000000444 ) ;
#324 = ORIENTED_EDGE ( 'NONE', *, *, #1043, .F. ) ;
#325 = LINE ( 'NONE', #1483, #702 ) ;
#326 = CARTESIAN_POINT ( 'NONE',  ( 89.16250000000003695, 1.510000000000000897, 102.0218750000000085 ) ) ;
#327 = ORIENTED_EDGE ( 'NONE', *, *, #205, .F. ) ;
#328 = CARTESIAN_POINT ( 'NONE',  ( 1.352542475351284246, 6.509999999999477538, 14.31267695459966660 ) ) ;
#329 = PLANE ( 'NONE',  #554 ) ;
#330 = DIRECTION ( 'NONE',  ( 0.000000000000000000, 0.000000000000000000, -1.000000000000000000 ) ) ;
#331 =( NAMED_UNIT ( * ) SI_UNIT ( $, .STERADIAN. ) SOLID_ANGLE_UNIT ( ) );
#332 = CARTESIAN_POINT ( 'NONE',  ( 0.000000000000000000, 14.01000000000000156, -8.000000000000000000 ) ) ;
#333 = DIRECTION ( 'NONE',  ( 0.000000000000000000, 0.000000000000000000, 1.000000000000000000 ) ) ;
#334 = ORIENTED_EDGE ( 'NONE', *, *, #1503, .T. ) ;
#335 = PLANE ( 'NONE',  #1366 ) ;
#336 = CARTESIAN_POINT ( 'NONE',  ( 50.58124999999999005, 1.510000000000042197, -4.000000000000004441 ) ) ;
#337 = CARTESIAN_POINT ( 'NONE',  ( 78.80995752464875181, 14.01000000000000156, 96.66933252464872339 ) ) ;
#338 = CARTESIAN_POINT ( 'NONE',  ( 84.16250000000000853, 14.01000000000000156, -5.500000000000000000 ) ) ;
#339 = VECTOR ( 'NONE', #614, 1000.000000000000000 ) ;
#340 = AXIS2_PLACEMENT_3D ( 'NONE', #1401, #1427, #1740 ) ;
#341 = VECTOR ( 'NONE', #1066, 1000.000000000000000 ) ;
#342 = CIRCLE ( 'NONE', #219, 1.199999999999998845 ) ;
#343 = EDGE_CURVE ( 'NONE', #206, #668, #1410, .T. ) ;
#344 = AXIS2_PLACEMENT_3D ( 'NONE', #1674, #1819, #333 ) ;
#345 = VERTEX_POINT ( 'NONE', #1396 ) ;
#346 = DIRECTION ( 'NONE',  ( 0.000000000000000000, 1.000000000000000000, 0.000000000000000000 ) ) ;
#347 = ORIENTED_EDGE ( 'NONE', *, *, #1450, .F. ) ;
#348 = CYLINDRICAL_SURFACE ( 'NONE', #1333, 1.200000000000006617 ) ;
#349 = FACE_OUTER_BOUND ( 'NONE', #112, .T. ) ;
#350 = EDGE_CURVE ( 'NONE', #768, #1338, #1140, .T. ) ;
#351 = VERTEX_POINT ( 'NONE', #1424 ) ;
#352 = DIRECTION ( 'NONE',  ( -1.000000000000000000, 0.000000000000000000, -0.000000000000000000 ) ) ;
#353 = EDGE_CURVE ( 'NONE', #1681, #1739, #1260, .T. ) ;
#354 = ORIENTED_EDGE ( 'NONE', *, *, #41, .F. ) ;
#355 = ORIENTED_EDGE ( 'NONE', *, *, #303, .T. ) ;
#356 = DIRECTION ( 'NONE',  ( 0.000000000000000000, -1.000000000000000000, 0.000000000000000000 ) ) ;
#357 = ORIENTED_EDGE ( 'NONE', *, *, #1563, .F. ) ;
#358 = FACE_OUTER_BOUND ( 'NONE', #930, .T. ) ;
#359 = ORIENTED_EDGE ( 'NONE', *, *, #1, .F. ) ;
#360 = ORIENTED_EDGE ( 'NONE', *, *, #382, .F. ) ;
#361 = ADVANCED_FACE ( 'NONE', ( #1116 ), #1104, .F. ) ;
#362 = CARTESIAN_POINT ( 'NONE',  ( 28.08307474683436311, 14.00999999999999446, 0.000000000000000000 ) ) ;
#363 = ADVANCED_FACE ( 'NONE', ( #1728 ), #1909, .T. ) ;
#364 = CARTESIAN_POINT ( 'NONE',  ( 78.80995752464875181, 1.510000000000000897, 96.66933252464872339 ) ) ;
#365 = DIRECTION ( 'NONE',  ( 1.000000000000000000, -7.888609052210116302E-31, -8.292960757951936203E-45 ) ) ;
#366 = AXIS2_PLACEMENT_3D ( 'NONE', #33, #182, #488 ) ;
#367 = ORIENTED_EDGE ( 'NONE', *, *, #167, .T. ) ;
#368 = AXIS2_PLACEMENT_3D ( 'NONE', #1684, #1375, #74 ) ;
#369 = CIRCLE ( 'NONE', #1331, 1.299999999999981615 ) ;
#370 = LINE ( 'NONE', #1830, #1648 ) ;
#371 = AXIS2_PLACEMENT_3D ( 'NONE', #1194, #887, #1807 ) ;
#372 = VERTEX_POINT ( 'NONE', #815 ) ;
#373 = LINE ( 'NONE', #362, #1649 ) ;
#374 = EDGE_LOOP ( 'NONE', ( #671, #116, #1025, #621 ) ) ;
#375 = ORIENTED_EDGE ( 'NONE', *, *, #1093, .T. ) ;
#376 = DIRECTION ( 'NONE',  ( 0.000000000000000000, 0.000000000000000000, 1.000000000000000000 ) ) ;
#377 = EDGE_CURVE ( 'NONE', #928, #668, #381, .T. ) ;
#378 = LINE ( 'NONE', #1028, #1493 ) ;
#379 = ORIENTED_EDGE ( 'NONE', *, *, #353, .F. ) ;
#380 = CYLINDRICAL_SURFACE ( 'NONE', #894, 1.299999999999999156 ) ;
#381 = LINE ( 'NONE', #538, #1463 ) ;
#382 = EDGE_CURVE ( 'NONE', #993, #1150, #1532, .T. ) ;
#383 = VERTEX_POINT ( 'NONE', #1736 ) ;
#384 = ORIENTED_EDGE ( 'NONE', *, *, #971, .F. ) ;
#385 = DIRECTION ( 'NONE',  ( 0.000000000000000000, 0.000000000000000000, -1.000000000000000000 ) ) ;
#386 = ADVANCED_FACE ( 'NONE', ( #390 ), #1247, .F. ) ;
#387 = CYLINDRICAL_SURFACE ( 'NONE', #1264, 5.000000000000000000 ) ;
#388 = ORIENTED_EDGE ( 'NONE', *, *, #412, .F. ) ;
#389 = CARTESIAN_POINT ( 'NONE',  ( 79.80995752464875181, 14.01000000000000156, 0.000000000000000000 ) ) ;
#390 = FACE_OUTER_BOUND ( 'NONE', #1246, .T. ) ;
#391 = ORIENTED_EDGE ( 'NONE', *, *, #1546, .F. ) ;
#392 = ORIENTED_EDGE ( 'NONE', *, *, #1125, .T. ) ;
#393 = VERTEX_POINT ( 'NONE', #1705 ) ;
#394 = PLANE ( 'NONE',  #1878 ) ;
#395 = LINE ( 'NONE', #924, #1169 ) ;
#396 = AXIS2_PLACEMENT_3D ( 'NONE', #166, #497, #1373 ) ;
#397 = CIRCLE ( 'NONE', #885, 2.500000000000002220 ) ;
#398 = EDGE_CURVE ( 'NONE', #760, #518, #1276, .T. ) ;
#399 = AXIS2_PLACEMENT_3D ( 'NONE', #898, #291, #1023 ) ;
#400 = CIRCLE ( 'NONE', #1686, 1.299999999999981615 ) ;
#401 = ORIENTED_EDGE ( 'NONE', *, *, #1289, .F. ) ;
#402 = LINE ( 'NONE', #1611, #853 ) ;
#403 = DIRECTION ( 'NONE',  ( -1.000000000000000000, 1.270569682713621462E-30, -1.208636229622139118E-16 ) ) ;
#404 = CIRCLE ( 'NONE', #1429, 2.000000000000000000 ) ;
#405 = VECTOR ( 'NONE', #1785, 1000.000000000000000 ) ;
#406 = ORIENTED_EDGE ( 'NONE', *, *, #923, .F. ) ;
#407 = AXIS2_PLACEMENT_3D ( 'NONE', #251, #267, #1465 ) ;
#408 = DIRECTION ( 'NONE',  ( 0.000000000000000000, 0.000000000000000000, 1.000000000000000000 ) ) ;
#409 = DIRECTION ( 'NONE',  ( 0.000000000000000000, 1.000000000000000000, 0.000000000000000000 ) ) ;
#410 = ORIENTED_EDGE ( 'NONE', *, *, #1414, .T. ) ;
#411 = PLANE ( 'NONE',  #1201 ) ;
#412 = EDGE_CURVE ( 'NONE', #1092, #1090, #945, .T. ) ;
#413 = CARTESIAN_POINT ( 'NONE',  ( 55.88307474683436027, 11.50999999999999979, 6.139805286303723797 ) ) ;
#414 = DIRECTION ( 'NONE',  ( 0.000000000000000000, 1.000000000000000000, 0.000000000000000000 ) ) ;
#415 = EDGE_CURVE ( 'NONE', #1127, #1470, #658, .T. ) ;
#416 = VERTEX_POINT ( 'NONE', #1538 ) ;
#417 = CARTESIAN_POINT ( 'NONE',  ( 30.58124999999999361, 4.509999999998904663, 104.2218750000000398 ) ) ;
#418 = DIRECTION ( 'NONE',  ( 0.000000000000000000, 1.000000000000000000, 0.000000000000000000 ) ) ;
#419 = ORIENTED_EDGE ( 'NONE', *, *, #343, .T. ) ;
#420 = FILL_AREA_STYLE_COLOUR ( '', #305 ) ;
#421 = EDGE_LOOP ( 'NONE', ( #883, #1665, #1925, #334 ) ) ;
#422 = DIRECTION ( 'NONE',  ( 0.000000000000000000, 0.000000000000000000, -1.000000000000000000 ) ) ;
#423 = DIRECTION ( 'NONE',  ( 0.000000000000000000, 1.084202172485505538E-14, -1.000000000000000000 ) ) ;
#424 = EDGE_CURVE ( 'NONE', #351, #938, #200, .T. ) ;
#425 = ORIENTED_EDGE ( 'NONE', *, *, #1618, .F. ) ;
#426 = DIRECTION ( 'NONE',  ( 0.000000000000000000, -0.000000000000000000, 1.000000000000000000 ) ) ;
#427 = DIRECTION ( 'NONE',  ( 0.000000000000000000, 1.000000000000000000, -0.000000000000000000 ) ) ;
#428 = EDGE_CURVE ( 'NONE', #1176, #1842, #640, .T. ) ;
#429 = ORIENTED_EDGE ( 'NONE', *, *, #821, .F. ) ;
#430 = FACE_OUTER_BOUND ( 'NONE', #1212, .T. ) ;
#431 = DIRECTION ( 'NONE',  ( 0.000000000000000000, 1.000000000000000000, -0.000000000000000000 ) ) ;
#432 = VECTOR ( 'NONE', #63, 1000.000000000000000 ) ;
#433 = AXIS2_PLACEMENT_3D ( 'NONE', #1164, #1792, #426 ) ;
#434 = VERTEX_POINT ( 'NONE', #1768 ) ;
#435 = CARTESIAN_POINT ( 'NONE',  ( -4.000000000000000000, 1.510000000000000009, 104.3218750000000199 ) ) ;
#436 = VECTOR ( 'NONE', #144, 1000.000000000000000 ) ;
#437 = DIRECTION ( 'NONE',  ( 0.000000000000000000, -0.000000000000000000, 1.000000000000000000 ) ) ;
#438 = CIRCLE ( 'NONE', #1593, 1.200000000000006617 ) ;
#439 = VECTOR ( 'NONE', #1146, 1000.000000000000000 ) ;
#440 = LINE ( 'NONE', #1892, #798 ) ;
#441 = ADVANCED_FACE ( 'NONE', ( #260 ), #252, .F. ) ;
#442 = FACE_OUTER_BOUND ( 'NONE', #119, .T. ) ;
#443 = DIRECTION ( 'NONE',  ( -0.000000000000000000, -1.000000000000000000, 0.000000000000000000 ) ) ;
#444 = CARTESIAN_POINT ( 'NONE',  ( 53.88307474683436027, 14.00999999999999446, 17.43980528630373072 ) ) ;
#445 = EDGE_LOOP ( 'NONE', ( #137, #448, #836, #1737 ) ) ;
#446 = DIRECTION ( 'NONE',  ( 0.000000000000000000, 1.000000000000000000, 0.000000000000000000 ) ) ;
#447 = EDGE_CURVE ( 'NONE', #1312, #240, #581, .T. ) ;
#448 = ORIENTED_EDGE ( 'NONE', *, *, #447, .F. ) ;
#449 = CARTESIAN_POINT ( 'NONE',  ( 30.58124999999999361, 4.509999999998929532, 101.8218750000000341 ) ) ;
#450 = EDGE_CURVE ( 'NONE', #747, #1537, #1689, .T. ) ;
#451 = ORIENTED_EDGE ( 'NONE', *, *, #280, .F. ) ;
#452 = CARTESIAN_POINT ( 'NONE',  ( 78.80995752464875181, 14.01000000000000156, 96.66933252464872339 ) ) ;
#453 = DIRECTION ( 'NONE',  ( 0.000000000000000000, 0.000000000000000000, -1.000000000000000000 ) ) ;
#454 = EDGE_LOOP ( 'NONE', ( #125, #1724 ) ) ;
#455 = CARTESIAN_POINT ( 'NONE',  ( 0.000000000000000000, 94.77694111853831771, 4.139805286303723797 ) ) ;
#456 = ORIENTED_EDGE ( 'NONE', *, *, #1043, .T. ) ;
#457 = DIRECTION ( 'NONE',  ( 0.000000000000000000, 0.000000000000000000, -1.000000000000000000 ) ) ;
#458 = CARTESIAN_POINT ( 'NONE',  ( 85.16250000000002274, 9.009999999999999787, -5.300000000000006928 ) ) ;
#459 = ORIENTED_EDGE ( 'NONE', *, *, #1712, .T. ) ;
#460 = CARTESIAN_POINT ( 'NONE',  ( 55.88307474683436027, 14.00999999999999446, 0.000000000000000000 ) ) ;
#461 = DIRECTION ( 'NONE',  ( 1.734723475976807341E-16, -0.000000000000000000, 1.000000000000000000 ) ) ;
#462 = EDGE_CURVE ( 'NONE', #583, #434, #1746, .T. ) ;
#463 = ORIENTED_EDGE ( 'NONE', *, *, #1473, .F. ) ;
#464 = DIRECTION ( 'NONE',  ( 0.000000000000000000, 0.000000000000000000, 1.000000000000000000 ) ) ;
#465 = CIRCLE ( 'NONE', #701, 1.299999999999995604 ) ;
#466 = VECTOR ( 'NONE', #1224, 1000.000000000000000 ) ;
#467 = DIRECTION ( 'NONE',  ( 0.000000000000000000, 0.000000000000000000, -1.000000000000000000 ) ) ;
#468 = CARTESIAN_POINT ( 'NONE',  ( 84.16250000000002274, 14.01000000000000156, 104.5218750000000085 ) ) ;
#469 = AXIS2_PLACEMENT_3D ( 'NONE', #541, #227, #653 ) ;
#470 = CIRCLE ( 'NONE', #66, 5.000000000000004441 ) ;
#471 = STYLED_ITEM ( 'NONE', ( #258 ), #749 ) ;
#472 = EDGE_CURVE ( 'NONE', #583, #1817, #1790, .T. ) ;
#473 = ORIENTED_EDGE ( 'NONE', *, *, #663, .T. ) ;
#474 = DIRECTION ( 'NONE',  ( -1.000000000000000000, 0.000000000000000000, 1.768830619654569225E-16 ) ) ;
#475 = LINE ( 'NONE', #326, #1175 ) ;
#476 = ORIENTED_EDGE ( 'NONE', *, *, #764, .T. ) ;
#477 = EDGE_CURVE ( 'NONE', #1928, #1392, #563, .T. ) ;
#478 = CYLINDRICAL_SURFACE ( 'NONE', #1752, 4.000000000000003553 ) ;
#479 = CARTESIAN_POINT ( 'NONE',  ( 28.08307474683436311, 94.77694111853831771, 6.139805286303723797 ) ) ;
#480 = PRODUCT_DEFINITION_SHAPE ( 'NONE', 'NONE',  #638 ) ;
#481 = ORIENTED_EDGE ( 'NONE', *, *, #1775, .F. ) ;
#482 = DIRECTION ( 'NONE',  ( 0.000000000000000000, 0.000000000000000000, 1.000000000000000000 ) ) ;
#483 = FACE_BOUND ( 'NONE', #1296, .T. ) ;
#484 = VERTEX_POINT ( 'NONE', #1895 ) ;
#485 = PLANE ( 'NONE',  #1460 ) ;
#486 = DIRECTION ( 'NONE',  ( -7.888609052210116302E-31, -1.000000000000000000, -1.051326443096836774E-14 ) ) ;
#487 = CARTESIAN_POINT ( 'NONE',  ( 84.16250000000002274, 11.51000000000000156, 104.5218750000000085 ) ) ;
#488 = DIRECTION ( 'NONE',  ( 0.000000000000000000, 0.000000000000000000, 1.000000000000000000 ) ) ;
#489 = EDGE_CURVE ( 'NONE', #1243, #1274, #1880, .T. ) ;
#490 = EDGE_LOOP ( 'NONE', ( #1707, #1051, #401, #1766 ) ) ;
#491 = DIRECTION ( 'NONE',  ( 0.000000000000000000, 0.000000000000000000, 1.000000000000000000 ) ) ;
#492 = ORIENTED_EDGE ( 'NONE', *, *, #946, .T. ) ;
#493 = ORIENTED_EDGE ( 'NONE', *, *, #713, .F. ) ;
#494 = CARTESIAN_POINT ( 'NONE',  ( 53.88307474683436027, 14.00999999999999446, 4.139805286303723797 ) ) ;
#495 = CARTESIAN_POINT ( 'NONE',  ( -2.999999999999991562, 11.51000000000000156, 104.5218750000000085 ) ) ;
#496 = AXIS2_PLACEMENT_3D ( 'NONE', #1779, #446, #294 ) ;
#497 = DIRECTION ( 'NONE',  ( 0.000000000000000000, -1.000000000000000000, 0.000000000000000000 ) ) ;
#498 = AXIS2_PLACEMENT_3D ( 'NONE', #983, #965, #1575 ) ;
#499 = AXIS2_PLACEMENT_3D ( 'NONE', #1086, #231, #651 ) ;
#500 = EDGE_CURVE ( 'NONE', #1243, #1730, #1816, .T. ) ;
#501 = AXIS2_PLACEMENT_3D ( 'NONE', #1623, #414, #997 ) ;
#502 = VECTOR ( 'NONE', #1527, 1000.000000000000000 ) ;
#503 = CARTESIAN_POINT ( 'NONE',  ( -5.499999999999991118, 11.51000000000000156, 102.0218750000000085 ) ) ;
#504 = ORIENTED_EDGE ( 'NONE', *, *, #303, .F. ) ;
#505 = CARTESIAN_POINT ( 'NONE',  ( 79.80995752464875181, 1.510000000000000009, 0.000000000000000000 ) ) ;
#506 = FACE_OUTER_BOUND ( 'NONE', #1094, .T. ) ;
#507 = FACE_OUTER_BOUND ( 'NONE', #374, .T. ) ;
#508 = ADVANCED_FACE ( 'NONE', ( #975 ), #989, .F. ) ;
#509 = DIRECTION ( 'NONE',  ( 0.000000000000000000, 0.000000000000000000, 1.000000000000000000 ) ) ;
#510 = ORIENTED_EDGE ( 'NONE', *, *, #1706, .T. ) ;
#511 = ADVANCED_FACE ( 'NONE', ( #1012, #1003 ), #840, .F. ) ;
#512 = VERTEX_POINT ( 'NONE', #1903 ) ;
#513 = DIRECTION ( 'NONE',  ( 1.000000000000000000, 0.000000000000000000, -1.326622964740927289E-16 ) ) ;
#514 = DIRECTION ( 'NONE',  ( 1.000000000000000000, 0.000000000000000000, 0.000000000000000000 ) ) ;
#515 = LINE ( 'NONE', #1097, #312 ) ;
#516 = VERTEX_POINT ( 'NONE', #856 ) ;
#517 = CARTESIAN_POINT ( 'NONE',  ( -4.000000000000000000, 1.510000000000000009, 103.0218750000000369 ) ) ;
#518 = VERTEX_POINT ( 'NONE', #1173 ) ;
#519 = DIRECTION ( 'NONE',  ( -0.000000000000000000, 0.000000000000000000, 1.000000000000000000 ) ) ;
#520 = EDGE_CURVE ( 'NONE', #1226, #196, #553, .T. ) ;
#521 = ORIENTED_EDGE ( 'NONE', *, *, #1219, .F. ) ;
#522 = ORIENTED_EDGE ( 'NONE', *, *, #472, .T. ) ;
#523 = CARTESIAN_POINT ( 'NONE',  ( 84.16250000000000853, 1.510000000000000897, -3.000000000000000000 ) ) ;
#524 = CIRCLE ( 'NONE', #1936, 1.299999999999999156 ) ;
#525 = CIRCLE ( 'NONE', #1750, 1.000000000000000888 ) ;
#526 = CYLINDRICAL_SURFACE ( 'NONE', #498, 1.000000000000000888 ) ;
#527 = ORIENTED_EDGE ( 'NONE', *, *, #564, .F. ) ;
#528 = EDGE_CURVE ( 'NONE', #1681, #1597, #674, .T. ) ;
#529 = AXIS2_PLACEMENT_3D ( 'NONE', #487, #173, #1382 ) ;
#530 = AXIS2_PLACEMENT_3D ( 'NONE', #1322, #431, #1285 ) ;
#531 = DIRECTION ( 'NONE',  ( 0.000000000000000000, 0.000000000000000000, -1.000000000000000000 ) ) ;
#532 = AXIS2_PLACEMENT_3D ( 'NONE', #911, #1370, #1520 ) ;
#533 = EDGE_CURVE ( 'NONE', #998, #393, #133, .T. ) ;
#534 = CARTESIAN_POINT ( 'NONE',  ( 85.16250000000003695, 1.510000000000000009, 104.3218750000000199 ) ) ;
#535 = CARTESIAN_POINT ( 'NONE',  ( -3.000000000000003997, 1.510000000000000009, -8.000000000000000000 ) ) ;
#536 = ORIENTED_EDGE ( 'NONE', *, *, #579, .F. ) ;
#537 = FACE_OUTER_BOUND ( 'NONE', #445, .T. ) ;
#538 = CARTESIAN_POINT ( 'NONE',  ( 2.497063432523553800E-30, 1.510000000000000009, -1.411702966229293054E-14 ) ) ;
#539 = EDGE_LOOP ( 'NONE', ( #1856, #359, #1744, #459 ) ) ;
#540 = ORIENTED_EDGE ( 'NONE', *, *, #1574, .T. ) ;
#541 = CARTESIAN_POINT ( 'NONE',  ( 89.16350000000004172, 2.509999999999474429, 7.312676954599676371 ) ) ;
#542 = ADVANCED_FACE ( 'NONE', ( #1605 ), #123, .F. ) ;
#543 = CARTESIAN_POINT ( 'NONE',  ( -2.999999999999988898, 14.01000000000000156, 104.5218750000000085 ) ) ;
#544 = ORIENTED_EDGE ( 'NONE', *, *, #1385, .F. ) ;
#545 = CARTESIAN_POINT ( 'NONE',  ( 30.58124999999999005, 4.509999999998917097, 103.0218750000000369 ) ) ;
#546 = DIRECTION ( 'NONE',  ( -0.000000000000000000, 1.000000000000000000, 0.000000000000000000 ) ) ;
#547 = DIRECTION ( 'NONE',  ( 0.000000000000000000, 0.000000000000000000, 1.000000000000000000 ) ) ;
#548 = CARTESIAN_POINT ( 'NONE',  ( -3.000000000000003997, 14.01000000000000156, -3.000000000000000000 ) ) ;
#549 = EDGE_LOOP ( 'NONE', ( #1701, #756, #266, #1523 ) ) ;
#550 = PRESENTATION_LAYER_ASSIGNMENT (  '', '', ( #471 ) ) ;
#551 = CIRCLE ( 'NONE', #1524, 2.000000000000000000 ) ;
#552 = DIRECTION ( 'NONE',  ( 0.000000000000000000, 1.000000000000000000, 0.000000000000000000 ) ) ;
#553 = LINE ( 'NONE', #1466, #439 ) ;
#554 = AXIS2_PLACEMENT_3D ( 'NONE', #1036, #31, #781 ) ;
#555 = AXIS2_PLACEMENT_3D ( 'NONE', #571, #1161, #1305 ) ;
#556 = ORIENTED_EDGE ( 'NONE', *, *, #984, .T. ) ;
#557 = AXIS2_PLACEMENT_3D ( 'NONE', #107, #1894, #114 ) ;
#558 = DIRECTION ( 'NONE',  ( 0.000000000000000000, 0.000000000000000000, -1.000000000000000000 ) ) ;
#559 = FACE_OUTER_BOUND ( 'NONE', #1288, .T. ) ;
#560 = ORIENTED_EDGE ( 'NONE', *, *, #841, .T. ) ;
#561 = EDGE_CURVE ( 'NONE', #760, #1877, #775, .T. ) ;
#562 = LINE ( 'NONE', #570, #269 ) ;
#563 = LINE ( 'NONE', #1436, #216 ) ;
#564 = EDGE_CURVE ( 'NONE', #1739, #1269, #1594, .T. ) ;
#565 = ORIENTED_EDGE ( 'NONE', *, *, #1334, .T. ) ;
#566 = FACE_OUTER_BOUND ( 'NONE', #1027, .T. ) ;
#567 = DIRECTION ( 'NONE',  ( 1.000000000000000000, -7.888609052210116302E-31, -8.292960757951936203E-45 ) ) ;
#568 = EDGE_LOOP ( 'NONE', ( #1171, #1696, #1678, #62 ) ) ;
#569 = CARTESIAN_POINT ( 'NONE',  ( 30.58124999999999361, 4.510000000000029985, -2.799999999999966516 ) ) ;
#570 = CARTESIAN_POINT ( 'NONE',  ( 1.352542475351284246, 1.510000000000000009, 0.000000000000000000 ) ) ;
#571 = CARTESIAN_POINT ( 'NONE',  ( 50.58124999999999005, 4.510000000000041531, -3.999999999999973355 ) ) ;
#572 = ORIENTED_EDGE ( 'NONE', *, *, #573, .F. ) ;
#573 = EDGE_CURVE ( 'NONE', #290, #1045, #1932, .T. ) ;
#574 = DIRECTION ( 'NONE',  ( 0.000000000000000000, 1.000000000000000000, 0.000000000000000000 ) ) ;
#575 = CARTESIAN_POINT ( 'NONE',  ( 2.352542475351284246, 94.77694111853831771, 20.17636048440123275 ) ) ;
#576 = EDGE_LOOP ( 'NONE', ( #327, #1061, #324, #481, #1004 ) ) ;
#577 = CARTESIAN_POINT ( 'NONE',  ( 50.58124999999999716, 4.509999999998929532, 101.8218750000000341 ) ) ;
#578 = SURFACE_STYLE_FILL_AREA ( #121 ) ;
#579 = EDGE_CURVE ( 'NONE', #938, #1422, #1336, .T. ) ;
#580 = DIRECTION ( 'NONE',  ( -0.000000000000000000, -1.000000000000000000, 0.000000000000000000 ) ) ;
#581 = LINE ( 'NONE', #694, #926 ) ;
#582 = CIRCLE ( 'NONE', #1682, 1.299999999999981615 ) ;
#583 = VERTEX_POINT ( 'NONE', #444 ) ;
#584 = DIRECTION ( 'NONE',  ( -1.000000000000000000, 0.000000000000000000, -1.636168323180476570E-15 ) ) ;
#585 = VECTOR ( 'NONE', #1240, 1000.000000000000000 ) ;
#586 = DIRECTION ( 'NONE',  ( 0.000000000000000000, -1.000000000000000000, 0.000000000000000000 ) ) ;
#587 = ADVANCED_FACE ( 'NONE', ( #1798 ), #1302, .T. ) ;
#588 = CIRCLE ( 'NONE', #1081, 5.000000000000004441 ) ;
#589 = DIRECTION ( 'NONE',  ( -7.888609052210116302E-31, -1.000000000000000000, -1.051326443096836774E-14 ) ) ;
#590 = CARTESIAN_POINT ( 'NONE',  ( 8.290928113872831104E-30, 4.510000000000029985, -2.799999999999966516 ) ) ;
#591 = DIRECTION ( 'NONE',  ( -0.000000000000000000, -0.000000000000000000, -1.000000000000000000 ) ) ;
#592 = FACE_OUTER_BOUND ( 'NONE', #91, .T. ) ;
#593 = ORIENTED_EDGE ( 'NONE', *, *, #41, .T. ) ;
#594 = CARTESIAN_POINT ( 'NONE',  ( 79.80995752464875181, 1.510000000000000009, 96.66933252464872339 ) ) ;
#595 = CARTESIAN_POINT ( 'NONE',  ( 1.352542475351284246, 6.509999999999475762, 7.312676954599664825 ) ) ;
#596 = DIRECTION ( 'NONE',  ( 0.000000000000000000, -1.000000000000000000, 0.000000000000000000 ) ) ;
#597 = LINE ( 'NONE', #458, #1040 ) ;
#598 = EDGE_CURVE ( 'NONE', #1126, #790, #1651, .T. ) ;
#599 = CARTESIAN_POINT ( 'NONE',  ( 28.08307474683436311, 14.00999999999999446, 15.43980528630373250 ) ) ;
#600 = DIRECTION ( 'NONE',  ( 0.000000000000000000, 1.000000000000000000, -0.000000000000000000 ) ) ;
#601 = EDGE_LOOP ( 'NONE', ( #1019, #1144, #652, #1259 ) ) ;
#602 = DIRECTION ( 'NONE',  ( 0.000000000000000000, 1.000000000000000000, 0.000000000000000000 ) ) ;
#603 = ORIENTED_EDGE ( 'NONE', *, *, #1609, .F. ) ;
#604 = CARTESIAN_POINT ( 'NONE',  ( -2.999999999999991562, 1.510000000000000897, 102.0218750000000085 ) ) ;
#605 = CARTESIAN_POINT ( 'NONE',  ( 8.290928113872831104E-30, 4.510000000000029985, -2.799999999999966516 ) ) ;
#606 = EDGE_CURVE ( 'NONE', #80, #1769, #475, .T. ) ;
#607 = CYLINDRICAL_SURFACE ( 'NONE', #802, 4.000000000000002665 ) ;
#608 = DIRECTION ( 'NONE',  ( -0.000000000000000000, 1.000000000000000000, -0.000000000000000000 ) ) ;
#609 = ORIENTED_EDGE ( 'NONE', *, *, #398, .T. ) ;
#610 = DIRECTION ( 'NONE',  ( 1.000000000000000000, -0.000000000000000000, -0.000000000000000000 ) ) ;
#611 = DIRECTION ( 'NONE',  ( 1.000000000000000000, -0.000000000000000000, -0.000000000000000000 ) ) ;
#612 = CIRCLE ( 'NONE', #1713, 4.000000000000001776 ) ;
#613 = CIRCLE ( 'NONE', #734, 4.000000000000003553 ) ;
#614 = DIRECTION ( 'NONE',  ( 0.000000000000000000, 0.000000000000000000, -1.000000000000000000 ) ) ;
#615 = AXIS2_PLACEMENT_3D ( 'NONE', #1890, #81, #796 ) ;
#616 = VECTOR ( 'NONE', #1587, 1000.000000000000000 ) ;
#617 = ORIENTED_EDGE ( 'NONE', *, *, #1845, .F. ) ;
#618 = LINE ( 'NONE', #1406, #466 ) ;
#619 = DIRECTION ( 'NONE',  ( 7.888609052210116302E-31, 1.000000000000000000, 1.051326443096836774E-14 ) ) ;
#620 = ADVANCED_FACE ( 'NONE', ( #1225 ), #629, .T. ) ;
#621 = ORIENTED_EDGE ( 'NONE', *, *, #72, .T. ) ;
#622 = CARTESIAN_POINT ( 'NONE',  ( 79.80995752464875181, 14.01000000000000156, 0.000000000000000000 ) ) ;
#623 = ADVANCED_FACE ( 'NONE', ( #592 ), #917, .F. ) ;
#624 = DIRECTION ( 'NONE',  ( 0.000000000000000000, 0.000000000000000000, 1.000000000000000000 ) ) ;
#625 = LINE ( 'NONE', #1038, #1719 ) ;
#626 = DIRECTION ( 'NONE',  ( -0.000000000000000000, 1.000000000000000000, -0.000000000000000000 ) ) ;
#627 = ORIENTED_EDGE ( 'NONE', *, *, #1583, .F. ) ;
#628 = DIRECTION ( 'NONE',  ( 1.000000000000000000, 0.000000000000000000, 1.768830619654569225E-16 ) ) ;
#629 = PLANE ( 'NONE',  #371 ) ;
#630 = EDGE_LOOP ( 'NONE', ( #1893, #1627, #1347, #55 ) ) ;
#631 = DIRECTION ( 'NONE',  ( 0.000000000000000000, 0.000000000000000000, 1.000000000000000000 ) ) ;
#632 = FACE_OUTER_BOUND ( 'NONE', #1425, .T. ) ;
#633 = EDGE_CURVE ( 'NONE', #1641, #1312, #767, .T. ) ;
#634 = DIRECTION ( 'NONE',  ( 0.000000000000000000, -1.000000000000000000, 0.000000000000000000 ) ) ;
#635 = DIRECTION ( 'NONE',  ( -1.000000000000000000, 0.000000000000000000, 1.326622964740927042E-16 ) ) ;
#636 = ORIENTED_EDGE ( 'NONE', *, *, #999, .F. ) ;
#637 = DIRECTION ( 'NONE',  ( 1.206534653326982810E-16, 0.000000000000000000, 1.000000000000000000 ) ) ;
#638 = PRODUCT_DEFINITION ( 'UNKNOWN', '', #1464, #1865 ) ;
#639 = ORIENTED_EDGE ( 'NONE', *, *, #937, .F. ) ;
#640 = LINE ( 'NONE', #1852, #1753 ) ;
#641 = AXIS2_PLACEMENT_3D ( 'NONE', #1497, #580, #1507 ) ;
#642 = LINE ( 'NONE', #970, #585 ) ;
#643 = EDGE_CURVE ( 'NONE', #1624, #80, #470, .T. ) ;
#644 = AXIS2_PLACEMENT_3D ( 'NONE', #1669, #634, #330 ) ;
#645 = AXIS2_PLACEMENT_3D ( 'NONE', #1469, #409, #1449 ) ;
#646 = AXIS2_PLACEMENT_3D ( 'NONE', #87, #968, #824 ) ;
#647 = ORIENTED_EDGE ( 'NONE', *, *, #60, .F. ) ;
#648 = DIRECTION ( 'NONE',  ( 0.000000000000000000, 1.000000000000000000, 0.000000000000000000 ) ) ;
#649 = ORIENTED_EDGE ( 'NONE', *, *, #1574, .F. ) ;
#650 = VERTEX_POINT ( 'NONE', #1184 ) ;
#651 = DIRECTION ( 'NONE',  ( 0.000000000000000000, 0.000000000000000000, 1.000000000000000000 ) ) ;
#652 = ORIENTED_EDGE ( 'NONE', *, *, #533, .T. ) ;
#653 = DIRECTION ( 'NONE',  ( 1.000000000000000000, -1.270569682713621462E-30, 0.000000000000000000 ) ) ;
#654 = EDGE_CURVE ( 'NONE', #1488, #1479, #1337, .T. ) ;
#655 = ORIENTED_EDGE ( 'NONE', *, *, #1866, .T. ) ;
#656 = DIRECTION ( 'NONE',  ( 0.000000000000000000, 0.000000000000000000, -1.000000000000000000 ) ) ;
#657 = EDGE_LOOP ( 'NONE', ( #1411, #1381, #1015, #510 ) ) ;
#658 = LINE ( 'NONE', #1255, #830 ) ;
#659 = ORIENTED_EDGE ( 'NONE', *, *, #105, .T. ) ;
#660 = ORIENTED_EDGE ( 'NONE', *, *, #289, .F. ) ;
#661 = CARTESIAN_POINT ( 'NONE',  ( 84.16250000000002274, 11.51000000000000156, 107.0218750000000227 ) ) ;
#662 = ORIENTED_EDGE ( 'NONE', *, *, #1563, .T. ) ;
#663 = EDGE_CURVE ( 'NONE', #1928, #1791, #160, .T. ) ;
#664 = DIRECTION ( 'NONE',  ( -2.366582715663034716E-30, -1.000000000000000000, -1.051257668248692417E-14 ) ) ;
#665 = ADVANCED_FACE ( 'NONE', ( #483, #1484, #1055 ), #1063, .T. ) ;
#666 = VERTEX_POINT ( 'NONE', #899 ) ;
#667 = LINE ( 'NONE', #1556, #99 ) ;
#668 = VERTEX_POINT ( 'NONE', #1033 ) ;
#669 = ORIENTED_EDGE ( 'NONE', *, *, #472, .F. ) ;
#670 = CARTESIAN_POINT ( 'NONE',  ( 1.352542475351284246, 14.01000000000000156, 0.000000000000000000 ) ) ;
#671 = ORIENTED_EDGE ( 'NONE', *, *, #654, .F. ) ;
#672 = AXIS2_PLACEMENT_3D ( 'NONE', #332, #1695, #352 ) ;
#673 = LINE ( 'NONE', #1582, #1008 ) ;
#674 = CIRCLE ( 'NONE', #501, 1.299999999999994715 ) ;
#675 = VERTEX_POINT ( 'NONE', #1376 ) ;
#676 = CARTESIAN_POINT ( 'NONE',  ( 79.80995752464875181, 11.50999999999999979, 0.000000000000000000 ) ) ;
#677 = DIRECTION ( 'NONE',  ( -2.366582715663034716E-30, -1.000000000000000000, -1.051257668248692417E-14 ) ) ;
#678 = EDGE_CURVE ( 'NONE', #814, #973, #1639, .T. ) ;
#679 = EDGE_LOOP ( 'NONE', ( #639, #819, #301, #1652 ) ) ;
#680 = CYLINDRICAL_SURFACE ( 'NONE', #828, 5.000000000000004441 ) ;
#681 = CARTESIAN_POINT ( 'NONE',  ( 30.58124999999999361, 4.510000000000041531, -3.999999999999973355 ) ) ;
#682 = ORIENTED_EDGE ( 'NONE', *, *, #1741, .T. ) ;
#683 = EDGE_CURVE ( 'NONE', #198, #293, #588, .T. ) ;
#684 = DIRECTION ( 'NONE',  ( -1.000000000000000000, 1.270569682713621286E-30, -1.208636229622139118E-16 ) ) ;
#685 = CARTESIAN_POINT ( 'NONE',  ( 53.88307474683436027, 11.50999999999999268, 17.43980528630373072 ) ) ;
#686 = ORIENTED_EDGE ( 'NONE', *, *, #722, .T. ) ;
#687 = DIRECTION ( 'NONE',  ( 0.000000000000000000, -1.000000000000000000, 0.000000000000000000 ) ) ;
#688 = CARTESIAN_POINT ( 'NONE',  ( 85.16250000000002274, 9.009999999999999787, -4.000000000000012434 ) ) ;
#689 = EDGE_CURVE ( 'NONE', #814, #1730, #1112, .T. ) ;
#690 = VERTEX_POINT ( 'NONE', #1654 ) ;
#691 = CARTESIAN_POINT ( 'NONE',  ( 8.290928113872831104E-30, 4.509999999998904663, 104.2218750000000398 ) ) ;
#692 = VERTEX_POINT ( 'NONE', #1508 ) ;
#693 = CARTESIAN_POINT ( 'NONE',  ( 1.352542475351284246, 1.510000000000000009, -1.387778780781445676E-14 ) ) ;
#694 = CARTESIAN_POINT ( 'NONE',  ( 50.58124999999999716, 4.509999999998929532, 101.8218750000000341 ) ) ;
#695 = ORIENTED_EDGE ( 'NONE', *, *, #1706, .F. ) ;
#696 = DIRECTION ( 'NONE',  ( -2.366582715663034716E-30, -1.000000000000000000, -1.051257668248692417E-14 ) ) ;
#697 = FACE_OUTER_BOUND ( 'NONE', #1039, .T. ) ;
#698 = VERTEX_POINT ( 'NONE', #755 ) ;
#699 = EDGE_CURVE ( 'NONE', #206, #1778, #1354, .T. ) ;
#700 = EDGE_CURVE ( 'NONE', #1147, #57, #1162, .T. ) ;
#701 = AXIS2_PLACEMENT_3D ( 'NONE', #1350, #311, #897 ) ;
#702 = VECTOR ( 'NONE', #175, 1000.000000000000000 ) ;
#703 = CIRCLE ( 'NONE', #1494, 1.299999999999995604 ) ;
#704 = DIRECTION ( 'NONE',  ( 1.000000000000000000, 0.000000000000000000, 0.000000000000000000 ) ) ;
#705 = DIRECTION ( 'NONE',  ( 1.768830619654569472E-16, 0.000000000000000000, -1.000000000000000000 ) ) ;
#706 = CIRCLE ( 'NONE', #243, 4.000000000000002665 ) ;
#707 = VECTOR ( 'NONE', #677, 1000.000000000000000 ) ;
#708 = ORIENTED_EDGE ( 'NONE', *, *, #1901, .F. ) ;
#709 = AXIS2_PLACEMENT_3D ( 'NONE', #1172, #1041, #1789 ) ;
#710 = DIRECTION ( 'NONE',  ( 0.000000000000000000, 1.051326443096836774E-14, -1.000000000000000000 ) ) ;
#711 = CARTESIAN_POINT ( 'NONE',  ( 0.000000000000000000, 14.01000000000000156, 107.0218750000000227 ) ) ;
#712 = ORIENTED_EDGE ( 'NONE', *, *, #1414, .F. ) ;
#713 = EDGE_CURVE ( 'NONE', #1613, #383, #1850, .T. ) ;
#714 = ORIENTED_EDGE ( 'NONE', *, *, #300, .F. ) ;
#715 = DIRECTION ( 'NONE',  ( -0.000000000000000000, 1.000000000000000000, -0.000000000000000000 ) ) ;
#716 = CARTESIAN_POINT ( 'NONE',  ( 89.16350000000004172, 2.509999999999474429, 14.31267695459967726 ) ) ;
#717 = ORIENTED_EDGE ( 'NONE', *, *, #1106, .T. ) ;
#718 = LINE ( 'NONE', #1026, #1076 ) ;
#719 = CARTESIAN_POINT ( 'NONE',  ( 8.290928113872831104E-30, 4.510000000000054854, -5.199999999999963762 ) ) ;
#720 = VERTEX_POINT ( 'NONE', #1755 ) ;
#721 = CARTESIAN_POINT ( 'NONE',  ( 30.08307474683436311, 14.00999999999999446, 15.43980528630373250 ) ) ;
#722 = EDGE_CURVE ( 'NONE', #806, #1274, #1765, .T. ) ;
#723 = CARTESIAN_POINT ( 'NONE',  ( 89.16250000000003695, 14.01000000000000156, 104.5218750000000085 ) ) ;
#724 = DIRECTION ( 'NONE',  ( 1.000000000000000000, -0.000000000000000000, 0.000000000000000000 ) ) ;
#725 = ADVANCED_FACE ( 'NONE', ( #442 ), #1310, .T. ) ;
#726 = EDGE_LOOP ( 'NONE', ( #1344, #915, #161, #1918, #717, #1131 ) ) ;
#727 = CARTESIAN_POINT ( 'NONE',  ( -4.000000000000000000, 9.009999999999999787, 101.7218750000000540 ) ) ;
#728 = CYLINDRICAL_SURFACE ( 'NONE', #891, 1.000000000000000888 ) ;
#729 = ORIENTED_EDGE ( 'NONE', *, *, #1824, .F. ) ;
#730 = LINE ( 'NONE', #1272, #1365 ) ;
#731 = CARTESIAN_POINT ( 'NONE',  ( -3.000000000000003997, 14.01000000000000156, -3.000000000000000000 ) ) ;
#732 = DIRECTION ( 'NONE',  ( 0.000000000000000000, 0.000000000000000000, 1.000000000000000000 ) ) ;
#733 = AXIS2_PLACEMENT_3D ( 'NONE', #452, #766, #298 ) ;
#734 = AXIS2_PLACEMENT_3D ( 'NONE', #328, #610, #910 ) ;
#735 = EDGE_LOOP ( 'NONE', ( #1672, #1888, #1573, #1617, #1195, #556 ) ) ;
#736 = DIRECTION ( 'NONE',  ( 0.000000000000000000, 0.000000000000000000, 1.000000000000000000 ) ) ;
#737 = CIRCLE ( 'NONE', #1077, 2.000000000000000000 ) ;
#738 = DIRECTION ( 'NONE',  ( 1.000000000000000000, 0.000000000000000000, 0.000000000000000000 ) ) ;
#739 = VECTOR ( 'NONE', #1029, 1000.000000000000000 ) ;
#740 = EDGE_CURVE ( 'NONE', #747, #1877, #1329, .T. ) ;
#741 = VECTOR ( 'NONE', #626, 1000.000000000000000 ) ;
#742 = ORIENTED_EDGE ( 'NONE', *, *, #984, .F. ) ;
#743 = CARTESIAN_POINT ( 'NONE',  ( 30.08307474683436311, 11.50999999999999268, 6.139805286303723797 ) ) ;
#744 = LINE ( 'NONE', #16, #1393 ) ;
#745 = CARTESIAN_POINT ( 'NONE',  ( -8.000000000000005329, 10.50999999999947931, 7.312676954599663937 ) ) ;
#746 = DIRECTION ( 'NONE',  ( 0.000000000000000000, 1.000000000000000000, -0.000000000000000000 ) ) ;
#747 = VERTEX_POINT ( 'NONE', #569 ) ;
#748 = DIRECTION ( 'NONE',  ( 0.000000000000000000, 1.000000000000000000, 0.000000000000000000 ) ) ;
#749 = MANIFOLD_SOLID_BREP ( 'Cut-Extrude3', #1009 ) ;
#750 = VERTEX_POINT ( 'NONE', #1670 ) ;
#751 = DIRECTION ( 'NONE',  ( 0.000000000000000000, 0.000000000000000000, -1.000000000000000000 ) ) ;
#752 = PLANE ( 'NONE',  #1756 ) ;
#753 = ADVANCED_FACE ( 'NONE', ( #1223, #762 ), #411, .F. ) ;
#754 = DIRECTION ( 'NONE',  ( 0.000000000000000000, 1.000000000000000000, -0.000000000000000000 ) ) ;
#755 = CARTESIAN_POINT ( 'NONE',  ( 1.352542475351284246, 11.50999999999999979, -1.387778780781445676E-14 ) ) ;
#756 = ORIENTED_EDGE ( 'NONE', *, *, #811, .T. ) ;
#757 = CARTESIAN_POINT ( 'NONE',  ( 85.16250000000003695, 9.009999999999999787, 104.3218750000000199 ) ) ;
#758 =( LENGTH_UNIT ( ) NAMED_UNIT ( * ) SI_UNIT ( .MILLI., .METRE. ) );
#759 = CARTESIAN_POINT ( 'NONE',  ( 79.80995752464875181, 11.50999999999999979, 20.17636048440135710 ) ) ;
#760 = VERTEX_POINT ( 'NONE', #54 ) ;
#761 = DIRECTION ( 'NONE',  ( -5.782411586589324901E-15, 1.084202172485498439E-14, -1.000000000000000000 ) ) ;
#762 = FACE_OUTER_BOUND ( 'NONE', #1071, .T. ) ;
#763 = EDGE_CURVE ( 'NONE', #434, #1853, #1804, .T. ) ;
#764 = EDGE_CURVE ( 'NONE', #806, #1889, #1491, .T. ) ;
#765 = ORIENTED_EDGE ( 'NONE', *, *, #1879, .T. ) ;
#766 = DIRECTION ( 'NONE',  ( 0.000000000000000000, -1.000000000000000000, 0.000000000000000000 ) ) ;
#767 = LINE ( 'NONE', #1364, #502 ) ;
#768 = VERTEX_POINT ( 'NONE', #773 ) ;
#769 = LINE ( 'NONE', #1666, #1457 ) ;
#770 = CARTESIAN_POINT ( 'NONE',  ( 1.352542475351284246, 6.509999999999477538, 14.31267695459966660 ) ) ;
#771 = VECTOR ( 'NONE', #664, 1000.000000000000000 ) ;
#772 = CARTESIAN_POINT ( 'NONE',  ( 50.58124999999999716, 4.509999999998904663, 104.2218750000000398 ) ) ;
#773 = CARTESIAN_POINT ( 'NONE',  ( -8.000000000000003553, 1.510000000000000009, -2.999999999999999556 ) ) ;
#774 = AXIS2_PLACEMENT_3D ( 'NONE', #1001, #1440, #1920 ) ;
#775 = CIRCLE ( 'NONE', #555, 1.199999999999998845 ) ;
#776 = CARTESIAN_POINT ( 'NONE',  ( -4.000000000000014211, 9.009999999999999787, -4.000000000000000000 ) ) ;
#777 = DIRECTION ( 'NONE',  ( 0.000000000000000000, 0.000000000000000000, 1.000000000000000000 ) ) ;
#778 = EDGE_CURVE ( 'NONE', #1853, #1817, #744, .T. ) ;
#779 = VERTEX_POINT ( 'NONE', #1229 ) ;
#780 = DIRECTION ( 'NONE',  ( 0.000000000000000000, 1.084202172485498439E-14, -1.000000000000000000 ) ) ;
#781 = DIRECTION ( 'NONE',  ( 0.000000000000000000, 1.051326443096836774E-14, -1.000000000000000000 ) ) ;
#782 = DIRECTION ( 'NONE',  ( 1.000000000000000000, 0.000000000000000000, 0.000000000000000000 ) ) ;
#783 = DIRECTION ( 'NONE',  ( -1.000000000000000000, 0.000000000000000000, 0.000000000000000000 ) ) ;
#784 = DIRECTION ( 'NONE',  ( -1.000000000000000000, 0.000000000000000000, 0.000000000000000000 ) ) ;
#785 = ORIENTED_EDGE ( 'NONE', *, *, #1166, .F. ) ;
#786 = ORIENTED_EDGE ( 'NONE', *, *, #1315, .T. ) ;
#787 = ADVANCED_FACE ( 'NONE', ( #1490 ), #925, .F. ) ;
#788 = CARTESIAN_POINT ( 'NONE',  ( 78.80995752464875181, 14.01000000000000156, 97.66933252464872339 ) ) ;
#789 = DIRECTION ( 'NONE',  ( 0.000000000000000000, 0.000000000000000000, -1.000000000000000000 ) ) ;
#790 = VERTEX_POINT ( 'NONE', #1190 ) ;
#791 = CARTESIAN_POINT ( 'NONE',  ( 78.80995752464875181, 11.50999999999999979, 19.17636048440135710 ) ) ;
#792 = VERTEX_POINT ( 'NONE', #1079 ) ;
#793 = DIRECTION ( 'NONE',  ( 0.000000000000000000, 1.000000000000000000, 0.000000000000000000 ) ) ;
#794 = ORIENTED_EDGE ( 'NONE', *, *, #561, .F. ) ;
#795 =( GEOMETRIC_REPRESENTATION_CONTEXT ( 3 ) GLOBAL_UNCERTAINTY_ASSIGNED_CONTEXT ( ( #214 ) ) GLOBAL_UNIT_ASSIGNED_CONTEXT ( ( #1158, #1692, #331 ) ) REPRESENTATION_CONTEXT ( 'NONE', 'WORKASPACE' ) );
#796 = DIRECTION ( 'NONE',  ( 0.000000000000000000, 0.000000000000000000, 1.000000000000000000 ) ) ;
#797 = EDGE_CURVE ( 'NONE', #720, #1126, #45, .T. ) ;
#798 = VECTOR ( 'NONE', #1179, 1000.000000000000000 ) ;
#799 = EDGE_LOOP ( 'NONE', ( #803, #1218 ) ) ;
#800 = AXIS2_PLACEMENT_3D ( 'NONE', #495, #782, #751 ) ;
#801 = VECTOR ( 'NONE', #1632, 1000.000000000000000 ) ;
#802 = AXIS2_PLACEMENT_3D ( 'NONE', #1653, #17, #1193 ) ;
#803 = ORIENTED_EDGE ( 'NONE', *, *, #1835, .F. ) ;
#804 = PLANE ( 'NONE',  #1557 ) ;
#805 = ORIENTED_EDGE ( 'NONE', *, *, #1, .T. ) ;
#806 = VERTEX_POINT ( 'NONE', #338 ) ;
#807 = DIRECTION ( 'NONE',  ( 0.000000000000000000, -1.000000000000000000, 0.000000000000000000 ) ) ;
#808 = ORIENTED_EDGE ( 'NONE', *, *, #1129, .F. ) ;
#809 = DIRECTION ( 'NONE',  ( -0.000000000000000000, -1.000000000000000000, 0.000000000000000000 ) ) ;
#810 = ORIENTED_EDGE ( 'NONE', *, *, #1680, .T. ) ;
#811 = EDGE_CURVE ( 'NONE', #1730, #768, #1214, .T. ) ;
#812 = ORIENTED_EDGE ( 'NONE', *, *, #1404, .T. ) ;
#813 = DIRECTION ( 'NONE',  ( 0.000000000000000000, 1.000000000000000000, 0.000000000000000000 ) ) ;
#814 = VERTEX_POINT ( 'NONE', #1060 ) ;
#815 = CARTESIAN_POINT ( 'NONE',  ( -4.000000000000014211, 9.009999999999999787, -5.299999999999998934 ) ) ;
#816 = EDGE_LOOP ( 'NONE', ( #805, #1912, #863, #1783 ) ) ;
#817 = LINE ( 'NONE', #1417, #237 ) ;
#818 = CARTESIAN_POINT ( 'NONE',  ( 85.16250000000003695, 9.009999999999999787, 104.3218750000000199 ) ) ;
#819 = ORIENTED_EDGE ( 'NONE', *, *, #489, .T. ) ;
#820 = CARTESIAN_POINT ( 'NONE',  ( 85.16250000000003695, 9.009999999999999787, 101.7218750000000256 ) ) ;
#821 = EDGE_CURVE ( 'NONE', #1899, #80, #1904, .T. ) ;
#822 = ORIENTED_EDGE ( 'NONE', *, *, #1742, .F. ) ;
#823 = DIRECTION ( 'NONE',  ( 1.206534653326983057E-16, 0.000000000000000000, 1.000000000000000000 ) ) ;
#824 = DIRECTION ( 'NONE',  ( 0.000000000000000000, 0.000000000000000000, 1.000000000000000000 ) ) ;
#825 = CARTESIAN_POINT ( 'NONE',  ( -8.000000000000005329, 11.51000000000000156, -8.000000000000000000 ) ) ;
#826 = VECTOR ( 'NONE', #1702, 1000.000000000000000 ) ;
#827 = AXIS2_PLACEMENT_3D ( 'NONE', #1468, #1934, #1634 ) ;
#828 = AXIS2_PLACEMENT_3D ( 'NONE', #1249, #1280, #932 ) ;
#829 = DIRECTION ( 'NONE',  ( 1.206534653326983057E-16, 0.000000000000000000, 1.000000000000000000 ) ) ;
#830 = VECTOR ( 'NONE', #1867, 1000.000000000000000 ) ;
#831 = ORIENTED_EDGE ( 'NONE', *, *, #1215, .F. ) ;
#832 = CARTESIAN_POINT ( 'NONE',  ( 1.352542475351284246, 2.509999999999474429, 14.31267695459966660 ) ) ;
#833 = DIRECTION ( 'NONE',  ( -7.888609052210116302E-31, -1.000000000000000000, -1.051326443096836774E-14 ) ) ;
#834 = ADVANCED_FACE ( 'NONE', ( #1383 ), #155, .T. ) ;
#835 = ORIENTED_EDGE ( 'NONE', *, *, #841, .F. ) ;
#836 = ORIENTED_EDGE ( 'NONE', *, *, #633, .F. ) ;
#837 = DIRECTION ( 'NONE',  ( 0.000000000000000000, -1.000000000000000000, 0.000000000000000000 ) ) ;
#838 = ORIENTED_EDGE ( 'NONE', *, *, #1261, .T. ) ;
#839 = CARTESIAN_POINT ( 'NONE',  ( 86.66250000000002274, 11.51000000000000156, -1.045613093939496695E-14 ) ) ;
#840 = PLANE ( 'NONE',  #530 ) ;
#841 = EDGE_CURVE ( 'NONE', #1597, #1269, #597, .T. ) ;
#842 = ORIENTED_EDGE ( 'NONE', *, *, #289, .T. ) ;
#843 = PLANE ( 'NONE',  #433 ) ;
#844 = CARTESIAN_POINT ( 'NONE',  ( 89.16250000000003695, 1.510000000000000009, 102.0218750000000085 ) ) ;
#845 = EDGE_CURVE ( 'NONE', #1606, #1198, #465, .T. ) ;
#846 = ORIENTED_EDGE ( 'NONE', *, *, #86, .T. ) ;
#847 = DIRECTION ( 'NONE',  ( 1.768830619654569472E-16, -0.000000000000000000, 1.000000000000000000 ) ) ;
#848 = DIRECTION ( 'NONE',  ( -2.366582715663034716E-30, -1.000000000000000000, -1.051257668248692417E-14 ) ) ;
#849 = ORIENTED_EDGE ( 'NONE', *, *, #235, .F. ) ;
#850 = FACE_BOUND ( 'NONE', #1405, .T. ) ;
#851 = LINE ( 'NONE', #1308, #65 ) ;
#852 = ADVANCED_FACE ( 'NONE', ( #1506 ), #752, .T. ) ;
#853 = VECTOR ( 'NONE', #1767, 1000.000000000000000 ) ;
#854 = VECTOR ( 'NONE', #1743, 1000.000000000000000 ) ;
#855 = DIRECTION ( 'NONE',  ( -1.000000000000000000, 1.270569682713621462E-30, -1.208636229622139118E-16 ) ) ;
#856 = CARTESIAN_POINT ( 'NONE',  ( 50.58124999999999716, 1.510000000000029541, -2.799999999999998046 ) ) ;
#857 = VECTOR ( 'NONE', #222, 1000.000000000000000 ) ;
#858 = VERTEX_POINT ( 'NONE', #468 ) ;
#859 = CIRCLE ( 'NONE', #532, 1.000000000000000888 ) ;
#860 = DIRECTION ( 'NONE',  ( -0.000000000000000000, -1.000000000000000000, 0.000000000000000000 ) ) ;
#861 = PLANE ( 'NONE',  #1270 ) ;
#862 = ADVANCED_FACE ( 'NONE', ( #1661 ), #323, .T. ) ;
#863 = ORIENTED_EDGE ( 'NONE', *, *, #1757, .F. ) ;
#864 = DIRECTION ( 'NONE',  ( 0.000000000000000000, -1.000000000000000000, 0.000000000000000000 ) ) ;
#865 = EDGE_CURVE ( 'NONE', #1037, #993, #1207, .T. ) ;
#866 = ORIENTED_EDGE ( 'NONE', *, *, #163, .F. ) ;
#867 = LINE ( 'NONE', #460, #1137 ) ;
#868 = DIRECTION ( 'NONE',  ( -1.000000000000000000, 0.000000000000000000, 1.326622964740927289E-16 ) ) ;
#869 = ORIENTED_EDGE ( 'NONE', *, *, #1300, .F. ) ;
#870 = CARTESIAN_POINT ( 'NONE',  ( 55.88307474683436027, 14.00999999999999446, 15.43980528630373072 ) ) ;
#871 = CARTESIAN_POINT ( 'NONE',  ( -7.999999999999991118, 14.01000000000000156, 102.0218750000000085 ) ) ;
#872 = EDGE_LOOP ( 'NONE', ( #1134, #276, #1115, #375 ) ) ;
#873 = DIRECTION ( 'NONE',  ( 0.000000000000000000, 0.000000000000000000, 1.000000000000000000 ) ) ;
#874 = VERTEX_POINT ( 'NONE', #1727 ) ;
#875 = CARTESIAN_POINT ( 'NONE',  ( 30.58124999999999361, 4.509999999998904663, 104.2218750000000398 ) ) ;
#876 = DIRECTION ( 'NONE',  ( 0.000000000000000000, 0.000000000000000000, 1.000000000000000000 ) ) ;
#877 = EDGE_CURVE ( 'NONE', #345, #895, #1132, .T. ) ;
#878 = ORIENTED_EDGE ( 'NONE', *, *, #428, .T. ) ;
#879 = FACE_OUTER_BOUND ( 'NONE', #1102, .T. ) ;
#880 = EDGE_LOOP ( 'NONE', ( #1851, #846, #786, #627 ) ) ;
#881 = DIRECTION ( 'NONE',  ( 0.000000000000000000, 1.048062100069321952E-14, -1.000000000000000000 ) ) ;
#882 = EDGE_CURVE ( 'NONE', #1641, #1127, #1554, .T. ) ;
#883 = ORIENTED_EDGE ( 'NONE', *, *, #1125, .F. ) ;
#884 = CIRCLE ( 'NONE', #61, 2.500000000000000000 ) ;
#885 = AXIS2_PLACEMENT_3D ( 'NONE', #135, #860, #408 ) ;
#886 = DIRECTION ( 'NONE',  ( 0.000000000000000000, 0.000000000000000000, -1.000000000000000000 ) ) ;
#887 = DIRECTION ( 'NONE',  ( 1.000000000000000000, 0.000000000000000000, -1.206534653326983057E-16 ) ) ;
#888 = TOROIDAL_SURFACE ( 'NONE', #308, 2.500000000000000000, 2.500000000000000000 ) ;
#889 = ORIENTED_EDGE ( 'NONE', *, *, #186, .F. ) ;
#890 = DIRECTION ( 'NONE',  ( 1.000000000000000000, 0.000000000000000000, -1.206534653326983057E-16 ) ) ;
#891 = AXIS2_PLACEMENT_3D ( 'NONE', #575, #586, #118 ) ;
#892 = DIRECTION ( 'NONE',  ( 0.000000000000000000, 1.048062100069321952E-14, -1.000000000000000000 ) ) ;
#893 = AXIS2_PLACEMENT_3D ( 'NONE', #1777, #1917, #1475 ) ;
#894 = AXIS2_PLACEMENT_3D ( 'NONE', #967, #1284, #1577 ) ;
#895 = VERTEX_POINT ( 'NONE', #996 ) ;
#896 = DIRECTION ( 'NONE',  ( 0.000000000000000000, 0.000000000000000000, 1.000000000000000000 ) ) ;
#897 = DIRECTION ( 'NONE',  ( 0.000000000000000000, 0.000000000000000000, 1.000000000000000000 ) ) ;
#898 = CARTESIAN_POINT ( 'NONE',  ( 0.000000000000000000, 11.51000000000000156, 104.5218750000000085 ) ) ;
#899 = CARTESIAN_POINT ( 'NONE',  ( 50.58124999999999716, 1.510000000000000009, 104.2218750000000114 ) ) ;
#900 = EDGE_LOOP ( 'NONE', ( #1122, #544, #1579, #1774 ) ) ;
#901 = DIRECTION ( 'NONE',  ( -1.000000000000000000, 0.000000000000000000, -0.000000000000000000 ) ) ;
#902 = APPLICATION_PROTOCOL_DEFINITION ( 'draft international standard', 'automotive_design', 1998, #1443 ) ;
#903 = CARTESIAN_POINT ( 'NONE',  ( 30.58124999999999361, 1.509999999998904441, 104.2218750000000114 ) ) ;
#904 = CARTESIAN_POINT ( 'NONE',  ( -5.500000000000003553, 11.51000000000000156, 6.635940593298411250E-16 ) ) ;
#905 = EDGE_CURVE ( 'NONE', #1791, #792, #122, .T. ) ;
#906 = ORIENTED_EDGE ( 'NONE', *, *, #763, .T. ) ;
#907 = DIRECTION ( 'NONE',  ( -1.000000000000000000, -0.000000000000000000, -0.000000000000000000 ) ) ;
#908 = DIRECTION ( 'NONE',  ( -0.000000000000000000, -1.000000000000000000, 0.000000000000000000 ) ) ;
#909 = ORIENTED_EDGE ( 'NONE', *, *, #72, .F. ) ;
#910 = DIRECTION ( 'NONE',  ( 0.000000000000000000, 0.000000000000000000, 1.000000000000000000 ) ) ;
#911 = CARTESIAN_POINT ( 'NONE',  ( 2.352542475351284246, 14.00999999999999446, 20.17636048440123275 ) ) ;
#912 = LINE ( 'NONE', #1189, #1397 ) ;
#913 = DIRECTION ( 'NONE',  ( -1.000000000000000000, 0.000000000000000000, 0.000000000000000000 ) ) ;
#914 = ADVANCED_FACE ( 'NONE', ( #241 ), #1451, .F. ) ;
#915 = ORIENTED_EDGE ( 'NONE', *, *, #1254, .F. ) ;
#916 = CARTESIAN_POINT ( 'NONE',  ( 89.16250000000002274, 1.510000000000000009, -1.075776460272671336E-14 ) ) ;
#917 = CYLINDRICAL_SURFACE ( 'NONE', #953, 2.000000000000000000 ) ;
#918 = ORIENTED_EDGE ( 'NONE', *, *, #1341, .T. ) ;
#919 = DIRECTION ( 'NONE',  ( -2.366582715663034716E-30, -1.000000000000000000, -1.051257668248692417E-14 ) ) ;
#920 =( NAMED_UNIT ( * ) PLANE_ANGLE_UNIT ( ) SI_UNIT ( $, .RADIAN. ) );
#921 = AXIS2_PLACEMENT_3D ( 'NONE', #1535, #1084, #482 ) ;
#922 = VECTOR ( 'NONE', #209, 1000.000000000000000 ) ;
#923 = EDGE_CURVE ( 'NONE', #790, #196, #1745, .T. ) ;
#924 = CARTESIAN_POINT ( 'NONE',  ( 28.08307474683436311, 11.50999999999999979, 0.000000000000000000 ) ) ;
#925 = CYLINDRICAL_SURFACE ( 'NONE', #396, 1.299999999999981615 ) ;
#926 = VECTOR ( 'NONE', #848, 1000.000000000000000 ) ;
#927 = EDGE_CURVE ( 'NONE', #393, #895, #612, .T. ) ;
#928 = VERTEX_POINT ( 'NONE', #693 ) ;
#929 = LINE ( 'NONE', #1710, #432 ) ;
#930 = EDGE_LOOP ( 'NONE', ( #1794, #1431, #233, #1589 ) ) ;
#931 = DIRECTION ( 'NONE',  ( 0.000000000000000000, 1.000000000000000000, 1.051257668248692417E-14 ) ) ;
#932 = DIRECTION ( 'NONE',  ( 0.000000000000000000, 0.000000000000000000, 1.000000000000000000 ) ) ;
#933 = EDGE_LOOP ( 'NONE', ( #153, #1655, #221, #1822 ) ) ;
#934 = CARTESIAN_POINT ( 'NONE',  ( 85.16250000000003695, 1.510000000000000009, 103.0218750000000227 ) ) ;
#935 = EDGE_LOOP ( 'NONE', ( #406, #100, #842, #1319 ) ) ;
#936 = CARTESIAN_POINT ( 'NONE',  ( 2.313604619342075334E-15, 94.77694111853831771, 17.43980528630373783 ) ) ;
#937 = EDGE_CURVE ( 'NONE', #1243, #675, #402, .T. ) ;
#938 = VERTEX_POINT ( 'NONE', #1916 ) ;
#939 = LINE ( 'NONE', #1870, #922 ) ;
#940 = ORIENTED_EDGE ( 'NONE', *, *, #533, .F. ) ;
#941 = CARTESIAN_POINT ( 'NONE',  ( 53.88307474683436027, 11.50999999999999979, 4.139805286303723797 ) ) ;
#942 = ORIENTED_EDGE ( 'NONE', *, *, #424, .F. ) ;
#943 = ADVANCED_FACE ( 'NONE', ( #95 ), #1758, .T. ) ;
#944 = EDGE_LOOP ( 'NONE', ( #1504, #682, #660, #67, #1355, #208, #1263, #211 ) ) ;
#945 = LINE ( 'NONE', #1887, #982 ) ;
#946 = EDGE_CURVE ( 'NONE', #1090, #928, #562, .T. ) ;
#947 = ORIENTED_EDGE ( 'NONE', *, *, #528, .T. ) ;
#948 = DIRECTION ( 'NONE',  ( 0.000000000000000000, 1.000000000000000000, -0.000000000000000000 ) ) ;
#949 = AXIS2_PLACEMENT_3D ( 'NONE', #1844, #1828, #783 ) ;
#950 = LINE ( 'NONE', #1109, #857 ) ;
#951 = TOROIDAL_SURFACE ( 'NONE', #1588, 2.500000000000000000, 2.500000000000000000 ) ;
#952 = CIRCLE ( 'NONE', #2, 2.500000000000000444 ) ;
#953 = AXIS2_PLACEMENT_3D ( 'NONE', #176, #292, #453 ) ;
#954 = VECTOR ( 'NONE', #1275, 1000.000000000000000 ) ;
#955 = ORIENTED_EDGE ( 'NONE', *, *, #447, .T. ) ;
#956 = DIRECTION ( 'NONE',  ( 1.000000000000000000, -7.888609052210116302E-31, -8.292960757951934959E-45 ) ) ;
#957 = ORIENTED_EDGE ( 'NONE', *, *, #1835, .T. ) ;
#958 = CARTESIAN_POINT ( 'NONE',  ( 85.16250000000002274, 9.009999999999999787, -2.700000000000017497 ) ) ;
#959 = EDGE_LOOP ( 'NONE', ( #203, #1486, #647, #476 ) ) ;
#960 = VERTEX_POINT ( 'NONE', #676 ) ;
#961 = CARTESIAN_POINT ( 'NONE',  ( -8.000000000000005329, 11.51000000000000156, -2.999999999999999112 ) ) ;
#962 = EDGE_CURVE ( 'NONE', #1198, #1606, #1616, .T. ) ;
#963 = ORIENTED_EDGE ( 'NONE', *, *, #573, .T. ) ;
#964 = ADVANCED_FACE ( 'NONE', ( #537 ), #1145, .F. ) ;
#965 = DIRECTION ( 'NONE',  ( 0.000000000000000000, 1.000000000000000000, 0.000000000000000000 ) ) ;
#966 = EDGE_LOOP ( 'NONE', ( #1726, #976 ) ) ;
#967 = CARTESIAN_POINT ( 'NONE',  ( -4.000000000000014211, 9.009999999999999787, -4.000000000000000000 ) ) ;
#968 = DIRECTION ( 'NONE',  ( 0.000000000000000000, 1.000000000000000000, -0.000000000000000000 ) ) ;
#969 = ORIENTED_EDGE ( 'NONE', *, *, #1600, .T. ) ;
#970 = CARTESIAN_POINT ( 'NONE',  ( 30.58124999999999361, 4.510000000000054854, -5.199999999999963762 ) ) ;
#971 = EDGE_CURVE ( 'NONE', #1117, #79, #1290, .T. ) ;
#972 = CARTESIAN_POINT ( 'NONE',  ( -8.000000000000005329, 10.50999999999947931, 7.312676954599663937 ) ) ;
#973 = VERTEX_POINT ( 'NONE', #1313 ) ;
#974 = CARTESIAN_POINT ( 'NONE',  ( -4.000000000000014211, 1.510000000000000009, -2.700000000000001066 ) ) ;
#975 = FACE_OUTER_BOUND ( 'NONE', #601, .T. ) ;
#976 = ORIENTED_EDGE ( 'NONE', *, *, #1583, .T. ) ;
#977 = ORIENTED_EDGE ( 'NONE', *, *, #415, .F. ) ;
#978 = CARTESIAN_POINT ( 'NONE',  ( 1.352542475351284246, 10.50999999999947931, 14.31267695459966660 ) ) ;
#979 = ADVANCED_FACE ( 'NONE', ( #1922 ), #380, .F. ) ;
#980 = VECTOR ( 'NONE', #68, 1000.000000000000000 ) ;
#981 = AXIS2_PLACEMENT_3D ( 'NONE', #202, #356, #789 ) ;
#982 = VECTOR ( 'NONE', #807, 1000.000000000000000 ) ;
#983 = CARTESIAN_POINT ( 'NONE',  ( 2.352542475351284246, 14.01000000000000156, 96.66933252464873760 ) ) ;
#984 = EDGE_CURVE ( 'NONE', #960, #668, #230, .T. ) ;
#985 = CIRCLE ( 'NONE', #1913, 4.000000000000002665 ) ;
#986 = VECTOR ( 'NONE', #704, 1000.000000000000000 ) ;
#987 = ORIENTED_EDGE ( 'NONE', *, *, #1924, .T. ) ;
#988 = DIRECTION ( 'NONE',  ( 0.000000000000000000, 0.000000000000000000, 1.000000000000000000 ) ) ;
#989 = CYLINDRICAL_SURFACE ( 'NONE', #1560, 4.000000000000003553 ) ;
#990 = VERTEX_POINT ( 'NONE', #974 ) ;
#991 = PLANE ( 'NONE',  #1525 ) ;
#992 = CARTESIAN_POINT ( 'NONE',  ( 30.08307474683436311, 94.77694111853831771, 4.139805286303723797 ) ) ;
#993 = VERTEX_POINT ( 'NONE', #1586 ) ;
#994 = ADVANCED_BREP_SHAPE_REPRESENTATION ( 'Lucky15_Top', ( #749, #1174 ), #1621 ) ;
#995 = VERTEX_POINT ( 'NONE', #413 ) ;
#996 = CARTESIAN_POINT ( 'NONE',  ( -8.000000000000005329, 6.509999999999477538, 18.31267695459966660 ) ) ;
#997 = DIRECTION ( 'NONE',  ( 0.000000000000000000, 0.000000000000000000, 1.000000000000000000 ) ) ;
#998 = VERTEX_POINT ( 'NONE', #832 ) ;
#999 = EDGE_CURVE ( 'NONE', #1883, #1853, #1403, .T. ) ;
#1000 = DIRECTION ( 'NONE',  ( 0.000000000000000000, 1.000000000000000000, -0.000000000000000000 ) ) ;
#1001 = CARTESIAN_POINT ( 'NONE',  ( -8.000000000000005329, 6.509999999999477538, 14.31267695459966482 ) ) ;
#1002 = CARTESIAN_POINT ( 'NONE',  ( -8.000000000000005329, 6.509999999999477538, 14.31267695459966482 ) ) ;
#1003 = FACE_OUTER_BOUND ( 'NONE', #726, .T. ) ;
#1004 = ORIENTED_EDGE ( 'NONE', *, *, #927, .F. ) ;
#1005 = CARTESIAN_POINT ( 'NONE',  ( 30.08307474683436311, 94.77694111853831771, 6.139805286303723797 ) ) ;
#1006 = CARTESIAN_POINT ( 'NONE',  ( 1.352542475351284246, 2.509999999999474429, 7.312676954599663937 ) ) ;
#1007 = ORIENTED_EDGE ( 'NONE', *, *, #1273, .T. ) ;
#1008 = VECTOR ( 'NONE', #829, 1000.000000000000000 ) ;
#1009 = CLOSED_SHELL ( 'NONE', ( #264, #1536, #1188, #131, #979, #141, #542, #223, #753, #665, #914, #1277, #201, #1770, #620, #943, #862, #1120, #834, #1514, #120, #1438, #363, #1820, #1482, #1690, #587, #1693, #1191, #1459, #1760, #787, #97, #1462, #1781, #1230, #9, #386, #1030, #174, #511, #1402, #1143, #1896, #1732, #1839, #623, #109, #441, #238, #964, #1668, #725, #1855, #254, #1294, #852, #361, #46, #1022, #1070, #508, #1640 ) ) ;
#1010 = VECTOR ( 'NONE', #92, 1000.000000000000000 ) ;
#1011 = CARTESIAN_POINT ( 'NONE',  ( 2.352542475351286022, 14.00999999999999446, 19.17636048440122920 ) ) ;
#1012 = FACE_BOUND ( 'NONE', #944, .T. ) ;
#1013 = CIRCLE ( 'NONE', #1369, 2.500000000000002220 ) ;
#1014 = VECTOR ( 'NONE', #868, 1000.000000000000000 ) ;
#1015 = ORIENTED_EDGE ( 'NONE', *, *, #450, .F. ) ;
#1016 = AXIS2_PLACEMENT_3D ( 'NONE', #1667, #52, #1643 ) ;
#1017 = DIRECTION ( 'NONE',  ( -7.888609052210116302E-31, -1.000000000000000000, -1.051326443096836774E-14 ) ) ;
#1018 = PLANE ( 'NONE',  #1620 ) ;
#1019 = ORIENTED_EDGE ( 'NONE', *, *, #877, .F. ) ;
#1020 = CARTESIAN_POINT ( 'NONE',  ( -4.000000000000014211, 1.510000000000000009, -4.000000000000000000 ) ) ;
#1021 = CARTESIAN_POINT ( 'NONE',  ( 2.352542475351286022, 94.77694111853831771, 19.17636048440122920 ) ) ;
#1022 = ADVANCED_FACE ( 'NONE', ( #1353 ), #607, .F. ) ;
#1023 = DIRECTION ( 'NONE',  ( 0.000000000000000000, 0.000000000000000000, 1.000000000000000000 ) ) ;
#1024 = CARTESIAN_POINT ( 'NONE',  ( 84.16250000000002274, 11.51000000000000156, 102.0218750000000085 ) ) ;
#1025 = ORIENTED_EDGE ( 'NONE', *, *, #882, .T. ) ;
#1026 = CARTESIAN_POINT ( 'NONE',  ( -3.137575357846710327E-14, 11.50999999999999979, 19.17636048440122565 ) ) ;
#1027 = EDGE_LOOP ( 'NONE', ( #1323, #1699, #1799, #1718 ) ) ;
#1028 = CARTESIAN_POINT ( 'NONE',  ( 78.80995752464875181, 14.01000000000000156, 19.17636048440135710 ) ) ;
#1029 = DIRECTION ( 'NONE',  ( 0.000000000000000000, -1.000000000000000000, 0.000000000000000000 ) ) ;
#1030 = ADVANCED_FACE ( 'NONE', ( #139 ), #1203, .T. ) ;
#1031 = ORIENTED_EDGE ( 'NONE', *, *, #1351, .T. ) ;
#1032 = LINE ( 'NONE', #723, #220 ) ;
#1033 = CARTESIAN_POINT ( 'NONE',  ( 79.80995752464875181, 1.510000000000000009, 0.000000000000000000 ) ) ;
#1034 = ORIENTED_EDGE ( 'NONE', *, *, #598, .T. ) ;
#1035 = LINE ( 'NONE', #302, #1236 ) ;
#1036 = CARTESIAN_POINT ( 'NONE',  ( 8.290928113872831104E-30, 4.509999999999999787, 4.741275933822300744E-14 ) ) ;
#1037 = VERTEX_POINT ( 'NONE', #1806 ) ;
#1038 = CARTESIAN_POINT ( 'NONE',  ( 89.16350000000004172, 2.509999999999474429, 7.312676954599676371 ) ) ;
#1039 = EDGE_LOOP ( 'NONE', ( #1286, #384, #149, #1933 ) ) ;
#1040 = VECTOR ( 'NONE', #1646, 1000.000000000000000 ) ;
#1041 = DIRECTION ( 'NONE',  ( 1.270569682713621462E-30, 1.000000000000000000, -0.000000000000000000 ) ) ;
#1042 = DIRECTION ( 'NONE',  ( 1.000000000000000000, 0.000000000000000000, -1.734723475976807094E-16 ) ) ;
#1043 = EDGE_CURVE ( 'NONE', #792, #1392, #147, .T. ) ;
#1044 = CIRCLE ( 'NONE', #34, 1.299999999999995604 ) ;
#1045 = VERTEX_POINT ( 'NONE', #1345 ) ;
#1046 = LINE ( 'NONE', #1715, #980 ) ;
#1047 = CIRCLE ( 'NONE', #1461, 5.000000000000004441 ) ;
#1048 = EDGE_CURVE ( 'NONE', #351, #874, #1054, .T. ) ;
#1049 = CARTESIAN_POINT ( 'NONE',  ( 28.08307474683436311, 11.50999999999999979, 15.43980528630373250 ) ) ;
#1050 = CIRCLE ( 'NONE', #641, 5.000000000000004441 ) ;
#1051 = ORIENTED_EDGE ( 'NONE', *, *, #228, .T. ) ;
#1052 = DIRECTION ( 'NONE',  ( 0.000000000000000000, 0.000000000000000000, 1.000000000000000000 ) ) ;
#1053 = CARTESIAN_POINT ( 'NONE',  ( 2.313604619342075334E-15, 11.50999999999999979, 17.43980528630373783 ) ) ;
#1054 = LINE ( 'NONE', #1516, #1914 ) ;
#1055 = FACE_BOUND ( 'NONE', #1826, .T. ) ;
#1056 = VERTEX_POINT ( 'NONE', #599 ) ;
#1057 = DIRECTION ( 'NONE',  ( -0.000000000000000000, -1.000000000000000000, 0.000000000000000000 ) ) ;
#1058 = EDGE_CURVE ( 'NONE', #1769, #1045, #1050, .T. ) ;
#1059 = FACE_OUTER_BOUND ( 'NONE', #1585, .T. ) ;
#1060 = CARTESIAN_POINT ( 'NONE',  ( -5.500000000000003553, 14.01000000000000156, -3.000000000000002665 ) ) ;
#1061 = ORIENTED_EDGE ( 'NONE', *, *, #1680, .F. ) ;
#1062 = CARTESIAN_POINT ( 'NONE',  ( 2.497063432523553800E-30, 11.50999999999999979, -1.411702966229293054E-14 ) ) ;
#1063 = PLANE ( 'NONE',  #344 ) ;
#1064 = EDGE_CURVE ( 'NONE', #1444, #858, #1032, .T. ) ;
#1065 = ORIENTED_EDGE ( 'NONE', *, *, #740, .T. ) ;
#1066 = DIRECTION ( 'NONE',  ( 0.000000000000000000, 0.000000000000000000, 1.000000000000000000 ) ) ;
#1067 = DIRECTION ( 'NONE',  ( 0.000000000000000000, -1.000000000000000000, 0.000000000000000000 ) ) ;
#1068 = CYLINDRICAL_SURFACE ( 'NONE', #1332, 5.000000000000004441 ) ;
#1069 = DIRECTION ( 'NONE',  ( -0.000000000000000000, 1.000000000000000000, 0.000000000000000000 ) ) ;
#1070 = ADVANCED_FACE ( 'NONE', ( #1638 ), #1631, .F. ) ;
#1071 = EDGE_LOOP ( 'NONE', ( #425, #1637, #492, #712, #714, #878 ) ) ;
#1072 = CARTESIAN_POINT ( 'NONE',  ( 53.88307474683436027, 11.50999999999999268, 15.43980528630373072 ) ) ;
#1073 = ORIENTED_EDGE ( 'NONE', *, *, #167, .F. ) ;
#1074 = CARTESIAN_POINT ( 'NONE',  ( -8.000000000000003553, 14.01000000000000156, 9.652277226615866427E-16 ) ) ;
#1075 = VECTOR ( 'NONE', #287, 1000.000000000000000 ) ;
#1076 = VECTOR ( 'NONE', #584, 1000.000000000000000 ) ;
#1077 = AXIS2_PLACEMENT_3D ( 'NONE', #90, #234, #1862 ) ;
#1078 = DIRECTION ( 'NONE',  ( 0.000000000000000000, 0.000000000000000000, -1.000000000000000000 ) ) ;
#1079 = CARTESIAN_POINT ( 'NONE',  ( -8.000000000000005329, 10.50999999999947931, 14.31267695459966482 ) ) ;
#1080 = CIRCLE ( 'NONE', #246, 4.000000000000003553 ) ;
#1081 = AXIS2_PLACEMENT_3D ( 'NONE', #1498, #746, #1346 ) ;
#1082 = EDGE_CURVE ( 'NONE', #1309, #1889, #1303, .T. ) ;
#1083 = ORIENTED_EDGE ( 'NONE', *, *, #462, .T. ) ;
#1084 = DIRECTION ( 'NONE',  ( -0.000000000000000000, -1.000000000000000000, 0.000000000000000000 ) ) ;
#1085 = ORIENTED_EDGE ( 'NONE', *, *, #350, .T. ) ;
#1086 = CARTESIAN_POINT ( 'NONE',  ( -3.000000000000003997, 1.510000000000000897, -3.000000000000000000 ) ) ;
#1087 = ORIENTED_EDGE ( 'NONE', *, *, #606, .T. ) ;
#1088 = DIRECTION ( 'NONE',  ( 0.000000000000000000, 0.000000000000000000, 1.000000000000000000 ) ) ;
#1089 = ORIENTED_EDGE ( 'NONE', *, *, #1289, .T. ) ;
#1090 = VERTEX_POINT ( 'NONE', #316 ) ;
#1091 = FACE_OUTER_BOUND ( 'NONE', #1549, .T. ) ;
#1092 = VERTEX_POINT ( 'NONE', #1797 ) ;
#1093 = EDGE_CURVE ( 'NONE', #814, #1274, #884, .T. ) ;
#1094 = EDGE_LOOP ( 'NONE', ( #1157, #94, #1545, #1251 ) ) ;
#1095 = DIRECTION ( 'NONE',  ( 0.000000000000000000, 1.084202172485505538E-14, -1.000000000000000000 ) ) ;
#1096 = DIRECTION ( 'NONE',  ( 0.000000000000000000, 0.000000000000000000, -1.000000000000000000 ) ) ;
#1097 = CARTESIAN_POINT ( 'NONE',  ( 1.191179966883727483E-30, 1.510000000000029541, -2.799999999999998046 ) ) ;
#1098 = ORIENTED_EDGE ( 'NONE', *, *, #1192, .F. ) ;
#1099 = ORIENTED_EDGE ( 'NONE', *, *, #1891, .F. ) ;
#1100 = CYLINDRICAL_SURFACE ( 'NONE', #127, 1.299999999999981615 ) ;
#1101 = EDGE_LOOP ( 'NONE', ( #70, #1869, #49, #1687 ) ) ;
#1102 = EDGE_LOOP ( 'NONE', ( #1773, #1374, #1704, #729 ) ) ;
#1103 = EDGE_CURVE ( 'NONE', #779, #79, #867, .T. ) ;
#1104 = CYLINDRICAL_SURFACE ( 'NONE', #1299, 1.199999999999998845 ) ;
#1105 = ORIENTED_EDGE ( 'NONE', *, *, #1106, .F. ) ;
#1106 = EDGE_CURVE ( 'NONE', #57, #1176, #525, .T. ) ;
#1107 = EDGE_LOOP ( 'NONE', ( #1245, #134, #1409, #835 ) ) ;
#1108 = AXIS2_PLACEMENT_3D ( 'NONE', #839, #823, #1435 ) ;
#1109 = CARTESIAN_POINT ( 'NONE',  ( -4.000000000000014211, 9.009999999999999787, -2.700000000000001066 ) ) ;
#1110 = VECTOR ( 'NONE', #637, 1000.000000000000000 ) ;
#1111 = AXIS2_PLACEMENT_3D ( 'NONE', #1603, #427, #1287 ) ;
#1112 = CIRCLE ( 'NONE', #1142, 2.500000000000000000 ) ;
#1113 = VECTOR ( 'NONE', #1067, 1000.000000000000000 ) ;
#1114 = DIRECTION ( 'NONE',  ( -2.366582715663034716E-30, -1.000000000000000000, -1.051257668248692417E-14 ) ) ;
#1115 = ORIENTED_EDGE ( 'NONE', *, *, #689, .F. ) ;
#1116 = FACE_OUTER_BOUND ( 'NONE', #1118, .T. ) ;
#1117 = VERTEX_POINT ( 'NONE', #38 ) ;
#1118 = EDGE_LOOP ( 'NONE', ( #987, #245, #794, #609 ) ) ;
#1119 = LINE ( 'NONE', #825, #1267 ) ;
#1120 = ADVANCED_FACE ( 'NONE', ( #1818 ), #1663, .T. ) ;
#1121 = FACE_OUTER_BOUND ( 'NONE', #900, .T. ) ;
#1122 = ORIENTED_EDGE ( 'NONE', *, *, #1630, .F. ) ;
#1123 = CARTESIAN_POINT ( 'NONE',  ( 85.16250000000003695, 9.009999999999999787, 103.0218750000000227 ) ) ;
#1124 = DIRECTION ( 'NONE',  ( 0.000000000000000000, 0.000000000000000000, 1.000000000000000000 ) ) ;
#1125 = EDGE_CURVE ( 'NONE', #1624, #293, #1474, .T. ) ;
#1126 = VERTEX_POINT ( 'NONE', #1363 ) ;
#1127 = VERTEX_POINT ( 'NONE', #875 ) ;
#1128 = FACE_OUTER_BOUND ( 'NONE', #880, .T. ) ;
#1129 = EDGE_CURVE ( 'NONE', #1045, #1624, #325, .T. ) ;
#1130 = DIRECTION ( 'NONE',  ( -0.000000000000000000, -1.000000000000000000, 0.000000000000000000 ) ) ;
#1131 = ORIENTED_EDGE ( 'NONE', *, *, #300, .T. ) ;
#1132 = LINE ( 'NONE', #1902, #954 ) ;
#1133 = DIRECTION ( 'NONE',  ( 0.000000000000000000, 0.000000000000000000, -1.000000000000000000 ) ) ;
#1134 = ORIENTED_EDGE ( 'NONE', *, *, #489, .F. ) ;
#1135 = FACE_BOUND ( 'NONE', #1858, .T. ) ;
#1136 = CARTESIAN_POINT ( 'NONE',  ( 85.16250000000002274, 1.510000000000000009, -2.700000000000017497 ) ) ;
#1137 = VECTOR ( 'NONE', #159, 1000.000000000000000 ) ;
#1138 = CARTESIAN_POINT ( 'NONE',  ( -4.000000000000000000, 9.009999999999999787, 103.0218750000000369 ) ) ;
#1139 = CIRCLE ( 'NONE', #93, 1.000000000000000888 ) ;
#1140 = CIRCLE ( 'NONE', #499, 5.000000000000000000 ) ;
#1141 = AXIS2_PLACEMENT_3D ( 'NONE', #136, #1908, #1763 ) ;
#1142 = AXIS2_PLACEMENT_3D ( 'NONE', #18, #461, #1042 ) ;
#1143 = ADVANCED_FACE ( 'NONE', ( #430 ), #1183, .F. ) ;
#1144 = ORIENTED_EDGE ( 'NONE', *, *, #1901, .T. ) ;
#1145 = PLANE ( 'NONE',  #407 ) ;
#1146 = DIRECTION ( 'NONE',  ( -0.000000000000000000, 1.000000000000000000, -0.000000000000000000 ) ) ;
#1147 = VERTEX_POINT ( 'NONE', #1011 ) ;
#1148 = FACE_OUTER_BOUND ( 'NONE', #1316, .T. ) ;
#1149 = DIRECTION ( 'NONE',  ( 0.000000000000000000, -0.000000000000000000, 1.000000000000000000 ) ) ;
#1150 = VERTEX_POINT ( 'NONE', #791 ) ;
#1151 = DIRECTION ( 'NONE',  ( 0.000000000000000000, 1.084202172485498439E-14, -1.000000000000000000 ) ) ;
#1152 = DIRECTION ( 'NONE',  ( -1.000000000000000000, 0.000000000000000000, -1.768830619654569472E-16 ) ) ;
#1153 = EDGE_CURVE ( 'NONE', #434, #1117, #551, .T. ) ;
#1154 = ORIENTED_EDGE ( 'NONE', *, *, #1802, .F. ) ;
#1155 = PLANE ( 'NONE',  #1202 ) ;
#1156 = FACE_OUTER_BOUND ( 'NONE', #170, .T. ) ;
#1157 = ORIENTED_EDGE ( 'NONE', *, *, #1796, .T. ) ;
#1158 =( LENGTH_UNIT ( ) NAMED_UNIT ( * ) SI_UNIT ( .MILLI., .METRE. ) );
#1159 = EDGE_LOOP ( 'NONE', ( #1367, #199, #29, #940 ) ) ;
#1160 = DIRECTION ( 'NONE',  ( 0.000000000000000000, 0.000000000000000000, 1.000000000000000000 ) ) ;
#1161 = DIRECTION ( 'NONE',  ( -7.888609052210116302E-31, -1.000000000000000000, -1.051326443096836774E-14 ) ) ;
#1162 = LINE ( 'NONE', #1021, #739 ) ;
#1163 = ORIENTED_EDGE ( 'NONE', *, *, #15, .F. ) ;
#1164 = CARTESIAN_POINT ( 'NONE',  ( -4.000000000000000000, 9.009999999999999787, 103.0218750000000369 ) ) ;
#1165 = LINE ( 'NONE', #719, #187 ) ;
#1166 = EDGE_CURVE ( 'NONE', #198, #973, #952, .T. ) ;
#1167 = EDGE_LOOP ( 'NONE', ( #1518, #463, #1610, #955 ) ) ;
#1168 = LINE ( 'NONE', #277, #1716 ) ;
#1169 = VECTOR ( 'NONE', #1222, 1000.000000000000000 ) ;
#1170 = AXIS2_PLACEMENT_3D ( 'NONE', #1342, #1803, #457 ) ;
#1171 = ORIENTED_EDGE ( 'NONE', *, *, #163, .T. ) ;
#1172 = CARTESIAN_POINT ( 'NONE',  ( 89.16350000000004172, 10.50999999999947931, 7.312676954599676371 ) ) ;
#1173 = CARTESIAN_POINT ( 'NONE',  ( 50.58124999999999716, 1.510000000000000009, -5.200000000000002842 ) ) ;
#1174 = AXIS2_PLACEMENT_3D ( 'NONE', #152, #12, #738 ) ;
#1175 = VECTOR ( 'NONE', #1831, 1000.000000000000000 ) ;
#1176 = VERTEX_POINT ( 'NONE', #1231 ) ;
#1177 = FACE_OUTER_BOUND ( 'NONE', #1570, .T. ) ;
#1178 = FACE_OUTER_BOUND ( 'NONE', #454, .T. ) ;
#1179 = DIRECTION ( 'NONE',  ( 0.000000000000000000, -1.000000000000000000, -0.000000000000000000 ) ) ;
#1180 = EDGE_CURVE ( 'NONE', #692, #1769, #1864, .T. ) ;
#1181 = SURFACE_STYLE_USAGE ( .BOTH. , #1472 ) ;
#1182 = EDGE_LOOP ( 'NONE', ( #1872, #1087, #1544, #10 ) ) ;
#1183 = CYLINDRICAL_SURFACE ( 'NONE', #733, 1.000000000000000888 ) ;
#1184 = CARTESIAN_POINT ( 'NONE',  ( 30.58124999999999361, 1.510000000000054632, -5.199999999999995737 ) ) ;
#1185 = ORIENTED_EDGE ( 'NONE', *, *, #477, .T. ) ;
#1186 = DIRECTION ( 'NONE',  ( -1.000000000000000000, 1.270569682713621462E-30, -1.208636229622139118E-16 ) ) ;
#1187 = DIRECTION ( 'NONE',  ( 0.000000000000000000, -1.000000000000000000, 0.000000000000000000 ) ) ;
#1188 = ADVANCED_FACE ( 'NONE', ( #1091 ), #1100, .F. ) ;
#1189 = CARTESIAN_POINT ( 'NONE',  ( -3.137575357846710327E-14, 14.00999999999999446, 19.17636048440122565 ) ) ;
#1190 = CARTESIAN_POINT ( 'NONE',  ( 30.08307474683436311, 14.00999999999999446, 4.139805286303723797 ) ) ;
#1191 = ADVANCED_FACE ( 'NONE', ( #213 ), #804, .F. ) ;
#1192 = EDGE_CURVE ( 'NONE', #698, #960, #204, .T. ) ;
#1193 = DIRECTION ( 'NONE',  ( 0.000000000000000000, 0.000000000000000000, 1.000000000000000000 ) ) ;
#1194 = CARTESIAN_POINT ( 'NONE',  ( 89.16250000000002274, 14.01000000000000156, -1.075776460272671336E-14 ) ) ;
#1195 = ORIENTED_EDGE ( 'NONE', *, *, #1254, .T. ) ;
#1196 = FACE_OUTER_BOUND ( 'NONE', #549, .T. ) ;
#1197 = LINE ( 'NONE', #1801, #1113 ) ;
#1198 = VERTEX_POINT ( 'NONE', #1415 ) ;
#1199 = DIRECTION ( 'NONE',  ( 0.000000000000000000, 0.000000000000000000, 1.000000000000000000 ) ) ;
#1200 = DIRECTION ( 'NONE',  ( -1.620576895276338894E-60, 1.051257668248692417E-14, -1.000000000000000000 ) ) ;
#1201 = AXIS2_PLACEMENT_3D ( 'NONE', #1359, #913, #1837 ) ;
#1202 = AXIS2_PLACEMENT_3D ( 'NONE', #1614, #272, #30 ) ;
#1203 = PLANE ( 'NONE',  #1747 ) ;
#1204 = CARTESIAN_POINT ( 'NONE',  ( 30.58124999999999005, 1.509999999998916875, 103.0218750000000085 ) ) ;
#1205 = EDGE_CURVE ( 'NONE', #1338, #1243, #618, .T. ) ;
#1206 = VECTOR ( 'NONE', #907, 1000.000000000000000 ) ;
#1207 = LINE ( 'NONE', #759, #1295 ) ;
#1208 = VERTEX_POINT ( 'NONE', #1216 ) ;
#1209 = CARTESIAN_POINT ( 'NONE',  ( 30.58124999999999361, 1.510000000000029541, -2.799999999999998046 ) ) ;
#1210 = CYLINDRICAL_SURFACE ( 'NONE', #40, 1.000000000000000888 ) ;
#1211 = AXIS2_PLACEMENT_3D ( 'NONE', #936, #1860, #513 ) ;
#1212 = EDGE_LOOP ( 'NONE', ( #357, #85, #1163, #942 ) ) ;
#1213 = DIRECTION ( 'NONE',  ( -1.000000000000000000, 0.000000000000000000, -1.636168323180476768E-15 ) ) ;
#1214 = LINE ( 'NONE', #1534, #1241 ) ;
#1215 = EDGE_CURVE ( 'NONE', #1778, #1037, #56, .T. ) ;
#1216 = CARTESIAN_POINT ( 'NONE',  ( 78.80995752464875181, 14.00999999999999446, 19.17636048440135710 ) ) ;
#1217 = DIRECTION ( 'NONE',  ( 0.000000000000000000, 1.048062100069315168E-14, -1.000000000000000000 ) ) ;
#1218 = ORIENTED_EDGE ( 'NONE', *, *, #86, .F. ) ;
#1219 = EDGE_CURVE ( 'NONE', #1422, #874, #1244, .T. ) ;
#1220 = CARTESIAN_POINT ( 'NONE',  ( 50.58124999999999005, 4.509999999998917097, 103.0218750000000369 ) ) ;
#1221 =( NAMED_UNIT ( * ) SI_UNIT ( $, .STERADIAN. ) SOLID_ANGLE_UNIT ( ) );
#1222 = DIRECTION ( 'NONE',  ( 0.000000000000000000, 0.000000000000000000, 1.000000000000000000 ) ) ;
#1223 = FACE_BOUND ( 'NONE', #1467, .T. ) ;
#1224 = DIRECTION ( 'NONE',  ( -0.000000000000000000, 1.000000000000000000, -0.000000000000000000 ) ) ;
#1225 = FACE_OUTER_BOUND ( 'NONE', #1182, .T. ) ;
#1226 = VERTEX_POINT ( 'NONE', #941 ) ;
#1227 = PLANE ( 'NONE',  #1529 ) ;
#1228 = CYLINDRICAL_SURFACE ( 'NONE', #644, 1.299999999999994715 ) ;
#1229 = CARTESIAN_POINT ( 'NONE',  ( 55.88307474683436027, 14.00999999999999446, 6.139805286303723797 ) ) ;
#1230 = ADVANCED_FACE ( 'NONE', ( #358 ), #1552, .T. ) ;
#1231 = CARTESIAN_POINT ( 'NONE',  ( 1.352542475351284246, 11.50999999999999979, 20.17636048440123275 ) ) ;
#1232 = VECTOR ( 'NONE', #1297, 1000.000000000000000 ) ;
#1233 = ORIENTED_EDGE ( 'NONE', *, *, #1058, .F. ) ;
#1234 = DIRECTION ( 'NONE',  ( -0.000000000000000000, 1.000000000000000000, -0.000000000000000000 ) ) ;
#1235 = VECTOR ( 'NONE', #190, 1000.000000000000000 ) ;
#1236 = VECTOR ( 'NONE', #1841, 1000.000000000000000 ) ;
#1237 = AXIS2_PLACEMENT_3D ( 'NONE', #548, #249, #274 ) ;
#1238 = VECTOR ( 'NONE', #1923, 1000.000000000000000 ) ;
#1239 = LINE ( 'NONE', #1248, #1683 ) ;
#1240 = DIRECTION ( 'NONE',  ( -2.366582715663034716E-30, -1.000000000000000000, -1.051257668248692417E-14 ) ) ;
#1241 = VECTOR ( 'NONE', #195, 1000.000000000000000 ) ;
#1242 = EDGE_LOOP ( 'NONE', ( #603, #88, #1633, #189 ) ) ;
#1243 = VERTEX_POINT ( 'NONE', #1848 ) ;
#1244 = LINE ( 'NONE', #1857, #826 ) ;
#1245 = ORIENTED_EDGE ( 'NONE', *, *, #235, .T. ) ;
#1246 = EDGE_LOOP ( 'NONE', ( #669, #1083, #906, #309 ) ) ;
#1247 = PLANE ( 'NONE',  #1211 ) ;
#1248 = CARTESIAN_POINT ( 'NONE',  ( 1.191179966883727483E-30, 1.510000000000054632, -5.199999999999995737 ) ) ;
#1249 = CARTESIAN_POINT ( 'NONE',  ( 84.16250000000002274, 14.01000000000000156, 102.0218750000000085 ) ) ;
#1250 = EDGE_CURVE ( 'NONE', #37, #512, #582, .T. ) ;
#1251 = ORIENTED_EDGE ( 'NONE', *, *, #1915, .T. ) ;
#1252 = CARTESIAN_POINT ( 'NONE',  ( -4.000000000000000000, 9.009999999999999787, 103.0218750000000369 ) ) ;
#1253 = ORIENTED_EDGE ( 'NONE', *, *, #15, .T. ) ;
#1254 = EDGE_CURVE ( 'NONE', #993, #960, #929, .T. ) ;
#1255 = CARTESIAN_POINT ( 'NONE',  ( 8.290928113872831104E-30, 4.509999999998904663, 104.2218750000000398 ) ) ;
#1256 = ORIENTED_EDGE ( 'NONE', *, *, #83, .F. ) ;
#1257 = FACE_OUTER_BOUND ( 'NONE', #1159, .T. ) ;
#1258 = CYLINDRICAL_SURFACE ( 'NONE', #212, 1.199999999999998845 ) ;
#1259 = ORIENTED_EDGE ( 'NONE', *, *, #927, .T. ) ;
#1260 = LINE ( 'NONE', #958, #1398 ) ;
#1261 = EDGE_CURVE ( 'NONE', #1479, #666, #370, .T. ) ;
#1262 = ORIENTED_EDGE ( 'NONE', *, *, #643, .T. ) ;
#1263 = ORIENTED_EDGE ( 'NONE', *, *, #763, .F. ) ;
#1264 = AXIS2_PLACEMENT_3D ( 'NONE', #1433, #864, #104 ) ;
#1265 = CARTESIAN_POINT ( 'NONE',  ( -2.999999999999991562, 14.01000000000000156, 107.0218750000000227 ) ) ;
#1266 = CIRCLE ( 'NONE', #1428, 1.000000000000000888 ) ;
#1267 = VECTOR ( 'NONE', #1731, 1000.000000000000000 ) ;
#1268 = AXIS2_PLACEMENT_3D ( 'NONE', #1676, #748, #319 ) ;
#1269 = VERTEX_POINT ( 'NONE', #1566 ) ;
#1270 = AXIS2_PLACEMENT_3D ( 'NONE', #1780, #418, #437 ) ;
#1271 = AXIS2_PLACEMENT_3D ( 'NONE', #148, #908, #732 ) ;
#1272 = CARTESIAN_POINT ( 'NONE',  ( 84.16250000000000853, 14.01000000000000156, -8.000000000000000000 ) ) ;
#1273 = EDGE_CURVE ( 'NONE', #196, #779, #1298, .T. ) ;
#1274 = VERTEX_POINT ( 'NONE', #1673 ) ;
#1275 = DIRECTION ( 'NONE',  ( -1.000000000000000000, 1.270569682713621462E-30, -1.208636229622139118E-16 ) ) ;
#1276 = LINE ( 'NONE', #96, #707 ) ;
#1277 = ADVANCED_FACE ( 'NONE', ( #197 ), #1384, .T. ) ;
#1278 = ORIENTED_EDGE ( 'NONE', *, *, #1064, .T. ) ;
#1279 = ORIENTED_EDGE ( 'NONE', *, *, #186, .T. ) ;
#1280 = DIRECTION ( 'NONE',  ( 0.000000000000000000, 1.000000000000000000, 0.000000000000000000 ) ) ;
#1281 = ORIENTED_EDGE ( 'NONE', *, *, #321, .T. ) ;
#1282 = DIRECTION ( 'NONE',  ( 0.000000000000000000, 1.000000000000000000, 0.000000000000000000 ) ) ;
#1283 = ORIENTED_EDGE ( 'NONE', *, *, #713, .T. ) ;
#1284 = DIRECTION ( 'NONE',  ( 0.000000000000000000, -1.000000000000000000, 0.000000000000000000 ) ) ;
#1285 = DIRECTION ( 'NONE',  ( 0.000000000000000000, 0.000000000000000000, 1.000000000000000000 ) ) ;
#1286 = ORIENTED_EDGE ( 'NONE', *, *, #1600, .F. ) ;
#1287 = DIRECTION ( 'NONE',  ( 0.000000000000000000, 0.000000000000000000, 1.000000000000000000 ) ) ;
#1288 = EDGE_LOOP ( 'NONE', ( #1352, #1476, #1874, #1754 ) ) ;
#1289 = EDGE_CURVE ( 'NONE', #750, #1576, #1044, .T. ) ;
#1290 = LINE ( 'NONE', #1735, #1499 ) ;
#1291 = DIRECTION ( 'NONE',  ( 0.000000000000000000, 0.000000000000000000, 1.000000000000000000 ) ) ;
#1292 = FACE_OUTER_BOUND ( 'NONE', #490, .T. ) ;
#1293 = CYLINDRICAL_SURFACE ( 'NONE', #1141, 2.000000000000000000 ) ;
#1294 = ADVANCED_FACE ( 'NONE', ( #1320 ), #1258, .F. ) ;
#1295 = VECTOR ( 'NONE', #259, 1000.000000000000000 ) ;
#1296 = EDGE_LOOP ( 'NONE', ( #296, #1437, #13, #318, #82, #1031, #831, #662 ) ) ;
#1297 = DIRECTION ( 'NONE',  ( 1.000000000000000000, -7.888609052210116302E-31, -8.292960757951936203E-45 ) ) ;
#1298 = CIRCLE ( 'NONE', #921, 2.000000000000000000 ) ;
#1299 = AXIS2_PLACEMENT_3D ( 'NONE', #77, #225, #1095 ) ;
#1300 = EDGE_CURVE ( 'NONE', #1150, #1208, #378, .T. ) ;
#1301 = CIRCLE ( 'NONE', #5, 1.299999999999999156 ) ;
#1302 = TOROIDAL_SURFACE ( 'NONE', #313, 2.500000000000000000, 2.500000000000000000 ) ;
#1303 = CIRCLE ( 'NONE', #1821, 2.500000000000002220 ) ;
#1304 = DIRECTION ( 'NONE',  ( 0.000000000000000000, 0.000000000000000000, 1.000000000000000000 ) ) ;
#1305 = DIRECTION ( 'NONE',  ( 0.000000000000000000, 1.084202172485505538E-14, -1.000000000000000000 ) ) ;
#1306 = ORIENTED_EDGE ( 'NONE', *, *, #1261, .F. ) ;
#1307 = FACE_BOUND ( 'NONE', #539, .T. ) ;
#1308 = CARTESIAN_POINT ( 'NONE',  ( 1.191179966883727483E-30, 1.509999999998929532, 101.8218750000000057 ) ) ;
#1309 = VERTEX_POINT ( 'NONE', #1929 ) ;
#1310 = PLANE ( 'NONE',  #157 ) ;
#1311 = EDGE_CURVE ( 'NONE', #1056, #1883, #440, .T. ) ;
#1312 = VERTEX_POINT ( 'NONE', #577 ) ;
#1313 = CARTESIAN_POINT ( 'NONE',  ( -5.499999999999991118, 14.01000000000000156, 102.0218750000000085 ) ) ;
#1314 = DIRECTION ( 'NONE',  ( 0.000000000000000000, 0.000000000000000000, 1.000000000000000000 ) ) ;
#1315 = EDGE_CURVE ( 'NONE', #372, #690, #1168, .T. ) ;
#1316 = EDGE_LOOP ( 'NONE', ( #102, #1840, #572, #1453, #1694, #1085, #565, #315 ) ) ;
#1317 = CARTESIAN_POINT ( 'NONE',  ( 84.16250000000000853, 11.51000000000000156, -5.500000000000000000 ) ) ;
#1318 = DIRECTION ( 'NONE',  ( 1.000000000000000000, -7.888609052210116302E-31, -8.292960757951934959E-45 ) ) ;
#1319 = ORIENTED_EDGE ( 'NONE', *, *, #520, .T. ) ;
#1320 = FACE_OUTER_BOUND ( 'NONE', #657, .T. ) ;
#1321 = DIRECTION ( 'NONE',  ( 1.000000000000000000, 0.000000000000000000, -1.734723475976805615E-16 ) ) ;
#1322 = CARTESIAN_POINT ( 'NONE',  ( 0.000000000000000000, 11.50999999999999979, 0.000000000000000000 ) ) ;
#1323 = ORIENTED_EDGE ( 'NONE', *, *, #1757, .T. ) ;
#1324 = EDGE_CURVE ( 'NONE', #690, #990, #1907, .T. ) ;
#1325 = CARTESIAN_POINT ( 'NONE',  ( -4.000000000000014211, 9.009999999999999787, -4.000000000000000000 ) ) ;
#1326 = CARTESIAN_POINT ( 'NONE',  ( 30.08307474683436311, 14.00999999999999446, 17.43980528630373428 ) ) ;
#1327 = ORIENTED_EDGE ( 'NONE', *, *, #26, .F. ) ;
#1328 = DIRECTION ( 'NONE',  ( 0.000000000000000000, 0.000000000000000000, 1.000000000000000000 ) ) ;
#1329 = LINE ( 'NONE', #590, #1232 ) ;
#1330 = CIRCLE ( 'NONE', #496, 1.299999999999994715 ) ;
#1331 = AXIS2_PLACEMENT_3D ( 'NONE', #1833, #171, #631 ) ;
#1332 = AXIS2_PLACEMENT_3D ( 'NONE', #1521, #596, #467 ) ;
#1333 = AXIS2_PLACEMENT_3D ( 'NONE', #1220, #919, #780 ) ;
#1334 = EDGE_CURVE ( 'NONE', #1338, #484, #1628, .T. ) ;
#1335 = CARTESIAN_POINT ( 'NONE',  ( -7.999999999999991118, 11.51000000000000156, 107.0218750000000227 ) ) ;
#1336 = LINE ( 'NONE', #191, #801 ) ;
#1337 = CIRCLE ( 'NONE', #1595, 1.200000000000006617 ) ;
#1338 = VERTEX_POINT ( 'NONE', #535 ) ;
#1339 = FACE_OUTER_BOUND ( 'NONE', #1167, .T. ) ;
#1340 = DIRECTION ( 'NONE',  ( 0.000000000000000000, 0.000000000000000000, 1.000000000000000000 ) ) ;
#1341 = EDGE_CURVE ( 'NONE', #1817, #1056, #1813, .T. ) ;
#1342 = CARTESIAN_POINT ( 'NONE',  ( 85.16250000000002274, 9.009999999999999787, -4.000000000000012434 ) ) ;
#1343 = DIRECTION ( 'NONE',  ( -1.206534653326983057E-16, 0.000000000000000000, -1.000000000000000000 ) ) ;
#1344 = ORIENTED_EDGE ( 'NONE', *, *, #1192, .T. ) ;
#1345 = CARTESIAN_POINT ( 'NONE',  ( 84.16250000000002274, 1.510000000000000009, 107.0218750000000227 ) ) ;
#1346 = DIRECTION ( 'NONE',  ( 0.000000000000000000, 0.000000000000000000, 1.000000000000000000 ) ) ;
#1347 = ORIENTED_EDGE ( 'NONE', *, *, #25, .F. ) ;
#1348 = CARTESIAN_POINT ( 'NONE',  ( 85.16250000000003695, 1.510000000000000009, 103.0218750000000227 ) ) ;
#1349 = CYLINDRICAL_SURFACE ( 'NONE', #1170, 1.299999999999994715 ) ;
#1350 = CARTESIAN_POINT ( 'NONE',  ( 85.16250000000003695, 9.009999999999999787, 103.0218750000000227 ) ) ;
#1351 = EDGE_CURVE ( 'NONE', #1208, #1037, #1139, .T. ) ;
#1352 = ORIENTED_EDGE ( 'NONE', *, *, #350, .F. ) ;
#1353 = FACE_OUTER_BOUND ( 'NONE', #1859, .T. ) ;
#1354 = LINE ( 'NONE', #28, #247 ) ;
#1355 = ORIENTED_EDGE ( 'NONE', *, *, #1445, .T. ) ;
#1356 = LINE ( 'NONE', #43, #341 ) ;
#1357 = CARTESIAN_POINT ( 'NONE',  ( 30.08307474683436311, 11.50999999999999979, 17.43980528630373428 ) ) ;
#1358 = LINE ( 'NONE', #1265, #1650 ) ;
#1359 = CARTESIAN_POINT ( 'NONE',  ( 1.352542475351284246, 14.01000000000000156, 0.000000000000000000 ) ) ;
#1360 = EDGE_CURVE ( 'NONE', #257, #650, #184, .T. ) ;
#1361 = MECHANICAL_DESIGN_GEOMETRIC_PRESENTATION_REPRESENTATION (  '', ( #471 ), #795 ) ;
#1362 = AXIS2_PLACEMENT_3D ( 'NONE', #1005, #687, #1448 ) ;
#1363 = CARTESIAN_POINT ( 'NONE',  ( 28.08307474683436311, 14.00999999999999446, 6.139805286303723797 ) ) ;
#1364 = CARTESIAN_POINT ( 'NONE',  ( 8.290928113872831104E-30, 4.509999999998929532, 101.8218750000000341 ) ) ;
#1365 = VECTOR ( 'NONE', #1795, 1000.000000000000000 ) ;
#1366 = AXIS2_PLACEMENT_3D ( 'NONE', #1074, #890, #1501 ) ;
#1367 = ORIENTED_EDGE ( 'NONE', *, *, #1450, .T. ) ;
#1368 = DIRECTION ( 'NONE',  ( 1.206534653326982810E-16, 0.000000000000000000, 1.000000000000000000 ) ) ;
#1369 = AXIS2_PLACEMENT_3D ( 'NONE', #128, #111, #1455 ) ;
#1370 = DIRECTION ( 'NONE',  ( -0.000000000000000000, -1.000000000000000000, 0.000000000000000000 ) ) ;
#1371 = AXIS2_PLACEMENT_3D ( 'NONE', #1447, #546, #1314 ) ;
#1372 = DIRECTION ( 'NONE',  ( 0.000000000000000000, 1.000000000000000000, -0.000000000000000000 ) ) ;
#1373 = DIRECTION ( 'NONE',  ( 0.000000000000000000, 0.000000000000000000, -1.000000000000000000 ) ) ;
#1374 = ORIENTED_EDGE ( 'NONE', *, *, #797, .F. ) ;
#1375 = DIRECTION ( 'NONE',  ( -1.636168323180476768E-15, 0.000000000000000000, 1.000000000000000000 ) ) ;
#1376 = CARTESIAN_POINT ( 'NONE',  ( 84.16250000000000853, 11.51000000000000156, -8.000000000000000000 ) ) ;
#1377 = ORIENTED_EDGE ( 'NONE', *, *, #1900, .T. ) ;
#1378 = CARTESIAN_POINT ( 'NONE',  ( 50.58124999999999716, 1.509999999998929532, 101.8218750000000057 ) ) ;
#1379 = EDGE_CURVE ( 'NONE', #692, #1309, #84, .T. ) ;
#1380 = FACE_OUTER_BOUND ( 'NONE', #1659, .T. ) ;
#1381 = ORIENTED_EDGE ( 'NONE', *, *, #1656, .F. ) ;
#1382 = DIRECTION ( 'NONE',  ( 0.000000000000000000, 0.000000000000000000, 1.000000000000000000 ) ) ;
#1383 = FACE_OUTER_BOUND ( 'NONE', #1242, .T. ) ;
#1384 = PLANE ( 'NONE',  #672 ) ;
#1385 = EDGE_CURVE ( 'NONE', #675, #484, #730, .T. ) ;
#1386 = ORIENTED_EDGE ( 'NONE', *, *, #1900, .F. ) ;
#1387 = DIRECTION ( 'NONE',  ( 0.000000000000000000, 1.000000000000000000, -0.000000000000000000 ) ) ;
#1388 = EDGE_CURVE ( 'NONE', #1641, #1488, #4, .T. ) ;
#1389 = DIRECTION ( 'NONE',  ( 0.000000000000000000, 1.000000000000000000, 0.000000000000000000 ) ) ;
#1390 = ORIENTED_EDGE ( 'NONE', *, *, #1879, .F. ) ;
#1391 = CARTESIAN_POINT ( 'NONE',  ( 79.80995752464875181, 14.01000000000000156, 0.000000000000000000 ) ) ;
#1392 = VERTEX_POINT ( 'NONE', #972 ) ;
#1393 = VECTOR ( 'NONE', #1069, 1000.000000000000000 ) ;
#1394 = AXIS2_PLACEMENT_3D ( 'NONE', #1317, #255, #1477 ) ;
#1395 = ORIENTED_EDGE ( 'NONE', *, *, #377, .F. ) ;
#1396 = CARTESIAN_POINT ( 'NONE',  ( 1.352542475351284246, 6.509999999999477538, 18.31267695459967015 ) ) ;
#1397 = VECTOR ( 'NONE', #1213, 1000.000000000000000 ) ;
#1398 = VECTOR ( 'NONE', #1416, 1000.000000000000000 ) ;
#1399 = CIRCLE ( 'NONE', #1111, 2.000000000000000000 ) ;
#1400 = AXIS2_PLACEMENT_3D ( 'NONE', #282, #705, #1152 ) ;
#1401 = CARTESIAN_POINT ( 'NONE',  ( 30.58124999999999005, 4.509999999998917097, 103.0218750000000369 ) ) ;
#1402 = ADVANCED_FACE ( 'NONE', ( #1871 ), #526, .F. ) ;
#1403 = CIRCLE ( 'NONE', #557, 2.000000000000000000 ) ;
#1404 = EDGE_CURVE ( 'NONE', #1198, #750, #229, .T. ) ;
#1405 = EDGE_LOOP ( 'NONE', ( #659, #1711 ) ) ;
#1406 = CARTESIAN_POINT ( 'NONE',  ( -3.000000000000003997, 11.51000000000000156, -8.000000000000000000 ) ) ;
#1407 = ORIENTED_EDGE ( 'NONE', *, *, #1103, .T. ) ;
#1408 = UNCERTAINTY_MEASURE_WITH_UNIT (LENGTH_MEASURE( 1.000000000000000082E-05 ), #758, 'distance_accuracy_value', 'NONE');
#1409 = ORIENTED_EDGE ( 'NONE', *, *, #105, .F. ) ;
#1410 = LINE ( 'NONE', #505, #244 ) ;
#1411 = ORIENTED_EDGE ( 'NONE', *, *, #1360, .T. ) ;
#1412 = EDGE_LOOP ( 'NONE', ( #379, #947, #560, #527 ) ) ;
#1413 = CARTESIAN_POINT ( 'NONE',  ( -8.000000000000001776, 2.509999999999474429, 7.312676954599663937 ) ) ;
#1414 = EDGE_CURVE ( 'NONE', #698, #928, #236, .T. ) ;
#1415 = CARTESIAN_POINT ( 'NONE',  ( 85.16250000000003695, 9.009999999999999787, 101.7218750000000256 ) ) ;
#1416 = DIRECTION ( 'NONE',  ( 0.000000000000000000, -1.000000000000000000, 0.000000000000000000 ) ) ;
#1417 = CARTESIAN_POINT ( 'NONE',  ( 86.66250000000002274, 14.01000000000000156, -1.045613093939496853E-14 ) ) ;
#1418 = CARTESIAN_POINT ( 'NONE',  ( -8.000000000000005329, 6.509999999999475762, 7.312676954599663048 ) ) ;
#1419 = PRODUCT_RELATED_PRODUCT_CATEGORY ( 'part', '', ( #48 ) ) ;
#1420 = CARTESIAN_POINT ( 'NONE',  ( 1.352542475351284246, 14.01000000000000156, -1.387778780781445676E-14 ) ) ;
#1421 = EDGE_CURVE ( 'NONE', #1309, #80, #673, .T. ) ;
#1422 = VERTEX_POINT ( 'NONE', #1884 ) ;
#1423 = CARTESIAN_POINT ( 'NONE',  ( 1.727605059708226014E-14, 14.01000000000000156, 97.66933252464873760 ) ) ;
#1424 = CARTESIAN_POINT ( 'NONE',  ( 78.80995752464875181, 14.01000000000000156, 97.66933252464872339 ) ) ;
#1425 = EDGE_LOOP ( 'NONE', ( #76, #977, #177, #1530 ) ) ;
#1426 = EDGE_LOOP ( 'NONE', ( #1675, #593, #785, #22 ) ) ;
#1427 = DIRECTION ( 'NONE',  ( -2.366582715663034716E-30, -1.000000000000000000, -1.051257668248692417E-14 ) ) ;
#1428 = AXIS2_PLACEMENT_3D ( 'NONE', #364, #948, #1571 ) ;
#1429 = AXIS2_PLACEMENT_3D ( 'NONE', #743, #1372, #1505 ) ;
#1430 = VECTOR ( 'NONE', #1688, 1000.000000000000000 ) ;
#1431 = ORIENTED_EDGE ( 'NONE', *, *, #1300, .T. ) ;
#1432 = VECTOR ( 'NONE', #169, 1000.000000000000000 ) ;
#1433 = CARTESIAN_POINT ( 'NONE',  ( 84.16250000000000853, 14.01000000000000156, -3.000000000000000000 ) ) ;
#1434 = ORIENTED_EDGE ( 'NONE', *, *, #321, .F. ) ;
#1435 = DIRECTION ( 'NONE',  ( 1.000000000000000000, 0.000000000000000000, -1.206534653326982564E-16 ) ) ;
#1436 = CARTESIAN_POINT ( 'NONE',  ( 89.16350000000004172, 10.50999999999947931, 7.312676954599676371 ) ) ;
#1437 = ORIENTED_EDGE ( 'NONE', *, *, #280, .T. ) ;
#1438 = ADVANCED_FACE ( 'NONE', ( #1121 ), #387, .T. ) ;
#1439 = EDGE_LOOP ( 'NONE', ( #248, #1496, #1662, #106 ) ) ;
#1440 = DIRECTION ( 'NONE',  ( -1.000000000000000000, 1.270569682713621286E-30, -1.208636229622139118E-16 ) ) ;
#1441 = EDGE_LOOP ( 'NONE', ( #473, #250, #456, #253 ) ) ;
#1442 = DIRECTION ( 'NONE',  ( 0.000000000000000000, 0.000000000000000000, 1.000000000000000000 ) ) ;
#1443 = APPLICATION_CONTEXT ( 'automotive_design' ) ;
#1444 = VERTEX_POINT ( 'NONE', #543 ) ;
#1445 = EDGE_CURVE ( 'NONE', #720, #1883, #395, .T. ) ;
#1446 = DIRECTION ( 'NONE',  ( -0.000000000000000000, -1.000000000000000000, -0.000000000000000000 ) ) ;
#1447 = CARTESIAN_POINT ( 'NONE',  ( 53.88307474683436027, 94.77694111853831771, 6.139805286303723797 ) ) ;
#1448 = DIRECTION ( 'NONE',  ( 0.000000000000000000, 0.000000000000000000, -1.000000000000000000 ) ) ;
#1449 = DIRECTION ( 'NONE',  ( 0.000000000000000000, 0.000000000000000000, 1.000000000000000000 ) ) ;
#1450 = EDGE_CURVE ( 'NONE', #998, #1748, #1691, .T. ) ;
#1451 = PLANE ( 'NONE',  #1456 ) ;
#1452 = CARTESIAN_POINT ( 'NONE',  ( 2.313604619342075334E-15, 14.00999999999999446, 17.43980528630373783 ) ) ;
#1453 = ORIENTED_EDGE ( 'NONE', *, *, #1548, .T. ) ;
#1454 = FACE_OUTER_BOUND ( 'NONE', #1426, .T. ) ;
#1455 = DIRECTION ( 'NONE',  ( 0.000000000000000000, 0.000000000000000000, 1.000000000000000000 ) ) ;
#1456 = AXIS2_PLACEMENT_3D ( 'NONE', #1423, #847, #1604 ) ;
#1457 = VECTOR ( 'NONE', #1368, 1000.000000000000000 ) ;
#1458 = ORIENTED_EDGE ( 'NONE', *, *, #1712, .F. ) ;
#1459 = ADVANCED_FACE ( 'NONE', ( #349 ), #1645, .F. ) ;
#1460 = AXIS2_PLACEMENT_3D ( 'NONE', #455, #1657, #901 ) ;
#1461 = AXIS2_PLACEMENT_3D ( 'NONE', #604, #1679, #1199 ) ;
#1462 = ADVANCED_FACE ( 'NONE', ( #310 ), #1228, .F. ) ;
#1463 = VECTOR ( 'NONE', #218, 1000.000000000000000 ) ;
#1464 = PRODUCT_DEFINITION_FORMATION_WITH_SPECIFIED_SOURCE ( 'ANY', '', #48, .NOT_KNOWN. ) ;
#1465 = DIRECTION ( 'NONE',  ( 0.000000000000000000, 1.000000000000000000, 1.051257668248692417E-14 ) ) ;
#1466 = CARTESIAN_POINT ( 'NONE',  ( 53.88307474683436027, 14.00999999999999446, 4.139805286303723797 ) ) ;
#1467 = EDGE_LOOP ( 'NONE', ( #142, #1390, #347, #708, #866 ) ) ;
#1468 = CARTESIAN_POINT ( 'NONE',  ( 2.352542475351284246, 1.510000000000000897, 96.66933252464873760 ) ) ;
#1469 = CARTESIAN_POINT ( 'NONE',  ( -4.000000000000014211, 9.009999999999999787, -4.000000000000000000 ) ) ;
#1470 = VERTEX_POINT ( 'NONE', #772 ) ;
#1471 = DIRECTION ( 'NONE',  ( -0.000000000000000000, 1.000000000000000000, -0.000000000000000000 ) ) ;
#1472 = SURFACE_SIDE_STYLE ('',( #578 ) ) ;
#1473 = EDGE_CURVE ( 'NONE', #1470, #666, #44, .T. ) ;
#1474 = LINE ( 'NONE', #1335, #1206 ) ;
#1475 = DIRECTION ( 'NONE',  ( 0.000000000000000000, 0.000000000000000000, 1.000000000000000000 ) ) ;
#1476 = ORIENTED_EDGE ( 'NONE', *, *, #811, .F. ) ;
#1477 = DIRECTION ( 'NONE',  ( 0.000000000000000000, 0.000000000000000000, 1.000000000000000000 ) ) ;
#1478 = CARTESIAN_POINT ( 'NONE',  ( 55.88307474683436027, 11.50999999999999979, 0.000000000000000000 ) ) ;
#1479 = VERTEX_POINT ( 'NONE', #903 ) ;
#1480 = CARTESIAN_POINT ( 'NONE',  ( 30.58124999999999361, 1.510000000000042197, -4.000000000000004441 ) ) ;
#1481 = DIRECTION ( 'NONE',  ( 0.000000000000000000, 1.000000000000000000, 1.051257668248692417E-14 ) ) ;
#1482 = ADVANCED_FACE ( 'NONE', ( #154 ), #888, .T. ) ;
#1483 = CARTESIAN_POINT ( 'NONE',  ( 84.16250000000002274, 11.51000000000000156, 107.0218750000000227 ) ) ;
#1484 = FACE_OUTER_BOUND ( 'NONE', #1808, .T. ) ;
#1485 = EDGE_CURVE ( 'NONE', #1208, #1147, #912, .T. ) ;
#1486 = ORIENTED_EDGE ( 'NONE', *, *, #1671, .T. ) ;
#1487 = CYLINDRICAL_SURFACE ( 'NONE', #1362, 2.000000000000000000 ) ;
#1488 = VERTEX_POINT ( 'NONE', #1533 ) ;
#1489 = CARTESIAN_POINT ( 'NONE',  ( 50.58124999999999716, 4.509999999998904663, 104.2218750000000398 ) ) ;
#1490 = FACE_OUTER_BOUND ( 'NONE', #1832, .T. ) ;
#1491 = CIRCLE ( 'NONE', #366, 2.500000000000000000 ) ;
#1492 = VECTOR ( 'NONE', #284, 1000.000000000000000 ) ;
#1493 = VECTOR ( 'NONE', #1471, 1000.000000000000000 ) ;
#1494 = AXIS2_PLACEMENT_3D ( 'NONE', #1348, #602, #1642 ) ;
#1495 = CIRCLE ( 'NONE', #645, 1.299999999999999156 ) ;
#1496 = ORIENTED_EDGE ( 'NONE', *, *, #520, .F. ) ;
#1497 = CARTESIAN_POINT ( 'NONE',  ( 84.16250000000002274, 1.510000000000000897, 102.0218750000000085 ) ) ;
#1498 = CARTESIAN_POINT ( 'NONE',  ( -2.999999999999991562, 11.51000000000000156, 102.0218750000000085 ) ) ;
#1499 = VECTOR ( 'NONE', #715, 1000.000000000000000 ) ;
#1500 = ORIENTED_EDGE ( 'NONE', *, *, #377, .T. ) ;
#1501 = DIRECTION ( 'NONE',  ( -1.206534653326983057E-16, 0.000000000000000000, -1.000000000000000000 ) ) ;
#1502 = CARTESIAN_POINT ( 'NONE',  ( 86.66250000000002274, 14.01000000000000156, -3.000000000000000444 ) ) ;
#1503 = EDGE_CURVE ( 'NONE', #1444, #293, #98, .T. ) ;
#1504 = ORIENTED_EDGE ( 'NONE', *, *, #1796, .F. ) ;
#1505 = DIRECTION ( 'NONE',  ( 0.000000000000000000, 0.000000000000000000, 1.000000000000000000 ) ) ;
#1506 = FACE_OUTER_BOUND ( 'NONE', #1868, .T. ) ;
#1507 = DIRECTION ( 'NONE',  ( 0.000000000000000000, 0.000000000000000000, 1.000000000000000000 ) ) ;
#1508 = CARTESIAN_POINT ( 'NONE',  ( 89.16250000000002274, 1.510000000000000009, -3.000000000000000444 ) ) ;
#1509 = ORIENTED_EDGE ( 'NONE', *, *, #845, .T. ) ;
#1510 = PLANE ( 'NONE',  #35 ) ;
#1511 = SHAPE_DEFINITION_REPRESENTATION ( #480, #994 ) ;
#1512 = DIRECTION ( 'NONE',  ( 7.888609052210116302E-31, 1.000000000000000000, 1.051326443096836774E-14 ) ) ;
#1513 = CARTESIAN_POINT ( 'NONE',  ( 0.000000000000000000, 11.51000000000000156, -5.500000000000000000 ) ) ;
#1514 = ADVANCED_FACE ( 'NONE', ( #1059 ), #1068, .T. ) ;
#1515 = VERTEX_POINT ( 'NONE', #1836 ) ;
#1516 = CARTESIAN_POINT ( 'NONE',  ( 1.727605059708226014E-14, 14.01000000000000156, 97.66933252464873760 ) ) ;
#1517 = CARTESIAN_POINT ( 'NONE',  ( 84.16250000000002274, 11.51000000000000156, 102.0218750000000085 ) ) ;
#1518 = ORIENTED_EDGE ( 'NONE', *, *, #1866, .F. ) ;
#1519 = FACE_OUTER_BOUND ( 'NONE', #935, .T. ) ;
#1520 = DIRECTION ( 'NONE',  ( 0.000000000000000000, 0.000000000000000000, 1.000000000000000000 ) ) ;
#1521 = CARTESIAN_POINT ( 'NONE',  ( -2.999999999999991562, 14.01000000000000156, 102.0218750000000085 ) ) ;
#1522 = EDGE_CURVE ( 'NONE', #1515, #720, #404, .T. ) ;
#1523 = ORIENTED_EDGE ( 'NONE', *, *, #1802, .T. ) ;
#1524 = AXIS2_PLACEMENT_3D ( 'NONE', #1072, #47, #509 ) ;
#1525 = AXIS2_PLACEMENT_3D ( 'NONE', #1771, #1017, #710 ) ;
#1526 = DIRECTION ( 'NONE',  ( 0.000000000000000000, -0.000000000000000000, 1.000000000000000000 ) ) ;
#1527 = DIRECTION ( 'NONE',  ( 1.000000000000000000, -7.888609052210116302E-31, -8.292960757951936203E-45 ) ) ;
#1528 = CIRCLE ( 'NONE', #774, 4.000000000000001776 ) ;
#1529 = AXIS2_PLACEMENT_3D ( 'NONE', #151, #20, #931 ) ;
#1530 = ORIENTED_EDGE ( 'NONE', *, *, #633, .T. ) ;
#1531 = FACE_OUTER_BOUND ( 'NONE', #735, .T. ) ;
#1532 = CIRCLE ( 'NONE', #646, 1.000000000000000888 ) ;
#1533 = CARTESIAN_POINT ( 'NONE',  ( 30.58124999999999361, 1.509999999998929532, 101.8218750000000057 ) ) ;
#1534 = CARTESIAN_POINT ( 'NONE',  ( -8.000000000000003553, 1.510000000000000897, -2.999999999999999556 ) ) ;
#1535 = CARTESIAN_POINT ( 'NONE',  ( 53.88307474683436027, 14.00999999999999446, 6.139805286303723797 ) ) ;
#1536 = ADVANCED_FACE ( 'NONE', ( #165 ), #1349, .F. ) ;
#1537 = VERTEX_POINT ( 'NONE', #181 ) ;
#1538 = CARTESIAN_POINT ( 'NONE',  ( -7.999999999999991118, 1.510000000000000009, 102.0218750000000085 ) ) ;
#1539 = CYLINDRICAL_SURFACE ( 'NONE', #981, 1.299999999999999156 ) ;
#1540 = EDGE_CURVE ( 'NONE', #1748, #1729, #625, .T. ) ;
#1541 = ORIENTED_EDGE ( 'NONE', *, *, #683, .F. ) ;
#1542 = ORIENTED_EDGE ( 'NONE', *, *, #778, .F. ) ;
#1543 = DIRECTION ( 'NONE',  ( 0.000000000000000000, 0.000000000000000000, 1.000000000000000000 ) ) ;
#1544 = ORIENTED_EDGE ( 'NONE', *, *, #1180, .F. ) ;
#1545 = ORIENTED_EDGE ( 'NONE', *, *, #1103, .F. ) ;
#1546 = EDGE_CURVE ( 'NONE', #1624, #858, #1910, .T. ) ;
#1547 = DIRECTION ( 'NONE',  ( 0.000000000000000000, 0.000000000000000000, -1.000000000000000000 ) ) ;
#1548 = EDGE_CURVE ( 'NONE', #290, #416, #1047, .T. ) ;
#1549 = EDGE_LOOP ( 'NONE', ( #355, #1377, #1073, #1256 ) ) ;
#1550 = LINE ( 'NONE', #670, #275 ) ;
#1551 = ORIENTED_EDGE ( 'NONE', *, *, #1540, .F. ) ;
#1552 = PLANE ( 'NONE',  #368 ) ;
#1553 = EDGE_LOOP ( 'NONE', ( #367, #1601 ) ) ;
#1554 = CIRCLE ( 'NONE', #124, 1.200000000000006617 ) ;
#1555 = ORIENTED_EDGE ( 'NONE', *, *, #797, .T. ) ;
#1556 = CARTESIAN_POINT ( 'NONE',  ( 1.352542475351284246, 11.50999999999999979, 0.000000000000000000 ) ) ;
#1557 = AXIS2_PLACEMENT_3D ( 'NONE', #776, #813, #1526 ) ;
#1558 = ORIENTED_EDGE ( 'NONE', *, *, #946, .F. ) ;
#1559 = CIRCLE ( 'NONE', #615, 5.000000000000000000 ) ;
#1560 = AXIS2_PLACEMENT_3D ( 'NONE', #1599, #140, #1291 ) ;
#1561 = ORIENTED_EDGE ( 'NONE', *, *, #228, .F. ) ;
#1562 = CARTESIAN_POINT ( 'NONE',  ( -4.000000000000000000, 9.009999999999999787, 104.3218750000000199 ) ) ;
#1563 = EDGE_CURVE ( 'NONE', #1778, #351, #1815, .T. ) ;
#1564 = VECTOR ( 'NONE', #591, 1000.000000000000000 ) ;
#1565 = VERTEX_POINT ( 'NONE', #1660 ) ;
#1566 = CARTESIAN_POINT ( 'NONE',  ( 85.16250000000002274, 1.510000000000000009, -5.300000000000006928 ) ) ;
#1567 = ORIENTED_EDGE ( 'NONE', *, *, #764, .F. ) ;
#1568 = CARTESIAN_POINT ( 'NONE',  ( -2.999999999999991562, 11.51000000000000156, 107.0218750000000227 ) ) ;
#1569 = EDGE_CURVE ( 'NONE', #1470, #1312, #438, .T. ) ;
#1570 = EDGE_LOOP ( 'NONE', ( #504, #493 ) ) ;
#1571 = DIRECTION ( 'NONE',  ( 0.000000000000000000, 0.000000000000000000, 1.000000000000000000 ) ) ;
#1572 = PLANE ( 'NONE',  #469 ) ;
#1573 = ORIENTED_EDGE ( 'NONE', *, *, #1215, .T. ) ;
#1574 = EDGE_CURVE ( 'NONE', #293, #290, #1358, .T. ) ;
#1575 = DIRECTION ( 'NONE',  ( 0.000000000000000000, 0.000000000000000000, 1.000000000000000000 ) ) ;
#1576 = VERTEX_POINT ( 'NONE', #534 ) ;
#1577 = DIRECTION ( 'NONE',  ( 0.000000000000000000, 0.000000000000000000, -1.000000000000000000 ) ) ;
#1578 = CARTESIAN_POINT ( 'NONE',  ( -4.000000000000000000, 9.009999999999999787, 103.0218750000000369 ) ) ;
#1579 = ORIENTED_EDGE ( 'NONE', *, *, #1671, .F. ) ;
#1580 = ORIENTED_EDGE ( 'NONE', *, *, #25, .T. ) ;
#1581 = DIRECTION ( 'NONE',  ( -1.000000000000000000, 1.270569682713621286E-30, -1.208636229622139118E-16 ) ) ;
#1582 = CARTESIAN_POINT ( 'NONE',  ( 89.16250000000002274, 11.51000000000000156, -1.075776460272671336E-14 ) ) ;
#1583 = EDGE_CURVE ( 'NONE', #990, #690, #1301, .T. ) ;
#1584 = APPLICATION_CONTEXT ( 'automotive_design' ) ;
#1585 = EDGE_LOOP ( 'NONE', ( #307, #649, #1541, #1154 ) ) ;
#1586 = CARTESIAN_POINT ( 'NONE',  ( 79.80995752464875181, 11.50999999999999979, 20.17636048440135710 ) ) ;
#1587 = DIRECTION ( 'NONE',  ( 0.000000000000000000, -1.000000000000000000, 0.000000000000000000 ) ) ;
#1588 = AXIS2_PLACEMENT_3D ( 'NONE', #1749, #1000, #547 ) ;
#1589 = ORIENTED_EDGE ( 'NONE', *, *, #700, .T. ) ;
#1590 = LINE ( 'NONE', #757, #1430 ) ;
#1591 = VECTOR ( 'NONE', #1843, 1000.000000000000000 ) ;
#1592 = CYLINDRICAL_SURFACE ( 'NONE', #1237, 5.000000000000000000 ) ;
#1593 = AXIS2_PLACEMENT_3D ( 'NONE', #322, #1512, #761 ) ;
#1594 = CIRCLE ( 'NONE', #893, 1.299999999999994715 ) ;
#1595 = AXIS2_PLACEMENT_3D ( 'NONE', #1204, #619, #1217 ) ;
#1596 = DIRECTION ( 'NONE',  ( 0.000000000000000000, 1.084202172485505538E-14, -1.000000000000000000 ) ) ;
#1597 = VERTEX_POINT ( 'NONE', #59 ) ;
#1598 = CARTESIAN_POINT ( 'NONE',  ( 89.16350000000004172, 10.50999999999947931, 14.31267695459967726 ) ) ;
#1599 = CARTESIAN_POINT ( 'NONE',  ( 89.16350000000004172, 6.509999999999477538, 14.31267695459967726 ) ) ;
#1600 = EDGE_CURVE ( 'NONE', #79, #583, #737, .T. ) ;
#1601 = ORIENTED_EDGE ( 'NONE', *, *, #1250, .T. ) ;
#1602 = CARTESIAN_POINT ( 'NONE',  ( 2.352542475351286022, 11.50999999999999979, 19.17636048440122920 ) ) ;
#1603 = CARTESIAN_POINT ( 'NONE',  ( 53.88307474683436027, 11.50999999999999268, 6.139805286303723797 ) ) ;
#1604 = DIRECTION ( 'NONE',  ( 1.000000000000000000, 0.000000000000000000, -1.768830619654569472E-16 ) ) ;
#1605 = FACE_OUTER_BOUND ( 'NONE', #1734, .T. ) ;
#1606 = VERTEX_POINT ( 'NONE', #818 ) ;
#1607 = FACE_BOUND ( 'NONE', #1761, .T. ) ;
#1608 = DIRECTION ( 'NONE',  ( 0.000000000000000000, 0.000000000000000000, 1.000000000000000000 ) ) ;
#1609 = EDGE_CURVE ( 'NONE', #198, #1730, #1119, .T. ) ;
#1610 = ORIENTED_EDGE ( 'NONE', *, *, #1569, .T. ) ;
#1611 = CARTESIAN_POINT ( 'NONE',  ( 0.000000000000000000, 11.51000000000000156, -8.000000000000000000 ) ) ;
#1612 = CARTESIAN_POINT ( 'NONE',  ( -3.000000000000003997, 11.51000000000000156, -3.000000000000000000 ) ) ;
#1613 = VERTEX_POINT ( 'NONE', #1562 ) ;
#1614 = CARTESIAN_POINT ( 'NONE',  ( 0.000000000000000000, 1.510000000000000009, 0.000000000000000000 ) ) ;
#1615 = LINE ( 'NONE', #871, #436 ) ;
#1616 = CIRCLE ( 'NONE', #158, 1.299999999999995604 ) ;
#1617 = ORIENTED_EDGE ( 'NONE', *, *, #865, .T. ) ;
#1618 = EDGE_CURVE ( 'NONE', #1092, #1842, #1550, .T. ) ;
#1619 = AXIS2_PLACEMENT_3D ( 'NONE', #1480, #589, #881 ) ;
#1620 = AXIS2_PLACEMENT_3D ( 'NONE', #711, #1751, #1626 ) ;
#1621 =( GEOMETRIC_REPRESENTATION_CONTEXT ( 3 ) GLOBAL_UNCERTAINTY_ASSIGNED_CONTEXT ( ( #1408 ) ) GLOBAL_UNIT_ASSIGNED_CONTEXT ( ( #758, #920, #1221 ) ) REPRESENTATION_CONTEXT ( 'NONE', 'WORKASPACE' ) );
#1622 = DIRECTION ( 'NONE',  ( 1.734723475976805615E-16, -0.000000000000000000, 1.000000000000000000 ) ) ;
#1623 = CARTESIAN_POINT ( 'NONE',  ( 85.16250000000002274, 9.009999999999999787, -4.000000000000012434 ) ) ;
#1624 = VERTEX_POINT ( 'NONE', #661 ) ;
#1625 = LINE ( 'NONE', #727, #1492 ) ;
#1626 = DIRECTION ( 'NONE',  ( -1.000000000000000000, 0.000000000000000000, -0.000000000000000000 ) ) ;
#1627 = ORIENTED_EDGE ( 'NONE', *, *, #1082, .T. ) ;
#1628 = LINE ( 'NONE', #138, #1075 ) ;
#1629 = DIRECTION ( 'NONE',  ( 0.000000000000000000, 1.051257668248692417E-14, -1.000000000000000000 ) ) ;
#1630 = EDGE_CURVE ( 'NONE', #484, #692, #1685, .T. ) ;
#1631 = PLANE ( 'NONE',  #709 ) ;
#1632 = DIRECTION ( 'NONE',  ( -1.000000000000000000, 0.000000000000000000, 1.768830619654569225E-16 ) ) ;
#1633 = ORIENTED_EDGE ( 'NONE', *, *, #678, .F. ) ;
#1634 = DIRECTION ( 'NONE',  ( 0.000000000000000000, 0.000000000000000000, 1.000000000000000000 ) ) ;
#1635 = LINE ( 'NONE', #320, #278 ) ;
#1636 = DIRECTION ( 'NONE',  ( -0.000000000000000000, -1.000000000000000000, 0.000000000000000000 ) ) ;
#1637 = ORIENTED_EDGE ( 'NONE', *, *, #412, .T. ) ;
#1638 = FACE_OUTER_BOUND ( 'NONE', #1441, .T. ) ;
#1639 = LINE ( 'NONE', #299, #1432 ) ;
#1640 = ADVANCED_FACE ( 'NONE', ( #1257 ), #1572, .F. ) ;
#1641 = VERTEX_POINT ( 'NONE', #71 ) ;
#1642 = DIRECTION ( 'NONE',  ( 0.000000000000000000, 0.000000000000000000, 1.000000000000000000 ) ) ;
#1643 = DIRECTION ( 'NONE',  ( -5.782411586589324901E-15, 1.048062100069315168E-14, -1.000000000000000000 ) ) ;
#1644 = ORIENTED_EDGE ( 'NONE', *, *, #678, .T. ) ;
#1645 = CYLINDRICAL_SURFACE ( 'NONE', #239, 1.299999999999995604 ) ;
#1646 = DIRECTION ( 'NONE',  ( 0.000000000000000000, -1.000000000000000000, 0.000000000000000000 ) ) ;
#1647 = AXIS2_PLACEMENT_3D ( 'NONE', #1906, #1897, #558 ) ;
#1648 = VECTOR ( 'NONE', #956, 1000.000000000000000 ) ;
#1649 = VECTOR ( 'NONE', #519, 1000.000000000000000 ) ;
#1650 = VECTOR ( 'NONE', #1722, 1000.000000000000000 ) ;
#1651 = CIRCLE ( 'NONE', #1271, 2.000000000000000000 ) ;
#1652 = ORIENTED_EDGE ( 'NONE', *, *, #60, .T. ) ;
#1653 = CARTESIAN_POINT ( 'NONE',  ( 89.16350000000004172, 6.509999999999475762, 7.312676954599675483 ) ) ;
#1654 = CARTESIAN_POINT ( 'NONE',  ( -4.000000000000014211, 1.510000000000000009, -5.299999999999998934 ) ) ;
#1655 = ORIENTED_EDGE ( 'NONE', *, *, #1219, .T. ) ;
#1656 = EDGE_CURVE ( 'NONE', #1537, #650, #642, .T. ) ;
#1657 = DIRECTION ( 'NONE',  ( 0.000000000000000000, 0.000000000000000000, -1.000000000000000000 ) ) ;
#1658 = DIRECTION ( 'NONE',  ( 0.000000000000000000, 0.000000000000000000, 1.000000000000000000 ) ) ;
#1659 = EDGE_LOOP ( 'NONE', ( #75, #869, #360, #1930 ) ) ;
#1660 = CARTESIAN_POINT ( 'NONE',  ( -4.000000000000014211, 9.009999999999999787, -2.700000000000001066 ) ) ;
#1661 = FACE_OUTER_BOUND ( 'NONE', #679, .T. ) ;
#1662 = ORIENTED_EDGE ( 'NONE', *, *, #1741, .F. ) ;
#1663 = CYLINDRICAL_SURFACE ( 'NONE', #399, 2.500000000000002220 ) ;
#1664 = DIRECTION ( 'NONE',  ( 1.000000000000000000, -0.000000000000000000, 0.000000000000000000 ) ) ;
#1665 = ORIENTED_EDGE ( 'NONE', *, *, #1546, .T. ) ;
#1666 = CARTESIAN_POINT ( 'NONE',  ( -8.000000000000003553, 1.510000000000000009, 9.652277226615866427E-16 ) ) ;
#1667 = CARTESIAN_POINT ( 'NONE',  ( 50.58124999999999005, 1.509999999998916875, 103.0218750000000085 ) ) ;
#1668 = ADVANCED_FACE ( 'NONE', ( #507 ), #103, .F. ) ;
#1669 = CARTESIAN_POINT ( 'NONE',  ( 85.16250000000002274, 9.009999999999999787, -4.000000000000012434 ) ) ;
#1670 = CARTESIAN_POINT ( 'NONE',  ( 85.16250000000003695, 1.510000000000000009, 101.7218750000000256 ) ) ;
#1671 = EDGE_CURVE ( 'NONE', #1309, #675, #1559, .T. ) ;
#1672 = ORIENTED_EDGE ( 'NONE', *, *, #343, .F. ) ;
#1673 = CARTESIAN_POINT ( 'NONE',  ( -3.000000000000003997, 14.01000000000000156, -5.500000000000000000 ) ) ;
#1674 = CARTESIAN_POINT ( 'NONE',  ( 0.000000000000000000, 14.01000000000000156, 0.000000000000000000 ) ) ;
#1675 = ORIENTED_EDGE ( 'NONE', *, *, #1503, .F. ) ;
#1676 = CARTESIAN_POINT ( 'NONE',  ( 85.16250000000002274, 9.009999999999999787, -4.000000000000012434 ) ) ;
#1677 = CARTESIAN_POINT ( 'NONE',  ( 1.352542475351284246, 10.50999999999947931, 7.312676954599665713 ) ) ;
#1678 = ORIENTED_EDGE ( 'NONE', *, *, #1775, .T. ) ;
#1679 = DIRECTION ( 'NONE',  ( -0.000000000000000000, -1.000000000000000000, 0.000000000000000000 ) ) ;
#1680 = EDGE_CURVE ( 'NONE', #1392, #1729, #706, .T. ) ;
#1681 = VERTEX_POINT ( 'NONE', #1882 ) ;
#1682 = AXIS2_PLACEMENT_3D ( 'NONE', #517, #346, #491 ) ;
#1683 = VECTOR ( 'NONE', #89, 1000.000000000000000 ) ;
#1684 = CARTESIAN_POINT ( 'NONE',  ( -3.137575357846710327E-14, 94.77694111853831771, 19.17636048440122565 ) ) ;
#1685 = CIRCLE ( 'NONE', #1786, 5.000000000000000000 ) ;
#1686 = AXIS2_PLACEMENT_3D ( 'NONE', #1578, #793, #1124 ) ;
#1687 = ORIENTED_EDGE ( 'NONE', *, *, #1385, .T. ) ;
#1688 = DIRECTION ( 'NONE',  ( 0.000000000000000000, -1.000000000000000000, 0.000000000000000000 ) ) ;
#1689 = CIRCLE ( 'NONE', #6, 1.199999999999998845 ) ;
#1690 = ADVANCED_FACE ( 'NONE', ( #1700 ), #680, .T. ) ;
#1691 = LINE ( 'NONE', #53, #339 ) ;
#1692 =( NAMED_UNIT ( * ) PLANE_ANGLE_UNIT ( ) SI_UNIT ( $, .RADIAN. ) );
#1693 = ADVANCED_FACE ( 'NONE', ( #1128 ), #1539, .F. ) ;
#1694 = ORIENTED_EDGE ( 'NONE', *, *, #150, .F. ) ;
#1695 = DIRECTION ( 'NONE',  ( 0.000000000000000000, 0.000000000000000000, -1.000000000000000000 ) ) ;
#1696 = ORIENTED_EDGE ( 'NONE', *, *, #877, .T. ) ;
#1697 = EDGE_LOOP ( 'NONE', ( #451, #521, #1327, #388 ) ) ;
#1698 = CARTESIAN_POINT ( 'NONE',  ( -2.999999999999991562, 1.510000000000000009, 107.0218750000000227 ) ) ;
#1699 = ORIENTED_EDGE ( 'NONE', *, *, #561, .T. ) ;
#1700 = FACE_OUTER_BOUND ( 'NONE', #1905, .T. ) ;
#1701 = ORIENTED_EDGE ( 'NONE', *, *, #1609, .T. ) ;
#1702 = DIRECTION ( 'NONE',  ( -0.000000000000000000, 1.000000000000000000, -0.000000000000000000 ) ) ;
#1703 = EDGE_LOOP ( 'NONE', ( #655, #617, #42, #838 ) ) ;
#1704 = ORIENTED_EDGE ( 'NONE', *, *, #1522, .F. ) ;
#1705 = CARTESIAN_POINT ( 'NONE',  ( -8.000000000000005329, 2.509999999999474429, 14.31267695459966482 ) ) ;
#1706 = EDGE_CURVE ( 'NONE', #747, #257, #939, .T. ) ;
#1707 = ORIENTED_EDGE ( 'NONE', *, *, #962, .T. ) ;
#1708 = CARTESIAN_POINT ( 'NONE',  ( -4.000000000000014211, 1.510000000000000009, -4.000000000000000000 ) ) ;
#1709 = ORIENTED_EDGE ( 'NONE', *, *, #1311, .F. ) ;
#1710 = CARTESIAN_POINT ( 'NONE',  ( 79.80995752464875181, 11.50999999999999979, 0.000000000000000000 ) ) ;
#1711 = ORIENTED_EDGE ( 'NONE', *, *, #564, .T. ) ;
#1712 = EDGE_CURVE ( 'NONE', #257, #516, #515, .T. ) ;
#1713 = AXIS2_PLACEMENT_3D ( 'NONE', #1002, #684, #1304 ) ;
#1714 = CIRCLE ( 'NONE', #827, 1.000000000000000888 ) ;
#1715 = CARTESIAN_POINT ( 'NONE',  ( 0.000000000000000000, 11.50999999999999979, 4.139805286303723797 ) ) ;
#1716 = VECTOR ( 'NONE', #1784, 1000.000000000000000 ) ;
#1717 = EDGE_CURVE ( 'NONE', #1565, #990, #950, .T. ) ;
#1718 = ORIENTED_EDGE ( 'NONE', *, *, #450, .T. ) ;
#1719 = VECTOR ( 'NONE', #23, 1000.000000000000000 ) ;
#1720 = VECTOR ( 'NONE', #876, 1000.000000000000000 ) ;
#1721 = CARTESIAN_POINT ( 'NONE',  ( 55.88307474683436027, 94.77694111853831771, 0.000000000000000000 ) ) ;
#1722 = DIRECTION ( 'NONE',  ( 0.000000000000000000, -1.000000000000000000, 0.000000000000000000 ) ) ;
#1723 = CIRCLE ( 'NONE', #1016, 1.200000000000006617 ) ;
#1724 = ORIENTED_EDGE ( 'NONE', *, *, #845, .F. ) ;
#1725 = DIRECTION ( 'NONE',  ( 0.000000000000000000, 0.000000000000000000, 1.000000000000000000 ) ) ;
#1726 = ORIENTED_EDGE ( 'NONE', *, *, #1324, .T. ) ;
#1727 = CARTESIAN_POINT ( 'NONE',  ( 2.352542475351284246, 14.01000000000000156, 97.66933252464873760 ) ) ;
#1728 = FACE_OUTER_BOUND ( 'NONE', #959, .T. ) ;
#1729 = VERTEX_POINT ( 'NONE', #1413 ) ;
#1730 = VERTEX_POINT ( 'NONE', #961 ) ;
#1731 = DIRECTION ( 'NONE',  ( -1.206534653326983057E-16, -0.000000000000000000, -1.000000000000000000 ) ) ;
#1732 = ADVANCED_FACE ( 'NONE', ( #1927 ), #728, .F. ) ;
#1733 = DIRECTION ( 'NONE',  ( 0.000000000000000000, -1.000000000000000000, 0.000000000000000000 ) ) ;
#1734 = EDGE_LOOP ( 'NONE', ( #1098, #410, #1500, #742 ) ) ;
#1735 = CARTESIAN_POINT ( 'NONE',  ( 55.88307474683436027, 14.01000000000002288, 15.43980528630373072 ) ) ;
#1736 = CARTESIAN_POINT ( 'NONE',  ( -4.000000000000000000, 9.009999999999999787, 101.7218750000000540 ) ) ;
#1737 = ORIENTED_EDGE ( 'NONE', *, *, #1388, .T. ) ;
#1738 = ORIENTED_EDGE ( 'NONE', *, *, #180, .T. ) ;
#1739 = VERTEX_POINT ( 'NONE', #1136 ) ;
#1740 = DIRECTION ( 'NONE',  ( 0.000000000000000000, 1.084202172485498439E-14, -1.000000000000000000 ) ) ;
#1741 = EDGE_CURVE ( 'NONE', #995, #1226, #1399, .T. ) ;
#1742 = EDGE_CURVE ( 'NONE', #1899, #858, #1013, .T. ) ;
#1743 = DIRECTION ( 'NONE',  ( -0.000000000000000000, 1.000000000000000000, -0.000000000000000000 ) ) ;
#1744 = ORIENTED_EDGE ( 'NONE', *, *, #1360, .F. ) ;
#1745 = LINE ( 'NONE', #1886, #986 ) ;
#1746 = LINE ( 'NONE', #685, #616 ) ;
#1747 = AXIS2_PLACEMENT_3D ( 'NONE', #1776, #281, #886 ) ;
#1748 = VERTEX_POINT ( 'NONE', #1006 ) ;
#1749 = CARTESIAN_POINT ( 'NONE',  ( -2.999999999999991562, 11.51000000000000156, 102.0218750000000085 ) ) ;
#1750 = AXIS2_PLACEMENT_3D ( 'NONE', #1931, #754, #1160 ) ;
#1751 = DIRECTION ( 'NONE',  ( 0.000000000000000000, 0.000000000000000000, -1.000000000000000000 ) ) ;
#1752 = AXIS2_PLACEMENT_3D ( 'NONE', #11, #1186, #1800 ) ;
#1753 = VECTOR ( 'NONE', #1234, 1000.000000000000000 ) ;
#1754 = ORIENTED_EDGE ( 'NONE', *, *, #1205, .F. ) ;
#1755 = CARTESIAN_POINT ( 'NONE',  ( 28.08307474683436311, 11.50999999999999979, 6.139805286303723797 ) ) ;
#1756 = AXIS2_PLACEMENT_3D ( 'NONE', #605, #1200, #1811 ) ;
#1757 = EDGE_CURVE ( 'NONE', #1537, #760, #1165, .T. ) ;
#1758 = CYLINDRICAL_SURFACE ( 'NONE', #1108, 2.500000000000002220 ) ;
#1759 = DIRECTION ( 'NONE',  ( 0.000000000000000000, 1.000000000000000000, -0.000000000000000000 ) ) ;
#1760 = ADVANCED_FACE ( 'NONE', ( #1178 ), #861, .F. ) ;
#1761 = EDGE_LOOP ( 'NONE', ( #1089, #1279 ) ) ;
#1762 = FACE_BOUND ( 'NONE', #966, .T. ) ;
#1763 = DIRECTION ( 'NONE',  ( 0.000000000000000000, 0.000000000000000000, 1.000000000000000000 ) ) ;
#1764 = ORIENTED_EDGE ( 'NONE', *, *, #923, .T. ) ;
#1765 = LINE ( 'NONE', #279, #405 ) ;
#1766 = ORIENTED_EDGE ( 'NONE', *, *, #1404, .F. ) ;
#1767 = DIRECTION ( 'NONE',  ( 1.000000000000000000, 0.000000000000000000, 0.000000000000000000 ) ) ;
#1768 = CARTESIAN_POINT ( 'NONE',  ( 53.88307474683436027, 11.50999999999999979, 17.43980528630373072 ) ) ;
#1769 = VERTEX_POINT ( 'NONE', #844 ) ;
#1770 = ADVANCED_FACE ( 'NONE', ( #1898 ), #1018, .F. ) ;
#1771 = CARTESIAN_POINT ( 'NONE',  ( 8.290928113872831104E-30, 4.509999999999999787, 4.741275933822300744E-14 ) ) ;
#1772 = LINE ( 'NONE', #1478, #1849 ) ;
#1773 = ORIENTED_EDGE ( 'NONE', *, *, #598, .F. ) ;
#1774 = ORIENTED_EDGE ( 'NONE', *, *, #1379, .F. ) ;
#1775 = EDGE_CURVE ( 'NONE', #895, #792, #1528, .T. ) ;
#1776 = CARTESIAN_POINT ( 'NONE',  ( 28.08307474683436311, 94.77694111853831771, 0.000000000000000000 ) ) ;
#1777 = CARTESIAN_POINT ( 'NONE',  ( 85.16250000000002274, 1.510000000000000009, -4.000000000000012434 ) ) ;
#1778 = VERTEX_POINT ( 'NONE', #285 ) ;
#1779 = CARTESIAN_POINT ( 'NONE',  ( 85.16250000000002274, 1.510000000000000009, -4.000000000000012434 ) ) ;
#1780 = CARTESIAN_POINT ( 'NONE',  ( 85.16250000000003695, 9.009999999999999787, 103.0218750000000227 ) ) ;
#1781 = ADVANCED_FACE ( 'NONE', ( #1156 ), #394, .F. ) ;
#1782 = AXIS2_PLACEMENT_3D ( 'NONE', #721, #1130, #1725 ) ;
#1783 = ORIENTED_EDGE ( 'NONE', *, *, #1656, .T. ) ;
#1784 = DIRECTION ( 'NONE',  ( 0.000000000000000000, -1.000000000000000000, 0.000000000000000000 ) ) ;
#1785 = DIRECTION ( 'NONE',  ( -1.000000000000000000, -0.000000000000000000, -0.000000000000000000 ) ) ;
#1786 = AXIS2_PLACEMENT_3D ( 'NONE', #523, #809, #376 ) ;
#1787 = AXIS2_PLACEMENT_3D ( 'NONE', #1809, #1057, #464 ) ;
#1788 = AXIS2_PLACEMENT_3D ( 'NONE', #1612, #1759, #242 ) ;
#1789 = DIRECTION ( 'NONE',  ( -1.000000000000000000, 1.270569682713621462E-30, 0.000000000000000000 ) ) ;
#1790 = LINE ( 'NONE', #1452, #1014 ) ;
#1791 = VERTEX_POINT ( 'NONE', #978 ) ;
#1792 = DIRECTION ( 'NONE',  ( 0.000000000000000000, 1.000000000000000000, 0.000000000000000000 ) ) ;
#1793 = DIRECTION ( 'NONE',  ( 0.000000000000000000, 1.000000000000000000, 0.000000000000000000 ) ) ;
#1794 = ORIENTED_EDGE ( 'NONE', *, *, #50, .F. ) ;
#1795 = DIRECTION ( 'NONE',  ( 0.000000000000000000, -1.000000000000000000, 0.000000000000000000 ) ) ;
#1796 = EDGE_CURVE ( 'NONE', #995, #1117, #1772, .T. ) ;
#1797 = CARTESIAN_POINT ( 'NONE',  ( 1.352542475351284246, 14.01000000000000156, 96.66933252464873760 ) ) ;
#1798 = FACE_OUTER_BOUND ( 'NONE', #1829, .T. ) ;
#1799 = ORIENTED_EDGE ( 'NONE', *, *, #740, .F. ) ;
#1800 = DIRECTION ( 'NONE',  ( 0.000000000000000000, 0.000000000000000000, 1.000000000000000000 ) ) ;
#1801 = CARTESIAN_POINT ( 'NONE',  ( -4.000000000000000000, 9.009999999999999787, 104.3218750000000199 ) ) ;
#1802 = EDGE_CURVE ( 'NONE', #416, #198, #1615, .T. ) ;
#1803 = DIRECTION ( 'NONE',  ( 0.000000000000000000, -1.000000000000000000, 0.000000000000000000 ) ) ;
#1804 = LINE ( 'NONE', #1053, #1873 ) ;
#1805 = ORIENTED_EDGE ( 'NONE', *, *, #428, .F. ) ;
#1806 = CARTESIAN_POINT ( 'NONE',  ( 79.80995752464875181, 14.01000000000000156, 20.17636048440135710 ) ) ;
#1807 = DIRECTION ( 'NONE',  ( -1.206534653326983057E-16, 0.000000000000000000, -1.000000000000000000 ) ) ;
#1808 = EDGE_LOOP ( 'NONE', ( #354, #1278, #822, #1580, #1567, #686, #286, #1644 ) ) ;
#1809 = CARTESIAN_POINT ( 'NONE',  ( 2.352542475351284246, 14.01000000000000156, 96.66933252464873760 ) ) ;
#1810 = DIRECTION ( 'NONE',  ( -0.000000000000000000, -1.000000000000000000, 0.000000000000000000 ) ) ;
#1811 = DIRECTION ( 'NONE',  ( 0.000000000000000000, 1.000000000000000000, 1.051257668248692417E-14 ) ) ;
#1812 = VECTOR ( 'NONE', #855, 1000.000000000000000 ) ;
#1813 = CIRCLE ( 'NONE', #1782, 2.000000000000000000 ) ;
#1814 = AXIS2_PLACEMENT_3D ( 'NONE', #1875, #1387, #207 ) ;
#1815 = CIRCLE ( 'NONE', #215, 1.000000000000000888 ) ;
#1816 = CIRCLE ( 'NONE', #1788, 5.000000000000000000 ) ;
#1817 = VERTEX_POINT ( 'NONE', #1326 ) ;
#1818 = FACE_OUTER_BOUND ( 'NONE', #421, .T. ) ;
#1819 = DIRECTION ( 'NONE',  ( 0.000000000000000000, 1.000000000000000000, -0.000000000000000000 ) ) ;
#1820 = ADVANCED_FACE ( 'NONE', ( #559 ), #1592, .T. ) ;
#1821 = AXIS2_PLACEMENT_3D ( 'NONE', #7, #1622, #1321 ) ;
#1822 = ORIENTED_EDGE ( 'NONE', *, *, #424, .T. ) ;
#1823 = FACE_OUTER_BOUND ( 'NONE', #568, .T. ) ;
#1824 = EDGE_CURVE ( 'NONE', #790, #1515, #256, .T. ) ;
#1825 = CARTESIAN_POINT ( 'NONE',  ( 86.66250000000003695, 14.01000000000000156, 102.0218750000000085 ) ) ;
#1826 = EDGE_LOOP ( 'NONE', ( #1434, #1034, #1764, #1007, #1407, #969, #522, #918 ) ) ;
#1827 = DIRECTION ( 'NONE',  ( 0.000000000000000000, 1.000000000000000000, -0.000000000000000000 ) ) ;
#1828 = DIRECTION ( 'NONE',  ( 0.000000000000000000, 0.000000000000000000, -1.000000000000000000 ) ) ;
#1829 = EDGE_LOOP ( 'NONE', ( #429, #110, #391, #1262 ) ) ;
#1830 = CARTESIAN_POINT ( 'NONE',  ( 1.191179966883727483E-30, 1.509999999998904441, 104.2218750000000114 ) ) ;
#1831 = DIRECTION ( 'NONE',  ( 0.000000000000000000, -1.000000000000000000, 0.000000000000000000 ) ) ;
#1832 = EDGE_LOOP ( 'NONE', ( #1386, #1283, #192, #130 ) ) ;
#1833 = CARTESIAN_POINT ( 'NONE',  ( -4.000000000000000000, 1.510000000000000009, 103.0218750000000369 ) ) ;
#1834 = CARTESIAN_POINT ( 'NONE',  ( 50.58124999999999716, 4.510000000000029985, -2.799999999999966516 ) ) ;
#1835 = EDGE_CURVE ( 'NONE', #372, #1565, #1495, .T. ) ;
#1836 = CARTESIAN_POINT ( 'NONE',  ( 30.08307474683436311, 11.50999999999999979, 4.139805286303723797 ) ) ;
#1837 = DIRECTION ( 'NONE',  ( 0.000000000000000000, 0.000000000000000000, 1.000000000000000000 ) ) ;
#1838 = DIRECTION ( 'NONE',  ( 0.000000000000000000, -1.000000000000000000, 0.000000000000000000 ) ) ;
#1839 = ADVANCED_FACE ( 'NONE', ( #697 ), #1293, .F. ) ;
#1840 = ORIENTED_EDGE ( 'NONE', *, *, #1058, .T. ) ;
#1841 = DIRECTION ( 'NONE',  ( -2.366582715663034716E-30, -1.000000000000000000, -1.051257668248692417E-14 ) ) ;
#1842 = VERTEX_POINT ( 'NONE', #263 ) ;
#1843 = DIRECTION ( 'NONE',  ( -2.366582715663034716E-30, -1.000000000000000000, -1.051257668248692417E-14 ) ) ;
#1844 = CARTESIAN_POINT ( 'NONE',  ( 86.66250000000003695, 11.51000000000000156, 102.0218750000000085 ) ) ;
#1845 = EDGE_CURVE ( 'NONE', #1488, #240, #851, .T. ) ;
#1846 = EDGE_LOOP ( 'NONE', ( #1099, #1805, #1105, #283 ) ) ;
#1847 = VECTOR ( 'NONE', #628, 1000.000000000000000 ) ;
#1848 = CARTESIAN_POINT ( 'NONE',  ( -3.000000000000003997, 11.51000000000000156, -8.000000000000000000 ) ) ;
#1849 = VECTOR ( 'NONE', #1608, 1000.000000000000000 ) ;
#1850 = CIRCLE ( 'NONE', #36, 1.299999999999981615 ) ;
#1851 = ORIENTED_EDGE ( 'NONE', *, *, #1717, .F. ) ;
#1852 = CARTESIAN_POINT ( 'NONE',  ( 1.352542475351284246, 14.01000000000000156, 20.17636048440123275 ) ) ;
#1853 = VERTEX_POINT ( 'NONE', #1357 ) ;
#1854 = DIRECTION ( 'NONE',  ( 0.000000000000000000, 0.000000000000000000, 1.000000000000000000 ) ) ;
#1855 = ADVANCED_FACE ( 'NONE', ( #632 ), #329, .T. ) ;
#1856 = ORIENTED_EDGE ( 'NONE', *, *, #1924, .F. ) ;
#1857 = CARTESIAN_POINT ( 'NONE',  ( 2.352542475351284246, 14.01000000000000156, 97.66933252464873760 ) ) ;
#1858 = EDGE_LOOP ( 'NONE', ( #1558, #1921, #536, #1253, #419, #1395 ) ) ;
#1859 = EDGE_LOOP ( 'NONE', ( #765, #1185, #810, #1551 ) ) ;
#1860 = DIRECTION ( 'NONE',  ( 1.326622964740927289E-16, -0.000000000000000000, 1.000000000000000000 ) ) ;
#1861 = PLANE ( 'NONE',  #306 ) ;
#1862 = DIRECTION ( 'NONE',  ( 0.000000000000000000, 0.000000000000000000, 1.000000000000000000 ) ) ;
#1863 = ORIENTED_EDGE ( 'NONE', *, *, #1315, .F. ) ;
#1864 = LINE ( 'NONE', #916, #1110 ) ;
#1865 = PRODUCT_DEFINITION_CONTEXT ( 'detailed design', #1443, 'design' ) ;
#1866 = EDGE_CURVE ( 'NONE', #666, #240, #1723, .T. ) ;
#1867 = DIRECTION ( 'NONE',  ( 1.000000000000000000, -7.888609052210116302E-31, -8.292960757951934959E-45 ) ) ;
#1868 = EDGE_LOOP ( 'NONE', ( #1458, #695, #1065, #1738 ) ) ;
#1869 = ORIENTED_EDGE ( 'NONE', *, *, #1205, .T. ) ;
#1870 = CARTESIAN_POINT ( 'NONE',  ( 30.58124999999999361, 4.510000000000029985, -2.799999999999966516 ) ) ;
#1871 = FACE_OUTER_BOUND ( 'NONE', #1697, .T. ) ;
#1872 = ORIENTED_EDGE ( 'NONE', *, *, #1421, .T. ) ;
#1873 = VECTOR ( 'NONE', #635, 1000.000000000000000 ) ;
#1874 = ORIENTED_EDGE ( 'NONE', *, *, #500, .F. ) ;
#1875 = CARTESIAN_POINT ( 'NONE',  ( 84.16250000000000853, 11.51000000000000156, -3.000000000000000000 ) ) ;
#1876 = VECTOR ( 'NONE', #1733, 1000.000000000000000 ) ;
#1877 = VERTEX_POINT ( 'NONE', #1834 ) ;
#1878 = AXIS2_PLACEMENT_3D ( 'NONE', #688, #1935, #1149 ) ;
#1879 = EDGE_CURVE ( 'NONE', #1748, #1928, #985, .T. ) ;
#1880 = CIRCLE ( 'NONE', #101, 2.500000000000000444 ) ;
#1881 = DIRECTION ( 'NONE',  ( -1.206534653326983057E-16, -0.000000000000000000, -1.000000000000000000 ) ) ;
#1882 = CARTESIAN_POINT ( 'NONE',  ( 85.16250000000002274, 9.009999999999999787, -2.700000000000017497 ) ) ;
#1883 = VERTEX_POINT ( 'NONE', #1049 ) ;
#1884 = CARTESIAN_POINT ( 'NONE',  ( 2.352542475351284246, 1.510000000000000009, 97.66933252464873760 ) ) ;
#1885 = ORIENTED_EDGE ( 'NONE', *, *, #1473, .T. ) ;
#1886 = CARTESIAN_POINT ( 'NONE',  ( 0.000000000000000000, 14.00999999999999446, 4.139805286303723797 ) ) ;
#1887 = CARTESIAN_POINT ( 'NONE',  ( 1.352542475351284246, 1.510000000000000897, 96.66933252464873760 ) ) ;
#1888 = ORIENTED_EDGE ( 'NONE', *, *, #699, .T. ) ;
#1889 = VERTEX_POINT ( 'NONE', #1502 ) ;
#1890 = CARTESIAN_POINT ( 'NONE',  ( 84.16250000000000853, 11.51000000000000156, -3.000000000000000000 ) ) ;
#1891 = EDGE_CURVE ( 'NONE', #1842, #1147, #859, .T. ) ;
#1892 = CARTESIAN_POINT ( 'NONE',  ( 28.08307474683436311, 94.77694111853831771, 15.43980528630373250 ) ) ;
#1893 = ORIENTED_EDGE ( 'NONE', *, *, #1421, .F. ) ;
#1894 = DIRECTION ( 'NONE',  ( 0.000000000000000000, 1.000000000000000000, -0.000000000000000000 ) ) ;
#1895 = CARTESIAN_POINT ( 'NONE',  ( 84.16250000000000853, 1.510000000000000009, -8.000000000000000000 ) ) ;
#1896 = ADVANCED_FACE ( 'NONE', ( #1380 ), #1210, .F. ) ;
#1897 = DIRECTION ( 'NONE',  ( 0.000000000000000000, -1.000000000000000000, 0.000000000000000000 ) ) ;
#1898 = FACE_OUTER_BOUND ( 'NONE', #19, .T. ) ;
#1899 = VERTEX_POINT ( 'NONE', #1825 ) ;
#1900 = EDGE_CURVE ( 'NONE', #1613, #37, #1197, .T. ) ;
#1901 = EDGE_CURVE ( 'NONE', #345, #998, #1080, .T. ) ;
#1902 = CARTESIAN_POINT ( 'NONE',  ( 89.16350000000004172, 6.509999999999477538, 18.31267695459968081 ) ) ;
#1903 = CARTESIAN_POINT ( 'NONE',  ( -4.000000000000000000, 1.510000000000000009, 101.7218750000000540 ) ) ;
#1904 = CIRCLE ( 'NONE', #949, 2.500000000000002220 ) ;
#1905 = EDGE_LOOP ( 'NONE', ( #1233, #3, #265, #808 ) ) ;
#1906 = CARTESIAN_POINT ( 'NONE',  ( 85.16250000000003695, 9.009999999999999787, 103.0218750000000227 ) ) ;
#1907 = CIRCLE ( 'NONE', #273, 1.299999999999999156 ) ;
#1908 = DIRECTION ( 'NONE',  ( -0.000000000000000000, 1.000000000000000000, 0.000000000000000000 ) ) ;
#1909 = TOROIDAL_SURFACE ( 'NONE', #1814, 2.500000000000000000, 2.500000000000000000 ) ;
#1910 = CIRCLE ( 'NONE', #529, 2.500000000000002220 ) ;
#1911 = VECTOR ( 'NONE', #58, 1000.000000000000000 ) ;
#1912 = ORIENTED_EDGE ( 'NONE', *, *, #398, .F. ) ;
#1913 = AXIS2_PLACEMENT_3D ( 'NONE', #595, #611, #1658 ) ;
#1914 = VECTOR ( 'NONE', #474, 1000.000000000000000 ) ;
#1915 = EDGE_CURVE ( 'NONE', #779, #995, #1635, .T. ) ;
#1916 = CARTESIAN_POINT ( 'NONE',  ( 78.80995752464875181, 1.510000000000000009, 97.66933252464872339 ) ) ;
#1917 = DIRECTION ( 'NONE',  ( 0.000000000000000000, 1.000000000000000000, 0.000000000000000000 ) ) ;
#1918 = ORIENTED_EDGE ( 'NONE', *, *, #50, .T. ) ;
#1919 = FACE_BOUND ( 'NONE', #1703, .T. ) ;
#1920 = DIRECTION ( 'NONE',  ( 0.000000000000000000, 0.000000000000000000, 1.000000000000000000 ) ) ;
#1921 = ORIENTED_EDGE ( 'NONE', *, *, #26, .T. ) ;
#1922 = FACE_OUTER_BOUND ( 'NONE', #217, .T. ) ;
#1923 = DIRECTION ( 'NONE',  ( -1.000000000000000000, 1.270569682713621462E-30, -1.208636229622139118E-16 ) ) ;
#1924 = EDGE_CURVE ( 'NONE', #518, #516, #342, .T. ) ;
#1925 = ORIENTED_EDGE ( 'NONE', *, *, #1064, .F. ) ;
#1926 = LINE ( 'NONE', #417, #183 ) ;
#1927 = FACE_OUTER_BOUND ( 'NONE', #1846, .T. ) ;
#1928 = VERTEX_POINT ( 'NONE', #1677 ) ;
#1929 = CARTESIAN_POINT ( 'NONE',  ( 89.16250000000002274, 11.51000000000000156, -3.000000000000000444 ) ) ;
#1930 = ORIENTED_EDGE ( 'NONE', *, *, #865, .F. ) ;
#1931 = CARTESIAN_POINT ( 'NONE',  ( 2.352542475351284246, 11.50999999999999268, 20.17636048440123275 ) ) ;
#1932 = LINE ( 'NONE', #108, #188 ) ;
#1933 = ORIENTED_EDGE ( 'NONE', *, *, #462, .F. ) ;
#1934 = DIRECTION ( 'NONE',  ( 0.000000000000000000, 1.000000000000000000, -0.000000000000000000 ) ) ;
#1935 = DIRECTION ( 'NONE',  ( 0.000000000000000000, 1.000000000000000000, 0.000000000000000000 ) ) ;
#1936 = AXIS2_PLACEMENT_3D ( 'NONE', #1325, #574, #126 ) ;
ENDSEC;
END-ISO-10303-21;
